"",BBEX3.D.SKK.EUR.BB.AC.000,BBEX3.D.SKK.EUR.BB.AC.000_FLAGS
"",Euro foreign exchange reference rate of the ECB / EUR 1 = SKK ... / Slovakia / up to the end of December 2008,
Comment (in english),"Up to September 2000, ECB indicative rates. From October 2000 daily euro foreign exchange reference rates of the ECB, which were calculated on the basis of the concertation between central banks at 14.15. Slovakia joined the euro area on 1 January 2009; irrevocable euro conversion rate: EUR 1 = SKK 30.1260.",
Decimals,3,
Source (in english),European Central Bank (ECB).,
Time format code,P1D,
category,WEDE,
unit,SKK,
unit multiplier,One,
last update,2023-09-20 14:33:32,
1999-01-01,.,No value available
1999-01-02,.,No value available
1999-01-03,.,No value available
1999-01-04,42.991,
1999-01-05,42.848,
1999-01-06,42.778,
1999-01-07,42.765,
1999-01-08,42.560,
1999-01-09,.,No value available
1999-01-10,.,No value available
1999-01-11,42.509,
1999-01-12,42.490,
1999-01-13,42.794,
1999-01-14,42.757,
1999-01-15,42.738,
1999-01-16,.,No value available
1999-01-17,.,No value available
1999-01-18,42.720,
1999-01-19,42.737,
1999-01-20,42.667,
1999-01-21,42.827,
1999-01-22,42.906,
1999-01-23,.,No value available
1999-01-24,.,No value available
1999-01-25,42.943,
1999-01-26,42.935,
1999-01-27,42.893,
1999-01-28,42.713,
1999-01-29,42.726,
1999-01-30,.,No value available
1999-01-31,.,No value available
1999-02-01,42.883,
1999-02-02,42.704,
1999-02-03,42.469,
1999-02-04,42.419,
1999-02-05,42.458,
1999-02-06,.,No value available
1999-02-07,.,No value available
1999-02-08,42.557,
1999-02-09,42.690,
1999-02-10,42.707,
1999-02-11,42.826,
1999-02-12,42.997,
1999-02-13,.,No value available
1999-02-14,.,No value available
1999-02-15,42.931,
1999-02-16,42.946,
1999-02-17,42.964,
1999-02-18,43.073,
1999-02-19,43.626,
1999-02-20,.,No value available
1999-02-21,.,No value available
1999-02-22,43.888,
1999-02-23,43.846,
1999-02-24,43.960,
1999-02-25,43.920,
1999-02-26,43.958,
1999-02-27,.,No value available
1999-02-28,.,No value available
1999-03-01,43.843,
1999-03-02,43.728,
1999-03-03,43.646,
1999-03-04,43.570,
1999-03-05,43.874,
1999-03-06,.,No value available
1999-03-07,.,No value available
1999-03-08,43.940,
1999-03-09,44.554,
1999-03-10,44.380,
1999-03-11,44.470,
1999-03-12,44.854,
1999-03-13,.,No value available
1999-03-14,.,No value available
1999-03-15,44.658,
1999-03-16,44.250,
1999-03-17,44.546,
1999-03-18,44.648,
1999-03-19,44.620,
1999-03-20,.,No value available
1999-03-21,.,No value available
1999-03-22,44.702,
1999-03-23,44.700,
1999-03-24,44.704,
1999-03-25,44.714,
1999-03-26,44.752,
1999-03-27,.,No value available
1999-03-28,.,No value available
1999-03-29,44.979,
1999-03-30,44.900,
1999-03-31,44.962,
1999-04-01,44.991,
1999-04-02,44.982,
1999-04-03,.,No value available
1999-04-04,.,No value available
1999-04-05,44.983,
1999-04-06,44.894,
1999-04-07,44.918,
1999-04-08,44.788,
1999-04-09,44.745,
1999-04-10,.,No value available
1999-04-11,.,No value available
1999-04-12,44.901,
1999-04-13,44.852,
1999-04-14,44.892,
1999-04-15,44.878,
1999-04-16,44.910,
1999-04-17,.,No value available
1999-04-18,.,No value available
1999-04-19,45.003,
1999-04-20,45.003,
1999-04-21,44.921,
1999-04-22,45.030,
1999-04-23,44.914,
1999-04-24,.,No value available
1999-04-25,.,No value available
1999-04-26,44.799,
1999-04-27,44.818,
1999-04-28,44.927,
1999-04-29,44.964,
1999-04-30,44.951,
1999-05-01,.,No value available
1999-05-02,.,No value available
1999-05-03,44.896,
1999-05-04,45.020,
1999-05-05,44.950,
1999-05-06,44.922,
1999-05-07,45.050,
1999-05-08,.,No value available
1999-05-09,.,No value available
1999-05-10,45.156,
1999-05-11,45.193,
1999-05-12,45.481,
1999-05-13,45.444,
1999-05-14,45.686,
1999-05-15,.,No value available
1999-05-16,.,No value available
1999-05-17,46.196,
1999-05-18,46.823,
1999-05-19,47.484,
1999-05-20,47.036,
1999-05-21,46.953,
1999-05-22,.,No value available
1999-05-23,.,No value available
1999-05-24,46.805,
1999-05-25,46.654,
1999-05-26,46.448,
1999-05-27,46.468,
1999-05-28,45.707,
1999-05-29,.,No value available
1999-05-30,.,No value available
1999-05-31,45.500,
1999-06-01,45.178,
1999-06-02,45.405,
1999-06-03,45.553,
1999-06-04,45.696,
1999-06-05,.,No value available
1999-06-06,.,No value available
1999-06-07,45.786,
1999-06-08,45.557,
1999-06-09,45.596,
1999-06-10,45.804,
1999-06-11,45.696,
1999-06-12,.,No value available
1999-06-13,.,No value available
1999-06-14,45.652,
1999-06-15,45.446,
1999-06-16,45.147,
1999-06-17,45.400,
1999-06-18,45.441,
1999-06-19,.,No value available
1999-06-20,.,No value available
1999-06-21,45.477,
1999-06-22,45.400,
1999-06-23,45.293,
1999-06-24,45.300,
1999-06-25,45.454,
1999-06-26,.,No value available
1999-06-27,.,No value available
1999-06-28,45.458,
1999-06-29,45.361,
1999-06-30,45.327,
1999-07-01,45.109,
1999-07-02,45.184,
1999-07-03,.,No value available
1999-07-04,.,No value available
1999-07-05,45.169,
1999-07-06,45.134,
1999-07-07,45.135,
1999-07-08,45.384,
1999-07-09,45.233,
1999-07-10,.,No value available
1999-07-11,.,No value available
1999-07-12,45.147,
1999-07-13,45.215,
1999-07-14,45.215,
1999-07-15,44.951,
1999-07-16,45.009,
1999-07-17,.,No value available
1999-07-18,.,No value available
1999-07-19,44.975,
1999-07-20,45.054,
1999-07-21,45.092,
1999-07-22,45.020,
1999-07-23,44.726,
1999-07-24,.,No value available
1999-07-25,.,No value available
1999-07-26,44.749,
1999-07-27,44.722,
1999-07-28,44.646,
1999-07-29,44.772,
1999-07-30,44.717,
1999-07-31,.,No value available
1999-08-01,.,No value available
1999-08-02,44.852,
1999-08-03,44.685,
1999-08-04,44.693,
1999-08-05,44.662,
1999-08-06,44.670,
1999-08-07,.,No value available
1999-08-08,.,No value available
1999-08-09,44.748,
1999-08-10,44.758,
1999-08-11,44.759,
1999-08-12,44.754,
1999-08-13,44.826,
1999-08-14,.,No value available
1999-08-15,.,No value available
1999-08-16,44.744,
1999-08-17,44.590,
1999-08-18,44.512,
1999-08-19,44.580,
1999-08-20,44.580,
1999-08-21,.,No value available
1999-08-22,.,No value available
1999-08-23,44.599,
1999-08-24,44.475,
1999-08-25,44.432,
1999-08-26,44.244,
1999-08-27,44.195,
1999-08-28,.,No value available
1999-08-29,.,No value available
1999-08-30,44.194,
1999-08-31,43.976,
1999-09-01,43.998,
1999-09-02,44.004,
1999-09-03,43.916,
1999-09-04,.,No value available
1999-09-05,.,No value available
1999-09-06,43.850,
1999-09-07,43.876,
1999-09-08,44.117,
1999-09-09,43.971,
1999-09-10,43.903,
1999-09-11,.,No value available
1999-09-12,.,No value available
1999-09-13,43.911,
1999-09-14,43.974,
1999-09-15,43.952,
1999-09-16,43.948,
1999-09-17,43.789,
1999-09-18,.,No value available
1999-09-19,.,No value available
1999-09-20,43.776,
1999-09-21,43.649,
1999-09-22,43.570,
1999-09-23,43.503,
1999-09-24,43.238,
1999-09-25,.,No value available
1999-09-26,.,No value available
1999-09-27,43.188,
1999-09-28,43.312,
1999-09-29,43.304,
1999-09-30,43.256,
1999-10-01,43.362,
1999-10-02,.,No value available
1999-10-03,.,No value available
1999-10-04,43.362,
1999-10-05,43.422,
1999-10-06,43.352,
1999-10-07,43.371,
1999-10-08,43.458,
1999-10-09,.,No value available
1999-10-10,.,No value available
1999-10-11,43.462,
1999-10-12,43.458,
1999-10-13,44.050,
1999-10-14,43.892,
1999-10-15,43.906,
1999-10-16,.,No value available
1999-10-17,.,No value available
1999-10-18,43.932,
1999-10-19,43.782,
1999-10-20,43.744,
1999-10-21,43.761,
1999-10-22,43.730,
1999-10-23,.,No value available
1999-10-24,.,No value available
1999-10-25,43.682,
1999-10-26,43.726,
1999-10-27,43.699,
1999-10-28,43.722,
1999-10-29,43.793,
1999-10-30,.,No value available
1999-10-31,.,No value available
1999-11-01,43.685,
1999-11-02,43.666,
1999-11-03,43.560,
1999-11-04,43.584,
1999-11-05,43.598,
1999-11-06,.,No value available
1999-11-07,.,No value available
1999-11-08,43.596,
1999-11-09,43.501,
1999-11-10,43.435,
1999-11-11,43.258,
1999-11-12,43.246,
1999-11-13,.,No value available
1999-11-14,.,No value available
1999-11-15,43.100,
1999-11-16,42.852,
1999-11-17,42.933,
1999-11-18,42.899,
1999-11-19,42.970,
1999-11-20,.,No value available
1999-11-21,.,No value available
1999-11-22,43.098,
1999-11-23,42.998,
1999-11-24,43.080,
1999-11-25,43.024,
1999-11-26,43.110,
1999-11-27,.,No value available
1999-11-28,.,No value available
1999-11-29,43.098,
1999-11-30,43.005,
1999-12-01,43.062,
1999-12-02,43.042,
1999-12-03,42.853,
1999-12-04,.,No value available
1999-12-05,.,No value available
1999-12-06,42.792,
1999-12-07,42.554,
1999-12-08,42.444,
1999-12-09,42.496,
1999-12-10,42.407,
1999-12-11,.,No value available
1999-12-12,.,No value available
1999-12-13,42.264,
1999-12-14,42.228,
1999-12-15,42.298,
1999-12-16,42.381,
1999-12-17,42.318,
1999-12-18,.,No value available
1999-12-19,.,No value available
1999-12-20,42.403,
1999-12-21,42.340,
1999-12-22,42.374,
1999-12-23,42.292,
1999-12-24,42.535,
1999-12-25,.,No value available
1999-12-26,.,No value available
1999-12-27,42.658,
1999-12-28,42.756,
1999-12-29,42.609,
1999-12-30,42.402,
1999-12-31,.,No value available
2000-01-01,.,No value available
2000-01-02,.,No value available
2000-01-03,42.317,
2000-01-04,42.326,
2000-01-05,42.459,
2000-01-06,42.408,
2000-01-07,42.404,
2000-01-08,.,No value available
2000-01-09,.,No value available
2000-01-10,42.292,
2000-01-11,42.284,
2000-01-12,42.295,
2000-01-13,42.273,
2000-01-14,42.302,
2000-01-15,.,No value available
2000-01-16,.,No value available
2000-01-17,42.331,
2000-01-18,42.347,
2000-01-19,42.334,
2000-01-20,42.304,
2000-01-21,42.324,
2000-01-22,.,No value available
2000-01-23,.,No value available
2000-01-24,42.368,
2000-01-25,42.372,
2000-01-26,42.316,
2000-01-27,42.350,
2000-01-28,42.337,
2000-01-29,.,No value available
2000-01-30,.,No value available
2000-01-31,42.273,
2000-02-01,42.315,
2000-02-02,42.305,
2000-02-03,42.292,
2000-02-04,42.328,
2000-02-05,.,No value available
2000-02-06,.,No value available
2000-02-07,42.316,
2000-02-08,42.266,
2000-02-09,42.305,
2000-02-10,42.298,
2000-02-11,42.307,
2000-02-12,.,No value available
2000-02-13,.,No value available
2000-02-14,42.314,
2000-02-15,42.315,
2000-02-16,42.310,
2000-02-17,42.290,
2000-02-18,42.284,
2000-02-19,.,No value available
2000-02-20,.,No value available
2000-02-21,42.300,
2000-02-22,42.209,
2000-02-23,42.160,
2000-02-24,42.159,
2000-02-25,42.062,
2000-02-26,.,No value available
2000-02-27,.,No value available
2000-02-28,41.934,
2000-02-29,41.929,
2000-03-01,41.879,
2000-03-02,41.825,
2000-03-03,41.793,
2000-03-04,.,No value available
2000-03-05,.,No value available
2000-03-06,41.637,
2000-03-07,41.581,
2000-03-08,41.525,
2000-03-09,41.569,
2000-03-10,41.616,
2000-03-11,.,No value available
2000-03-12,.,No value available
2000-03-13,41.603,
2000-03-14,41.573,
2000-03-15,41.537,
2000-03-16,41.596,
2000-03-17,41.681,
2000-03-18,.,No value available
2000-03-19,.,No value available
2000-03-20,41.614,
2000-03-21,41.670,
2000-03-22,41.690,
2000-03-23,41.605,
2000-03-24,41.636,
2000-03-25,.,No value available
2000-03-26,.,No value available
2000-03-27,41.625,
2000-03-28,41.525,
2000-03-29,41.515,
2000-03-30,41.534,
2000-03-31,41.688,
2000-04-01,.,No value available
2000-04-02,.,No value available
2000-04-03,41.647,
2000-04-04,41.693,
2000-04-05,41.665,
2000-04-06,41.644,
2000-04-07,41.561,
2000-04-08,.,No value available
2000-04-09,.,No value available
2000-04-10,41.539,
2000-04-11,41.536,
2000-04-12,41.521,
2000-04-13,41.518,
2000-04-14,41.540,
2000-04-15,.,No value available
2000-04-16,.,No value available
2000-04-17,41.554,
2000-04-18,41.554,
2000-04-19,41.547,
2000-04-20,41.523,
2000-04-21,.,No value available
2000-04-22,.,No value available
2000-04-23,.,No value available
2000-04-24,.,No value available
2000-04-25,41.545,
2000-04-26,41.534,
2000-04-27,41.567,
2000-04-28,41.574,
2000-04-29,.,No value available
2000-04-30,.,No value available
2000-05-01,.,No value available
2000-05-02,41.589,
2000-05-03,41.664,
2000-05-04,42.064,
2000-05-05,42.275,
2000-05-06,.,No value available
2000-05-07,.,No value available
2000-05-08,42.426,
2000-05-09,42.675,
2000-05-10,43.061,
2000-05-11,43.157,
2000-05-12,42.989,
2000-05-13,.,No value available
2000-05-14,.,No value available
2000-05-15,43.000,
2000-05-16,42.955,
2000-05-17,42.850,
2000-05-18,43.056,
2000-05-19,42.883,
2000-05-20,.,No value available
2000-05-21,.,No value available
2000-05-22,42.893,
2000-05-23,43.040,
2000-05-24,43.024,
2000-05-25,42.975,
2000-05-26,42.950,
2000-05-27,.,No value available
2000-05-28,.,No value available
2000-05-29,42.950,
2000-05-30,42.944,
2000-05-31,42.706,
2000-06-01,42.838,
2000-06-02,42.768,
2000-06-03,.,No value available
2000-06-04,.,No value available
2000-06-05,42.754,
2000-06-06,42.555,
2000-06-07,42.354,
2000-06-08,42.313,
2000-06-09,42.264,
2000-06-10,.,No value available
2000-06-11,.,No value available
2000-06-12,42.013,
2000-06-13,41.853,
2000-06-14,41.860,
2000-06-15,42.111,
2000-06-16,42.313,
2000-06-17,.,No value available
2000-06-18,.,No value available
2000-06-19,42.444,
2000-06-20,42.215,
2000-06-21,42.116,
2000-06-22,42.098,
2000-06-23,42.125,
2000-06-24,.,No value available
2000-06-25,.,No value available
2000-06-26,42.555,
2000-06-27,42.991,
2000-06-28,43.026,
2000-06-29,42.960,
2000-06-30,42.641,
2000-07-01,.,No value available
2000-07-02,.,No value available
2000-07-03,42.505,
2000-07-04,42.404,
2000-07-05,42.418,
2000-07-06,42.405,
2000-07-07,42.434,
2000-07-08,.,No value available
2000-07-09,.,No value available
2000-07-10,42.433,
2000-07-11,42.464,
2000-07-12,42.490,
2000-07-13,42.825,
2000-07-14,42.796,
2000-07-15,.,No value available
2000-07-16,.,No value available
2000-07-17,42.411,
2000-07-18,42.554,
2000-07-19,42.510,
2000-07-20,42.505,
2000-07-21,42.533,
2000-07-22,.,No value available
2000-07-23,.,No value available
2000-07-24,42.494,
2000-07-25,42.472,
2000-07-26,42.544,
2000-07-27,42.538,
2000-07-28,42.350,
2000-07-29,.,No value available
2000-07-30,.,No value available
2000-07-31,42.434,
2000-08-01,42.505,
2000-08-02,42.425,
2000-08-03,42.395,
2000-08-04,42.396,
2000-08-05,.,No value available
2000-08-06,.,No value available
2000-08-07,42.395,
2000-08-08,42.412,
2000-08-09,42.450,
2000-08-10,43.000,
2000-08-11,42.801,
2000-08-12,.,No value available
2000-08-13,.,No value available
2000-08-14,42.540,
2000-08-15,42.540,
2000-08-16,42.402,
2000-08-17,42.400,
2000-08-18,42.378,
2000-08-19,.,No value available
2000-08-20,.,No value available
2000-08-21,42.425,
2000-08-22,42.537,
2000-08-23,42.624,
2000-08-24,42.518,
2000-08-25,42.620,
2000-08-26,.,No value available
2000-08-27,.,No value available
2000-08-28,42.604,
2000-08-29,42.613,
2000-08-30,42.710,
2000-08-31,42.632,
2000-09-01,42.618,
2000-09-02,.,No value available
2000-09-03,.,No value available
2000-09-04,42.760,
2000-09-05,42.798,
2000-09-06,42.724,
2000-09-07,42.603,
2000-09-08,42.650,
2000-09-09,.,No value available
2000-09-10,.,No value available
2000-09-11,42.647,
2000-09-12,42.870,
2000-09-13,42.877,
2000-09-14,42.875,
2000-09-15,42.840,
2000-09-16,.,No value available
2000-09-17,.,No value available
2000-09-18,42.970,
2000-09-19,43.058,
2000-09-20,43.243,
2000-09-21,43.410,
2000-09-22,43.665,
2000-09-23,.,No value available
2000-09-24,.,No value available
2000-09-25,43.640,
2000-09-26,43.618,
2000-09-27,43.678,
2000-09-28,43.683,
2000-09-29,43.743,
2000-09-30,.,No value available
2000-10-01,.,No value available
2000-10-02,43.884,
2000-10-03,43.892,
2000-10-04,43.872,
2000-10-05,43.863,
2000-10-06,43.854,
2000-10-07,.,No value available
2000-10-08,.,No value available
2000-10-09,43.889,
2000-10-10,43.751,
2000-10-11,43.811,
2000-10-12,43.792,
2000-10-13,43.782,
2000-10-14,.,No value available
2000-10-15,.,No value available
2000-10-16,43.683,
2000-10-17,43.590,
2000-10-18,43.702,
2000-10-19,43.660,
2000-10-20,43.586,
2000-10-21,.,No value available
2000-10-22,.,No value available
2000-10-23,43.385,
2000-10-24,43.396,
2000-10-25,43.494,
2000-10-26,43.490,
2000-10-27,43.339,
2000-10-28,.,No value available
2000-10-29,.,No value available
2000-10-30,43.399,
2000-10-31,43.472,
2000-11-01,43.625,
2000-11-02,43.543,
2000-11-03,43.366,
2000-11-04,.,No value available
2000-11-05,.,No value available
2000-11-06,43.366,
2000-11-07,43.206,
2000-11-08,42.988,
2000-11-09,42.694,
2000-11-10,42.764,
2000-11-11,.,No value available
2000-11-12,.,No value available
2000-11-13,42.622,
2000-11-14,42.631,
2000-11-15,42.911,
2000-11-16,42.721,
2000-11-17,42.848,
2000-11-18,.,No value available
2000-11-19,.,No value available
2000-11-20,42.936,
2000-11-21,42.692,
2000-11-22,42.534,
2000-11-23,42.593,
2000-11-24,42.641,
2000-11-25,.,No value available
2000-11-26,.,No value available
2000-11-27,42.685,
2000-11-28,42.944,
2000-11-29,42.942,
2000-11-30,43.212,
2000-12-01,43.233,
2000-12-02,.,No value available
2000-12-03,.,No value available
2000-12-04,43.431,
2000-12-05,43.543,
2000-12-06,43.466,
2000-12-07,43.598,
2000-12-08,43.352,
2000-12-09,.,No value available
2000-12-10,.,No value available
2000-12-11,43.294,
2000-12-12,43.157,
2000-12-13,43.362,
2000-12-14,43.223,
2000-12-15,43.326,
2000-12-16,.,No value available
2000-12-17,.,No value available
2000-12-18,43.480,
2000-12-19,43.719,
2000-12-20,43.883,
2000-12-21,43.855,
2000-12-22,43.683,
2000-12-23,.,No value available
2000-12-24,.,No value available
2000-12-25,.,No value available
2000-12-26,.,No value available
2000-12-27,43.949,
2000-12-28,43.990,
2000-12-29,43.933,
2000-12-30,.,No value available
2000-12-31,.,No value available
2001-01-01,.,No value available
2001-01-02,43.859,
2001-01-03,43.988,
2001-01-04,43.798,
2001-01-05,43.861,
2001-01-06,.,No value available
2001-01-07,.,No value available
2001-01-08,43.855,
2001-01-09,43.605,
2001-01-10,43.570,
2001-01-11,43.570,
2001-01-12,43.621,
2001-01-13,.,No value available
2001-01-14,.,No value available
2001-01-15,43.609,
2001-01-16,43.581,
2001-01-17,43.901,
2001-01-18,43.721,
2001-01-19,43.653,
2001-01-20,.,No value available
2001-01-21,.,No value available
2001-01-22,43.670,
2001-01-23,43.723,
2001-01-24,43.617,
2001-01-25,43.602,
2001-01-26,43.633,
2001-01-27,.,No value available
2001-01-28,.,No value available
2001-01-29,43.666,
2001-01-30,43.688,
2001-01-31,43.633,
2001-02-01,43.710,
2001-02-02,43.753,
2001-02-03,.,No value available
2001-02-04,.,No value available
2001-02-05,43.710,
2001-02-06,43.673,
2001-02-07,43.732,
2001-02-08,43.688,
2001-02-09,43.663,
2001-02-10,.,No value available
2001-02-11,.,No value available
2001-02-12,43.591,
2001-02-13,43.612,
2001-02-14,43.665,
2001-02-15,43.690,
2001-02-16,43.752,
2001-02-17,.,No value available
2001-02-18,.,No value available
2001-02-19,43.750,
2001-02-20,43.680,
2001-02-21,43.671,
2001-02-22,43.805,
2001-02-23,43.765,
2001-02-24,.,No value available
2001-02-25,.,No value available
2001-02-26,43.770,
2001-02-27,43.723,
2001-02-28,43.793,
2001-03-01,43.785,
2001-03-02,43.845,
2001-03-03,.,No value available
2001-03-04,.,No value available
2001-03-05,43.900,
2001-03-06,43.834,
2001-03-07,43.843,
2001-03-08,43.770,
2001-03-09,43.708,
2001-03-10,.,No value available
2001-03-11,.,No value available
2001-03-12,43.679,
2001-03-13,43.750,
2001-03-14,43.733,
2001-03-15,43.705,
2001-03-16,43.713,
2001-03-17,.,No value available
2001-03-18,.,No value available
2001-03-19,43.738,
2001-03-20,43.683,
2001-03-21,43.643,
2001-03-22,43.598,
2001-03-23,43.613,
2001-03-24,.,No value available
2001-03-25,.,No value available
2001-03-26,43.583,
2001-03-27,43.515,
2001-03-28,43.614,
2001-03-29,43.630,
2001-03-30,43.663,
2001-03-31,.,No value available
2001-04-01,.,No value available
2001-04-02,43.668,
2001-04-03,43.560,
2001-04-04,43.569,
2001-04-05,43.570,
2001-04-06,43.540,
2001-04-07,.,No value available
2001-04-08,.,No value available
2001-04-09,43.475,
2001-04-10,43.398,
2001-04-11,43.409,
2001-04-12,43.341,
2001-04-13,.,No value available
2001-04-14,.,No value available
2001-04-15,.,No value available
2001-04-16,.,No value available
2001-04-17,43.370,
2001-04-18,43.323,
2001-04-19,43.280,
2001-04-20,43.405,
2001-04-21,.,No value available
2001-04-22,.,No value available
2001-04-23,43.421,
2001-04-24,43.428,
2001-04-25,43.450,
2001-04-26,43.449,
2001-04-27,43.575,
2001-04-28,.,No value available
2001-04-29,.,No value available
2001-04-30,43.450,
2001-05-01,.,No value available
2001-05-02,43.448,
2001-05-03,43.357,
2001-05-04,43.252,
2001-05-05,.,No value available
2001-05-06,.,No value available
2001-05-07,43.243,
2001-05-08,43.259,
2001-05-09,43.253,
2001-05-10,43.258,
2001-05-11,43.243,
2001-05-12,.,No value available
2001-05-13,.,No value available
2001-05-14,43.228,
2001-05-15,43.188,
2001-05-16,43.240,
2001-05-17,43.213,
2001-05-18,43.278,
2001-05-19,.,No value available
2001-05-20,.,No value available
2001-05-21,43.229,
2001-05-22,43.265,
2001-05-23,43.110,
2001-05-24,42.940,
2001-05-25,42.815,
2001-05-26,.,No value available
2001-05-27,.,No value available
2001-05-28,42.863,
2001-05-29,42.938,
2001-05-30,42.881,
2001-05-31,42.939,
2001-06-01,42.898,
2001-06-02,.,No value available
2001-06-03,.,No value available
2001-06-04,42.895,
2001-06-05,42.889,
2001-06-06,42.920,
2001-06-07,42.980,
2001-06-08,43.012,
2001-06-09,.,No value available
2001-06-10,.,No value available
2001-06-11,43.027,
2001-06-12,42.945,
2001-06-13,43.031,
2001-06-14,42.852,
2001-06-15,42.892,
2001-06-16,.,No value available
2001-06-17,.,No value available
2001-06-18,42.930,
2001-06-19,42.930,
2001-06-20,42.890,
2001-06-21,42.805,
2001-06-22,42.612,
2001-06-23,.,No value available
2001-06-24,.,No value available
2001-06-25,42.681,
2001-06-26,42.381,
2001-06-27,42.330,
2001-06-28,42.180,
2001-06-29,42.265,
2001-06-30,.,No value available
2001-07-01,.,No value available
2001-07-02,42.160,
2001-07-03,42.133,
2001-07-04,41.950,
2001-07-05,41.951,
2001-07-06,42.402,
2001-07-07,.,No value available
2001-07-08,.,No value available
2001-07-09,42.571,
2001-07-10,42.561,
2001-07-11,42.691,
2001-07-12,42.680,
2001-07-13,42.571,
2001-07-14,.,No value available
2001-07-15,.,No value available
2001-07-16,42.615,
2001-07-17,42.599,
2001-07-18,42.601,
2001-07-19,42.718,
2001-07-20,42.739,
2001-07-21,.,No value available
2001-07-22,.,No value available
2001-07-23,42.680,
2001-07-24,42.711,
2001-07-25,42.811,
2001-07-26,43.041,
2001-07-27,43.067,
2001-07-28,.,No value available
2001-07-29,.,No value available
2001-07-30,43.193,
2001-07-31,43.302,
2001-08-01,43.261,
2001-08-02,43.041,
2001-08-03,42.950,
2001-08-04,.,No value available
2001-08-05,.,No value available
2001-08-06,42.911,
2001-08-07,42.909,
2001-08-08,42.827,
2001-08-09,42.815,
2001-08-10,43.005,
2001-08-11,.,No value available
2001-08-12,.,No value available
2001-08-13,42.871,
2001-08-14,42.960,
2001-08-15,42.950,
2001-08-16,43.130,
2001-08-17,43.170,
2001-08-18,.,No value available
2001-08-19,.,No value available
2001-08-20,43.168,
2001-08-21,43.173,
2001-08-22,43.265,
2001-08-23,43.255,
2001-08-24,43.251,
2001-08-25,.,No value available
2001-08-26,.,No value available
2001-08-27,43.290,
2001-08-28,43.358,
2001-08-29,43.384,
2001-08-30,43.375,
2001-08-31,43.409,
2001-09-01,.,No value available
2001-09-02,.,No value available
2001-09-03,43.375,
2001-09-04,43.341,
2001-09-05,43.267,
2001-09-06,43.233,
2001-09-07,43.220,
2001-09-08,.,No value available
2001-09-09,.,No value available
2001-09-10,43.228,
2001-09-11,43.290,
2001-09-12,43.353,
2001-09-13,43.377,
2001-09-14,43.505,
2001-09-15,.,No value available
2001-09-16,.,No value available
2001-09-17,43.795,
2001-09-18,43.855,
2001-09-19,43.760,
2001-09-20,43.768,
2001-09-21,43.738,
2001-09-22,.,No value available
2001-09-23,.,No value available
2001-09-24,43.845,
2001-09-25,43.865,
2001-09-26,43.812,
2001-09-27,43.647,
2001-09-28,43.622,
2001-09-29,.,No value available
2001-09-30,.,No value available
2001-10-01,43.598,
2001-10-02,43.470,
2001-10-03,43.495,
2001-10-04,43.520,
2001-10-05,43.552,
2001-10-06,.,No value available
2001-10-07,.,No value available
2001-10-08,43.718,
2001-10-09,43.699,
2001-10-10,43.608,
2001-10-11,43.563,
2001-10-12,43.428,
2001-10-13,.,No value available
2001-10-14,.,No value available
2001-10-15,43.479,
2001-10-16,43.528,
2001-10-17,43.520,
2001-10-18,43.560,
2001-10-19,43.693,
2001-10-20,.,No value available
2001-10-21,.,No value available
2001-10-22,43.745,
2001-10-23,43.645,
2001-10-24,43.628,
2001-10-25,43.561,
2001-10-26,43.665,
2001-10-27,.,No value available
2001-10-28,.,No value available
2001-10-29,43.628,
2001-10-30,43.740,
2001-10-31,43.615,
2001-11-01,43.535,
2001-11-02,43.525,
2001-11-03,.,No value available
2001-11-04,.,No value available
2001-11-05,43.370,
2001-11-06,43.370,
2001-11-07,43.286,
2001-11-08,43.089,
2001-11-09,43.039,
2001-11-10,.,No value available
2001-11-11,.,No value available
2001-11-12,42.881,
2001-11-13,42.775,
2001-11-14,42.751,
2001-11-15,42.760,
2001-11-16,42.809,
2001-11-17,.,No value available
2001-11-18,.,No value available
2001-11-19,42.834,
2001-11-20,42.869,
2001-11-21,43.160,
2001-11-22,43.261,
2001-11-23,43.121,
2001-11-24,.,No value available
2001-11-25,.,No value available
2001-11-26,43.151,
2001-11-27,43.291,
2001-11-28,43.330,
2001-11-29,43.350,
2001-11-30,43.401,
2001-12-01,.,No value available
2001-12-02,.,No value available
2001-12-03,43.229,
2001-12-04,43.150,
2001-12-05,43.170,
2001-12-06,43.150,
2001-12-07,43.155,
2001-12-08,.,No value available
2001-12-09,.,No value available
2001-12-10,43.230,
2001-12-11,43.305,
2001-12-12,43.271,
2001-12-13,43.220,
2001-12-14,43.119,
2001-12-15,.,No value available
2001-12-16,.,No value available
2001-12-17,42.890,
2001-12-18,42.839,
2001-12-19,43.010,
2001-12-20,43.199,
2001-12-21,43.081,
2001-12-22,.,No value available
2001-12-23,.,No value available
2001-12-24,42.961,
2001-12-25,.,No value available
2001-12-26,.,No value available
2001-12-27,42.855,
2001-12-28,42.780,
2001-12-29,.,No value available
2001-12-30,.,No value available
2001-12-31,.,No value available
2002-01-01,.,No value available
2002-01-02,42.728,
2002-01-03,42.829,
2002-01-04,42.829,
2002-01-05,.,No value available
2002-01-06,.,No value available
2002-01-07,42.869,
2002-01-08,42.845,
2002-01-09,42.829,
2002-01-10,42.590,
2002-01-11,42.554,
2002-01-12,.,No value available
2002-01-13,.,No value available
2002-01-14,42.521,
2002-01-15,42.579,
2002-01-16,42.400,
2002-01-17,42.365,
2002-01-18,42.279,
2002-01-19,.,No value available
2002-01-20,.,No value available
2002-01-21,42.340,
2002-01-22,42.298,
2002-01-23,42.340,
2002-01-24,42.225,
2002-01-25,42.268,
2002-01-26,.,No value available
2002-01-27,.,No value available
2002-01-28,42.332,
2002-01-29,42.252,
2002-01-30,42.350,
2002-01-31,42.451,
2002-02-01,42.470,
2002-02-02,.,No value available
2002-02-03,.,No value available
2002-02-04,42.458,
2002-02-05,42.505,
2002-02-06,42.478,
2002-02-07,42.453,
2002-02-08,42.356,
2002-02-09,.,No value available
2002-02-10,.,No value available
2002-02-11,42.528,
2002-02-12,42.540,
2002-02-13,42.482,
2002-02-14,42.183,
2002-02-15,42.228,
2002-02-16,.,No value available
2002-02-17,.,No value available
2002-02-18,42.250,
2002-02-19,42.171,
2002-02-20,42.068,
2002-02-21,42.099,
2002-02-22,41.930,
2002-02-23,.,No value available
2002-02-24,.,No value available
2002-02-25,41.922,
2002-02-26,41.882,
2002-02-27,41.730,
2002-02-28,41.670,
2002-03-01,41.713,
2002-03-02,.,No value available
2002-03-03,.,No value available
2002-03-04,41.680,
2002-03-05,41.978,
2002-03-06,42.053,
2002-03-07,42.108,
2002-03-08,42.132,
2002-03-09,.,No value available
2002-03-10,.,No value available
2002-03-11,42.131,
2002-03-12,42.071,
2002-03-13,42.020,
2002-03-14,41.973,
2002-03-15,42.119,
2002-03-16,.,No value available
2002-03-17,.,No value available
2002-03-18,42.071,
2002-03-19,42.040,
2002-03-20,42.025,
2002-03-21,41.889,
2002-03-22,41.819,
2002-03-23,.,No value available
2002-03-24,.,No value available
2002-03-25,41.758,
2002-03-26,41.800,
2002-03-27,41.778,
2002-03-28,41.852,
2002-03-29,.,No value available
2002-03-30,.,No value available
2002-03-31,.,No value available
2002-04-01,.,No value available
2002-04-02,41.749,
2002-04-03,41.659,
2002-04-04,41.775,
2002-04-05,41.709,
2002-04-06,.,No value available
2002-04-07,.,No value available
2002-04-08,41.699,
2002-04-09,41.578,
2002-04-10,41.558,
2002-04-11,41.460,
2002-04-12,41.465,
2002-04-13,.,No value available
2002-04-14,.,No value available
2002-04-15,41.468,
2002-04-16,41.505,
2002-04-17,41.595,
2002-04-18,41.673,
2002-04-19,41.630,
2002-04-20,.,No value available
2002-04-21,.,No value available
2002-04-22,41.633,
2002-04-23,41.725,
2002-04-24,41.912,
2002-04-25,41.910,
2002-04-26,41.935,
2002-04-27,.,No value available
2002-04-28,.,No value available
2002-04-29,42.175,
2002-04-30,42.161,
2002-05-01,.,No value available
2002-05-02,42.150,
2002-05-03,42.234,
2002-05-04,.,No value available
2002-05-05,.,No value available
2002-05-06,42.120,
2002-05-07,42.125,
2002-05-08,42.205,
2002-05-09,42.428,
2002-05-10,42.568,
2002-05-11,.,No value available
2002-05-12,.,No value available
2002-05-13,42.520,
2002-05-14,42.518,
2002-05-15,42.615,
2002-05-16,42.875,
2002-05-17,43.085,
2002-05-18,.,No value available
2002-05-19,.,No value available
2002-05-20,43.270,
2002-05-21,43.700,
2002-05-22,43.877,
2002-05-23,43.795,
2002-05-24,43.616,
2002-05-25,.,No value available
2002-05-26,.,No value available
2002-05-27,43.543,
2002-05-28,43.734,
2002-05-29,43.714,
2002-05-30,43.688,
2002-05-31,43.670,
2002-06-01,.,No value available
2002-06-02,.,No value available
2002-06-03,43.615,
2002-06-04,43.795,
2002-06-05,44.276,
2002-06-06,44.434,
2002-06-07,44.601,
2002-06-08,.,No value available
2002-06-09,.,No value available
2002-06-10,44.641,
2002-06-11,44.460,
2002-06-12,44.505,
2002-06-13,44.454,
2002-06-14,44.610,
2002-06-15,.,No value available
2002-06-16,.,No value available
2002-06-17,44.670,
2002-06-18,44.429,
2002-06-19,44.334,
2002-06-20,44.336,
2002-06-21,44.369,
2002-06-22,.,No value available
2002-06-23,.,No value available
2002-06-24,44.416,
2002-06-25,44.271,
2002-06-26,44.380,
2002-06-27,43.985,
2002-06-28,43.920,
2002-06-29,.,No value available
2002-06-30,.,No value available
2002-07-01,43.909,
2002-07-02,44.023,
2002-07-03,44.201,
2002-07-04,44.414,
2002-07-05,44.426,
2002-07-06,.,No value available
2002-07-07,.,No value available
2002-07-08,44.424,
2002-07-09,44.341,
2002-07-10,44.476,
2002-07-11,44.651,
2002-07-12,44.599,
2002-07-13,.,No value available
2002-07-14,.,No value available
2002-07-15,44.563,
2002-07-16,44.715,
2002-07-17,44.775,
2002-07-18,44.694,
2002-07-19,44.754,
2002-07-20,.,No value available
2002-07-21,.,No value available
2002-07-22,44.860,
2002-07-23,44.565,
2002-07-24,44.634,
2002-07-25,44.724,
2002-07-26,44.501,
2002-07-27,.,No value available
2002-07-28,.,No value available
2002-07-29,44.420,
2002-07-30,44.390,
2002-07-31,44.300,
2002-08-01,44.230,
2002-08-02,44.465,
2002-08-03,.,No value available
2002-08-04,.,No value available
2002-08-05,44.424,
2002-08-06,44.244,
2002-08-07,44.214,
2002-08-08,43.926,
2002-08-09,44.122,
2002-08-10,.,No value available
2002-08-11,.,No value available
2002-08-12,44.115,
2002-08-13,44.193,
2002-08-14,44.356,
2002-08-15,44.300,
2002-08-16,43.695,
2002-08-17,.,No value available
2002-08-18,.,No value available
2002-08-19,43.570,
2002-08-20,43.630,
2002-08-21,43.650,
2002-08-22,43.756,
2002-08-23,43.714,
2002-08-24,.,No value available
2002-08-25,.,No value available
2002-08-26,43.610,
2002-08-27,43.694,
2002-08-28,43.566,
2002-08-29,43.524,
2002-08-30,43.410,
2002-08-31,.,No value available
2002-09-01,.,No value available
2002-09-02,43.340,
2002-09-03,43.235,
2002-09-04,43.320,
2002-09-05,43.364,
2002-09-06,43.266,
2002-09-07,.,No value available
2002-09-08,.,No value available
2002-09-09,43.220,
2002-09-10,43.160,
2002-09-11,43.151,
2002-09-12,43.063,
2002-09-13,43.231,
2002-09-14,.,No value available
2002-09-15,.,No value available
2002-09-16,43.219,
2002-09-17,43.386,
2002-09-18,43.384,
2002-09-19,43.212,
2002-09-20,43.131,
2002-09-21,.,No value available
2002-09-22,.,No value available
2002-09-23,42.653,
2002-09-24,42.416,
2002-09-25,41.929,
2002-09-26,42.056,
2002-09-27,41.964,
2002-09-28,.,No value available
2002-09-29,.,No value available
2002-09-30,41.805,
2002-10-01,41.690,
2002-10-02,42.065,
2002-10-03,42.063,
2002-10-04,41.996,
2002-10-05,.,No value available
2002-10-06,.,No value available
2002-10-07,41.926,
2002-10-08,41.945,
2002-10-09,42.140,
2002-10-10,42.055,
2002-10-11,41.940,
2002-10-12,.,No value available
2002-10-13,.,No value available
2002-10-14,41.995,
2002-10-15,41.993,
2002-10-16,42.045,
2002-10-17,41.974,
2002-10-18,41.790,
2002-10-19,.,No value available
2002-10-20,.,No value available
2002-10-21,41.525,
2002-10-22,41.438,
2002-10-23,41.531,
2002-10-24,41.551,
2002-10-25,41.484,
2002-10-26,.,No value available
2002-10-27,.,No value available
2002-10-28,41.534,
2002-10-29,41.605,
2002-10-30,41.569,
2002-10-31,41.474,
2002-11-01,41.464,
2002-11-02,.,No value available
2002-11-03,.,No value available
2002-11-04,41.260,
2002-11-05,41.304,
2002-11-06,41.276,
2002-11-07,41.288,
2002-11-08,41.266,
2002-11-09,.,No value available
2002-11-10,.,No value available
2002-11-11,41.120,
2002-11-12,41.530,
2002-11-13,41.745,
2002-11-14,41.664,
2002-11-15,41.684,
2002-11-16,.,No value available
2002-11-17,.,No value available
2002-11-18,41.619,
2002-11-19,41.466,
2002-11-20,41.414,
2002-11-21,41.419,
2002-11-22,41.575,
2002-11-23,.,No value available
2002-11-24,.,No value available
2002-11-25,41.626,
2002-11-26,41.676,
2002-11-27,41.824,
2002-11-28,42.139,
2002-11-29,41.974,
2002-11-30,.,No value available
2002-12-01,.,No value available
2002-12-02,41.882,
2002-12-03,41.800,
2002-12-04,41.854,
2002-12-05,41.653,
2002-12-06,41.684,
2002-12-07,.,No value available
2002-12-08,.,No value available
2002-12-09,41.735,
2002-12-10,41.728,
2002-12-11,41.764,
2002-12-12,41.721,
2002-12-13,41.726,
2002-12-14,.,No value available
2002-12-15,.,No value available
2002-12-16,41.645,
2002-12-17,41.720,
2002-12-18,41.766,
2002-12-19,41.784,
2002-12-20,41.835,
2002-12-21,.,No value available
2002-12-22,.,No value available
2002-12-23,41.825,
2002-12-24,41.790,
2002-12-25,.,No value available
2002-12-26,.,No value available
2002-12-27,41.800,
2002-12-28,.,No value available
2002-12-29,.,No value available
2002-12-30,41.688,
2002-12-31,41.503,
2003-01-01,.,No value available
2003-01-02,41.412,
2003-01-03,41.270,
2003-01-04,.,No value available
2003-01-05,.,No value available
2003-01-06,41.270,
2003-01-07,41.230,
2003-01-08,41.346,
2003-01-09,41.490,
2003-01-10,41.501,
2003-01-11,.,No value available
2003-01-12,.,No value available
2003-01-13,41.495,
2003-01-14,41.600,
2003-01-15,41.331,
2003-01-16,41.225,
2003-01-17,41.602,
2003-01-18,.,No value available
2003-01-19,.,No value available
2003-01-20,41.732,
2003-01-21,41.540,
2003-01-22,42.023,
2003-01-23,42.502,
2003-01-24,42.155,
2003-01-25,.,No value available
2003-01-26,.,No value available
2003-01-27,42.116,
2003-01-28,41.905,
2003-01-29,41.745,
2003-01-30,41.806,
2003-01-31,41.741,
2003-02-01,.,No value available
2003-02-02,.,No value available
2003-02-03,41.894,
2003-02-04,41.754,
2003-02-05,41.812,
2003-02-06,41.756,
2003-02-07,41.912,
2003-02-08,.,No value available
2003-02-09,.,No value available
2003-02-10,42.156,
2003-02-11,42.041,
2003-02-12,42.075,
2003-02-13,42.023,
2003-02-14,41.972,
2003-02-15,.,No value available
2003-02-16,.,No value available
2003-02-17,41.998,
2003-02-18,42.045,
2003-02-19,42.025,
2003-02-20,42.167,
2003-02-21,42.162,
2003-02-22,.,No value available
2003-02-23,.,No value available
2003-02-24,42.273,
2003-02-25,42.141,
2003-02-26,41.871,
2003-02-27,41.845,
2003-02-28,41.815,
2003-03-01,.,No value available
2003-03-02,.,No value available
2003-03-03,41.845,
2003-03-04,41.960,
2003-03-05,41.854,
2003-03-06,41.785,
2003-03-07,41.805,
2003-03-08,.,No value available
2003-03-09,.,No value available
2003-03-10,41.815,
2003-03-11,41.882,
2003-03-12,41.855,
2003-03-13,41.815,
2003-03-14,41.695,
2003-03-15,.,No value available
2003-03-16,.,No value available
2003-03-17,41.735,
2003-03-18,41.758,
2003-03-19,41.725,
2003-03-20,41.945,
2003-03-21,41.915,
2003-03-22,.,No value available
2003-03-23,.,No value available
2003-03-24,41.852,
2003-03-25,41.726,
2003-03-26,41.556,
2003-03-27,41.433,
2003-03-28,41.388,
2003-03-29,.,No value available
2003-03-30,.,No value available
2003-03-31,41.388,
2003-04-01,41.170,
2003-04-02,41.065,
2003-04-03,41.116,
2003-04-04,41.234,
2003-04-05,.,No value available
2003-04-06,.,No value available
2003-04-07,41.149,
2003-04-08,41.155,
2003-04-09,41.015,
2003-04-10,41.062,
2003-04-11,41.095,
2003-04-12,.,No value available
2003-04-13,.,No value available
2003-04-14,41.055,
2003-04-15,40.936,
2003-04-16,40.992,
2003-04-17,40.965,
2003-04-18,.,No value available
2003-04-19,.,No value available
2003-04-20,.,No value available
2003-04-21,.,No value available
2003-04-22,41.006,
2003-04-23,41.005,
2003-04-24,40.964,
2003-04-25,40.925,
2003-04-26,.,No value available
2003-04-27,.,No value available
2003-04-28,40.965,
2003-04-29,40.970,
2003-04-30,40.921,
2003-05-01,.,No value available
2003-05-02,40.843,
2003-05-03,.,No value available
2003-05-04,.,No value available
2003-05-05,41.156,
2003-05-06,41.162,
2003-05-07,41.225,
2003-05-08,41.240,
2003-05-09,41.155,
2003-05-10,.,No value available
2003-05-11,.,No value available
2003-05-12,41.160,
2003-05-13,41.110,
2003-05-14,41.075,
2003-05-15,41.065,
2003-05-16,41.046,
2003-05-17,.,No value available
2003-05-18,.,No value available
2003-05-19,41.045,
2003-05-20,41.052,
2003-05-21,41.181,
2003-05-22,41.125,
2003-05-23,41.160,
2003-05-24,.,No value available
2003-05-25,.,No value available
2003-05-26,41.149,
2003-05-27,41.125,
2003-05-28,41.055,
2003-05-29,41.310,
2003-05-30,41.185,
2003-05-31,.,No value available
2003-06-01,.,No value available
2003-06-02,41.121,
2003-06-03,41.176,
2003-06-04,41.394,
2003-06-05,41.520,
2003-06-06,41.430,
2003-06-07,.,No value available
2003-06-08,.,No value available
2003-06-09,41.356,
2003-06-10,41.490,
2003-06-11,41.535,
2003-06-12,41.455,
2003-06-13,41.346,
2003-06-14,.,No value available
2003-06-15,.,No value available
2003-06-16,41.360,
2003-06-17,41.435,
2003-06-18,41.485,
2003-06-19,41.700,
2003-06-20,41.671,
2003-06-21,.,No value available
2003-06-22,.,No value available
2003-06-23,41.829,
2003-06-24,41.774,
2003-06-25,41.671,
2003-06-26,41.660,
2003-06-27,41.690,
2003-06-28,.,No value available
2003-06-29,.,No value available
2003-06-30,41.550,
2003-07-01,41.385,
2003-07-02,41.480,
2003-07-03,41.530,
2003-07-04,41.525,
2003-07-05,.,No value available
2003-07-06,.,No value available
2003-07-07,41.514,
2003-07-08,41.590,
2003-07-09,41.602,
2003-07-10,41.595,
2003-07-11,41.605,
2003-07-12,.,No value available
2003-07-13,.,No value available
2003-07-14,41.640,
2003-07-15,41.680,
2003-07-16,41.674,
2003-07-17,41.800,
2003-07-18,42.180,
2003-07-19,.,No value available
2003-07-20,.,No value available
2003-07-21,42.380,
2003-07-22,42.257,
2003-07-23,42.220,
2003-07-24,42.095,
2003-07-25,42.060,
2003-07-26,.,No value available
2003-07-27,.,No value available
2003-07-28,42.055,
2003-07-29,41.950,
2003-07-30,41.835,
2003-07-31,41.850,
2003-08-01,41.989,
2003-08-02,.,No value available
2003-08-03,.,No value available
2003-08-04,41.990,
2003-08-05,41.890,
2003-08-06,41.810,
2003-08-07,41.735,
2003-08-08,41.710,
2003-08-09,.,No value available
2003-08-10,.,No value available
2003-08-11,41.890,
2003-08-12,41.860,
2003-08-13,41.830,
2003-08-14,41.990,
2003-08-15,42.160,
2003-08-16,.,No value available
2003-08-17,.,No value available
2003-08-18,42.185,
2003-08-19,42.135,
2003-08-20,41.993,
2003-08-21,41.925,
2003-08-22,41.980,
2003-08-23,.,No value available
2003-08-24,.,No value available
2003-08-25,42.020,
2003-08-26,41.930,
2003-08-27,41.990,
2003-08-28,42.045,
2003-08-29,42.005,
2003-08-30,.,No value available
2003-08-31,.,No value available
2003-09-01,42.005,
2003-09-02,41.975,
2003-09-03,41.935,
2003-09-04,41.915,
2003-09-05,41.750,
2003-09-06,.,No value available
2003-09-07,.,No value available
2003-09-08,41.770,
2003-09-09,41.640,
2003-09-10,41.590,
2003-09-11,41.475,
2003-09-12,41.425,
2003-09-13,.,No value available
2003-09-14,.,No value available
2003-09-15,41.454,
2003-09-16,41.305,
2003-09-17,41.310,
2003-09-18,41.390,
2003-09-19,41.230,
2003-09-20,.,No value available
2003-09-21,.,No value available
2003-09-22,41.250,
2003-09-23,41.230,
2003-09-24,41.230,
2003-09-25,41.310,
2003-09-26,41.275,
2003-09-27,.,No value available
2003-09-28,.,No value available
2003-09-29,41.135,
2003-09-30,41.165,
2003-10-01,41.275,
2003-10-02,41.195,
2003-10-03,41.225,
2003-10-04,.,No value available
2003-10-05,.,No value available
2003-10-06,41.240,
2003-10-07,41.310,
2003-10-08,41.340,
2003-10-09,41.250,
2003-10-10,41.270,
2003-10-11,.,No value available
2003-10-12,.,No value available
2003-10-13,41.278,
2003-10-14,41.260,
2003-10-15,41.185,
2003-10-16,41.190,
2003-10-17,41.275,
2003-10-18,.,No value available
2003-10-19,.,No value available
2003-10-20,41.335,
2003-10-21,41.305,
2003-10-22,41.325,
2003-10-23,41.340,
2003-10-24,41.537,
2003-10-25,.,No value available
2003-10-26,.,No value available
2003-10-27,41.450,
2003-10-28,41.351,
2003-10-29,41.340,
2003-10-30,41.305,
2003-10-31,41.400,
2003-11-01,.,No value available
2003-11-02,.,No value available
2003-11-03,41.425,
2003-11-04,41.420,
2003-11-05,41.315,
2003-11-06,41.320,
2003-11-07,41.240,
2003-11-08,.,No value available
2003-11-09,.,No value available
2003-11-10,41.265,
2003-11-11,41.175,
2003-11-12,41.170,
2003-11-13,41.110,
2003-11-14,40.985,
2003-11-15,.,No value available
2003-11-16,.,No value available
2003-11-17,40.965,
2003-11-18,40.935,
2003-11-19,40.940,
2003-11-20,40.950,
2003-11-21,40.959,
2003-11-22,.,No value available
2003-11-23,.,No value available
2003-11-24,40.963,
2003-11-25,40.950,
2003-11-26,40.905,
2003-11-27,40.950,
2003-11-28,41.100,
2003-11-29,.,No value available
2003-11-30,.,No value available
2003-12-01,41.030,
2003-12-02,41.200,
2003-12-03,41.080,
2003-12-04,41.014,
2003-12-05,41.020,
2003-12-06,.,No value available
2003-12-07,.,No value available
2003-12-08,41.045,
2003-12-09,41.090,
2003-12-10,41.180,
2003-12-11,41.210,
2003-12-12,41.155,
2003-12-13,.,No value available
2003-12-14,.,No value available
2003-12-15,41.185,
2003-12-16,41.162,
2003-12-17,41.160,
2003-12-18,41.140,
2003-12-19,41.133,
2003-12-20,.,No value available
2003-12-21,.,No value available
2003-12-22,41.175,
2003-12-23,41.160,
2003-12-24,41.160,
2003-12-25,.,No value available
2003-12-26,.,No value available
2003-12-27,.,No value available
2003-12-28,.,No value available
2003-12-29,41.160,
2003-12-30,41.145,
2003-12-31,41.170,
2004-01-01,.,No value available
2004-01-02,41.145,
2004-01-03,.,No value available
2004-01-04,.,No value available
2004-01-05,41.040,
2004-01-06,40.880,
2004-01-07,40.915,
2004-01-08,40.876,
2004-01-09,40.652,
2004-01-10,.,No value available
2004-01-11,.,No value available
2004-01-12,40.660,
2004-01-13,40.580,
2004-01-14,40.615,
2004-01-15,40.770,
2004-01-16,40.770,
2004-01-17,.,No value available
2004-01-18,.,No value available
2004-01-19,40.780,
2004-01-20,40.695,
2004-01-21,40.585,
2004-01-22,40.440,
2004-01-23,40.535,
2004-01-24,.,No value available
2004-01-25,.,No value available
2004-01-26,40.494,
2004-01-27,40.585,
2004-01-28,40.655,
2004-01-29,40.750,
2004-01-30,40.925,
2004-01-31,.,No value available
2004-02-01,.,No value available
2004-02-02,40.825,
2004-02-03,40.700,
2004-02-04,40.570,
2004-02-05,40.570,
2004-02-06,40.700,
2004-02-07,.,No value available
2004-02-08,.,No value available
2004-02-09,40.525,
2004-02-10,40.485,
2004-02-11,40.455,
2004-02-12,40.435,
2004-02-13,40.408,
2004-02-14,.,No value available
2004-02-15,.,No value available
2004-02-16,40.425,
2004-02-17,40.450,
2004-02-18,40.435,
2004-02-19,40.495,
2004-02-20,40.555,
2004-02-21,.,No value available
2004-02-22,.,No value available
2004-02-23,40.615,
2004-02-24,40.605,
2004-02-25,40.685,
2004-02-26,40.535,
2004-02-27,40.542,
2004-02-28,.,No value available
2004-02-29,.,No value available
2004-03-01,40.468,
2004-03-02,40.458,
2004-03-03,40.575,
2004-03-04,40.685,
2004-03-05,40.645,
2004-03-06,.,No value available
2004-03-07,.,No value available
2004-03-08,40.565,
2004-03-09,40.555,
2004-03-10,40.550,
2004-03-11,40.535,
2004-03-12,40.494,
2004-03-13,.,No value available
2004-03-14,.,No value available
2004-03-15,40.456,
2004-03-16,40.460,
2004-03-17,40.455,
2004-03-18,40.410,
2004-03-19,40.375,
2004-03-20,.,No value available
2004-03-21,.,No value available
2004-03-22,40.255,
2004-03-23,40.165,
2004-03-24,40.145,
2004-03-25,40.235,
2004-03-26,40.230,
2004-03-27,.,No value available
2004-03-28,.,No value available
2004-03-29,40.195,
2004-03-30,40.180,
2004-03-31,40.115,
2004-04-01,40.085,
2004-04-02,40.115,
2004-04-03,.,No value available
2004-04-04,.,No value available
2004-04-05,40.220,
2004-04-06,40.200,
2004-04-07,40.160,
2004-04-08,40.075,
2004-04-09,.,No value available
2004-04-10,.,No value available
2004-04-11,.,No value available
2004-04-12,.,No value available
2004-04-13,40.065,
2004-04-14,40.108,
2004-04-15,40.165,
2004-04-16,40.235,
2004-04-17,.,No value available
2004-04-18,.,No value available
2004-04-19,40.133,
2004-04-20,40.090,
2004-04-21,40.070,
2004-04-22,40.110,
2004-04-23,40.115,
2004-04-24,.,No value available
2004-04-25,.,No value available
2004-04-26,40.045,
2004-04-27,39.975,
2004-04-28,40.275,
2004-04-29,40.325,
2004-04-30,40.455,
2004-05-01,.,No value available
2004-05-02,.,No value available
2004-05-03,40.325,
2004-05-04,40.215,
2004-05-05,40.125,
2004-05-06,40.115,
2004-05-07,40.170,
2004-05-08,.,No value available
2004-05-09,.,No value available
2004-05-10,40.350,
2004-05-11,40.295,
2004-05-12,40.242,
2004-05-13,40.335,
2004-05-14,40.195,
2004-05-15,.,No value available
2004-05-16,.,No value available
2004-05-17,40.110,
2004-05-18,40.120,
2004-05-19,40.135,
2004-05-20,40.135,
2004-05-21,40.145,
2004-05-22,.,No value available
2004-05-23,.,No value available
2004-05-24,40.165,
2004-05-25,40.135,
2004-05-26,40.025,
2004-05-27,40.050,
2004-05-28,40.060,
2004-05-29,.,No value available
2004-05-30,.,No value available
2004-05-31,39.990,
2004-06-01,39.970,
2004-06-02,39.905,
2004-06-03,39.920,
2004-06-04,39.965,
2004-06-05,.,No value available
2004-06-06,.,No value available
2004-06-07,39.950,
2004-06-08,39.870,
2004-06-09,39.955,
2004-06-10,39.870,
2004-06-11,39.910,
2004-06-12,.,No value available
2004-06-13,.,No value available
2004-06-14,39.875,
2004-06-15,39.892,
2004-06-16,39.925,
2004-06-17,39.940,
2004-06-18,39.925,
2004-06-19,.,No value available
2004-06-20,.,No value available
2004-06-21,39.955,
2004-06-22,39.970,
2004-06-23,39.940,
2004-06-24,39.938,
2004-06-25,39.888,
2004-06-26,.,No value available
2004-06-27,.,No value available
2004-06-28,39.910,
2004-06-29,39.965,
2004-06-30,39.875,
2004-07-01,39.845,
2004-07-02,39.775,
2004-07-03,.,No value available
2004-07-04,.,No value available
2004-07-05,39.790,
2004-07-06,39.815,
2004-07-07,39.779,
2004-07-08,39.880,
2004-07-09,39.895,
2004-07-10,.,No value available
2004-07-11,.,No value available
2004-07-12,39.850,
2004-07-13,39.999,
2004-07-14,40.003,
2004-07-15,39.880,
2004-07-16,39.865,
2004-07-17,.,No value available
2004-07-18,.,No value available
2004-07-19,39.893,
2004-07-20,39.827,
2004-07-21,39.850,
2004-07-22,39.856,
2004-07-23,39.858,
2004-07-24,.,No value available
2004-07-25,.,No value available
2004-07-26,39.868,
2004-07-27,39.960,
2004-07-28,40.135,
2004-07-29,40.120,
2004-07-30,40.045,
2004-07-31,.,No value available
2004-08-01,.,No value available
2004-08-02,40.075,
2004-08-03,40.075,
2004-08-04,40.120,
2004-08-05,40.130,
2004-08-06,40.020,
2004-08-07,.,No value available
2004-08-08,.,No value available
2004-08-09,39.910,
2004-08-10,39.920,
2004-08-11,40.010,
2004-08-12,40.075,
2004-08-13,40.225,
2004-08-14,.,No value available
2004-08-15,.,No value available
2004-08-16,40.240,
2004-08-17,40.190,
2004-08-18,40.120,
2004-08-19,40.132,
2004-08-20,40.105,
2004-08-21,.,No value available
2004-08-22,.,No value available
2004-08-23,40.120,
2004-08-24,40.065,
2004-08-25,40.110,
2004-08-26,40.150,
2004-08-27,40.220,
2004-08-28,.,No value available
2004-08-29,.,No value available
2004-08-30,40.218,
2004-08-31,40.220,
2004-09-01,40.255,
2004-09-02,40.162,
2004-09-03,40.125,
2004-09-04,.,No value available
2004-09-05,.,No value available
2004-09-06,40.145,
2004-09-07,40.130,
2004-09-08,40.160,
2004-09-09,40.130,
2004-09-10,40.166,
2004-09-11,.,No value available
2004-09-12,.,No value available
2004-09-13,40.075,
2004-09-14,39.985,
2004-09-15,39.955,
2004-09-16,39.915,
2004-09-17,39.920,
2004-09-18,.,No value available
2004-09-19,.,No value available
2004-09-20,39.940,
2004-09-21,39.875,
2004-09-22,39.953,
2004-09-23,40.000,
2004-09-24,40.025,
2004-09-25,.,No value available
2004-09-26,.,No value available
2004-09-27,40.010,
2004-09-28,40.055,
2004-09-29,40.040,
2004-09-30,40.055,
2004-10-01,40.075,
2004-10-02,.,No value available
2004-10-03,.,No value available
2004-10-04,40.035,
2004-10-05,40.015,
2004-10-06,40.045,
2004-10-07,40.055,
2004-10-08,40.025,
2004-10-09,.,No value available
2004-10-10,.,No value available
2004-10-11,40.025,
2004-10-12,40.021,
2004-10-13,40.028,
2004-10-14,40.025,
2004-10-15,39.976,
2004-10-16,.,No value available
2004-10-17,.,No value available
2004-10-18,39.955,
2004-10-19,39.960,
2004-10-20,39.965,
2004-10-21,39.960,
2004-10-22,39.950,
2004-10-23,.,No value available
2004-10-24,.,No value available
2004-10-25,39.990,
2004-10-26,39.967,
2004-10-27,39.965,
2004-10-28,39.955,
2004-10-29,39.940,
2004-10-30,.,No value available
2004-10-31,.,No value available
2004-11-01,39.923,
2004-11-02,39.915,
2004-11-03,39.930,
2004-11-04,39.885,
2004-11-05,39.855,
2004-11-06,.,No value available
2004-11-07,.,No value available
2004-11-08,39.780,
2004-11-09,39.708,
2004-11-10,39.630,
2004-11-11,39.633,
2004-11-12,39.610,
2004-11-13,.,No value available
2004-11-14,.,No value available
2004-11-15,39.620,
2004-11-16,39.480,
2004-11-17,39.443,
2004-11-18,39.408,
2004-11-19,39.265,
2004-11-20,.,No value available
2004-11-21,.,No value available
2004-11-22,39.255,
2004-11-23,39.255,
2004-11-24,39.315,
2004-11-25,39.255,
2004-11-26,39.285,
2004-11-27,.,No value available
2004-11-28,.,No value available
2004-11-29,39.275,
2004-11-30,39.280,
2004-12-01,39.220,
2004-12-02,39.025,
2004-12-03,39.054,
2004-12-04,.,No value available
2004-12-05,.,No value available
2004-12-06,39.135,
2004-12-07,39.093,
2004-12-08,39.097,
2004-12-09,39.073,
2004-12-10,39.088,
2004-12-11,.,No value available
2004-12-12,.,No value available
2004-12-13,38.945,
2004-12-14,38.785,
2004-12-15,38.755,
2004-12-16,38.761,
2004-12-17,38.631,
2004-12-18,.,No value available
2004-12-19,.,No value available
2004-12-20,38.545,
2004-12-21,38.565,
2004-12-22,38.750,
2004-12-23,38.810,
2004-12-24,38.830,
2004-12-25,.,No value available
2004-12-26,.,No value available
2004-12-27,38.805,
2004-12-28,38.845,
2004-12-29,38.793,
2004-12-30,38.710,
2004-12-31,38.745,
2005-01-01,.,No value available
2005-01-02,.,No value available
2005-01-03,38.655,
2005-01-04,38.570,
2005-01-05,38.625,
2005-01-06,38.620,
2005-01-07,38.608,
2005-01-08,.,No value available
2005-01-09,.,No value available
2005-01-10,38.528,
2005-01-11,38.632,
2005-01-12,38.700,
2005-01-13,38.595,
2005-01-14,38.580,
2005-01-15,.,No value available
2005-01-16,.,No value available
2005-01-17,38.608,
2005-01-18,38.640,
2005-01-19,38.625,
2005-01-20,38.680,
2005-01-21,38.660,
2005-01-22,.,No value available
2005-01-23,.,No value available
2005-01-24,38.620,
2005-01-25,38.613,
2005-01-26,38.535,
2005-01-27,38.435,
2005-01-28,38.338,
2005-01-29,.,No value available
2005-01-30,.,No value available
2005-01-31,38.170,
2005-02-01,38.140,
2005-02-02,38.120,
2005-02-03,38.090,
2005-02-04,38.043,
2005-02-05,.,No value available
2005-02-06,.,No value available
2005-02-07,38.070,
2005-02-08,38.046,
2005-02-09,38.080,
2005-02-10,38.080,
2005-02-11,38.154,
2005-02-12,.,No value available
2005-02-13,.,No value available
2005-02-14,38.115,
2005-02-15,38.093,
2005-02-16,38.072,
2005-02-17,38.130,
2005-02-18,38.050,
2005-02-19,.,No value available
2005-02-20,.,No value available
2005-02-21,38.054,
2005-02-22,38.045,
2005-02-23,37.913,
2005-02-24,37.850,
2005-02-25,37.858,
2005-02-26,.,No value available
2005-02-27,.,No value available
2005-02-28,37.874,
2005-03-01,37.838,
2005-03-02,37.858,
2005-03-03,37.896,
2005-03-04,37.884,
2005-03-05,.,No value available
2005-03-06,.,No value available
2005-03-07,37.650,
2005-03-08,37.604,
2005-03-09,37.555,
2005-03-10,37.761,
2005-03-11,37.649,
2005-03-12,.,No value available
2005-03-13,.,No value available
2005-03-14,37.836,
2005-03-15,37.756,
2005-03-16,38.461,
2005-03-17,38.775,
2005-03-18,38.280,
2005-03-19,.,No value available
2005-03-20,.,No value available
2005-03-21,38.895,
2005-03-22,38.775,
2005-03-23,39.120,
2005-03-24,39.035,
2005-03-25,.,No value available
2005-03-26,.,No value available
2005-03-27,.,No value available
2005-03-28,.,No value available
2005-03-29,39.148,
2005-03-30,38.870,
2005-03-31,38.672,
2005-04-01,38.750,
2005-04-02,.,No value available
2005-04-03,.,No value available
2005-04-04,38.885,
2005-04-05,38.935,
2005-04-06,38.915,
2005-04-07,38.900,
2005-04-08,38.825,
2005-04-09,.,No value available
2005-04-10,.,No value available
2005-04-11,38.720,
2005-04-12,38.660,
2005-04-13,38.686,
2005-04-14,38.890,
2005-04-15,39.246,
2005-04-16,.,No value available
2005-04-17,.,No value available
2005-04-18,39.595,
2005-04-19,39.825,
2005-04-20,39.500,
2005-04-21,39.535,
2005-04-22,39.590,
2005-04-23,.,No value available
2005-04-24,.,No value available
2005-04-25,39.800,
2005-04-26,39.695,
2005-04-27,39.620,
2005-04-28,39.863,
2005-04-29,39.435,
2005-04-30,.,No value available
2005-05-01,.,No value available
2005-05-02,39.345,
2005-05-03,39.270,
2005-05-04,38.890,
2005-05-05,38.804,
2005-05-06,38.760,
2005-05-07,.,No value available
2005-05-08,.,No value available
2005-05-09,38.645,
2005-05-10,38.870,
2005-05-11,38.910,
2005-05-12,38.818,
2005-05-13,38.888,
2005-05-14,.,No value available
2005-05-15,.,No value available
2005-05-16,39.150,
2005-05-17,39.075,
2005-05-18,39.038,
2005-05-19,38.890,
2005-05-20,38.910,
2005-05-21,.,No value available
2005-05-22,.,No value available
2005-05-23,39.040,
2005-05-24,38.975,
2005-05-25,39.215,
2005-05-26,39.210,
2005-05-27,39.189,
2005-05-28,.,No value available
2005-05-29,.,No value available
2005-05-30,39.134,
2005-05-31,39.064,
2005-06-01,39.185,
2005-06-02,38.896,
2005-06-03,38.769,
2005-06-04,.,No value available
2005-06-05,.,No value available
2005-06-06,38.739,
2005-06-07,38.598,
2005-06-08,38.575,
2005-06-09,38.685,
2005-06-10,38.651,
2005-06-11,.,No value available
2005-06-12,.,No value available
2005-06-13,38.645,
2005-06-14,38.565,
2005-06-15,38.320,
2005-06-16,38.394,
2005-06-17,38.315,
2005-06-18,.,No value available
2005-06-19,.,No value available
2005-06-20,38.449,
2005-06-21,38.439,
2005-06-22,38.314,
2005-06-23,38.321,
2005-06-24,38.320,
2005-06-25,.,No value available
2005-06-26,.,No value available
2005-06-27,38.328,
2005-06-28,38.439,
2005-06-29,38.407,
2005-06-30,38.414,
2005-07-01,38.315,
2005-07-02,.,No value available
2005-07-03,.,No value available
2005-07-04,38.310,
2005-07-05,38.270,
2005-07-06,38.395,
2005-07-07,38.954,
2005-07-08,38.941,
2005-07-09,.,No value available
2005-07-10,.,No value available
2005-07-11,38.879,
2005-07-12,38.780,
2005-07-13,39.161,
2005-07-14,39.096,
2005-07-15,39.140,
2005-07-16,.,No value available
2005-07-17,.,No value available
2005-07-18,38.989,
2005-07-19,39.145,
2005-07-20,39.151,
2005-07-21,38.969,
2005-07-22,38.900,
2005-07-23,.,No value available
2005-07-24,.,No value available
2005-07-25,38.910,
2005-07-26,39.130,
2005-07-27,39.130,
2005-07-28,39.100,
2005-07-29,38.935,
2005-07-30,.,No value available
2005-07-31,.,No value available
2005-08-01,38.915,
2005-08-02,38.902,
2005-08-03,38.870,
2005-08-04,38.825,
2005-08-05,38.650,
2005-08-06,.,No value available
2005-08-07,.,No value available
2005-08-08,38.583,
2005-08-09,38.510,
2005-08-10,38.480,
2005-08-11,38.460,
2005-08-12,38.515,
2005-08-13,.,No value available
2005-08-14,.,No value available
2005-08-15,38.499,
2005-08-16,38.401,
2005-08-17,38.603,
2005-08-18,38.580,
2005-08-19,38.605,
2005-08-20,.,No value available
2005-08-21,.,No value available
2005-08-22,38.590,
2005-08-23,38.800,
2005-08-24,38.808,
2005-08-25,38.865,
2005-08-26,38.823,
2005-08-27,.,No value available
2005-08-28,.,No value available
2005-08-29,38.811,
2005-08-30,38.792,
2005-08-31,38.765,
2005-09-01,38.550,
2005-09-02,38.535,
2005-09-03,.,No value available
2005-09-04,.,No value available
2005-09-05,38.229,
2005-09-06,38.265,
2005-09-07,38.240,
2005-09-08,38.145,
2005-09-09,38.140,
2005-09-10,.,No value available
2005-09-11,.,No value available
2005-09-12,38.183,
2005-09-13,38.510,
2005-09-14,38.455,
2005-09-15,38.448,
2005-09-16,38.347,
2005-09-17,.,No value available
2005-09-18,.,No value available
2005-09-19,38.430,
2005-09-20,38.460,
2005-09-21,38.445,
2005-09-22,38.499,
2005-09-23,38.600,
2005-09-24,.,No value available
2005-09-25,.,No value available
2005-09-26,38.587,
2005-09-27,38.588,
2005-09-28,38.775,
2005-09-29,38.870,
2005-09-30,38.790,
2005-10-01,.,No value available
2005-10-02,.,No value available
2005-10-03,38.852,
2005-10-04,38.815,
2005-10-05,38.788,
2005-10-06,38.960,
2005-10-07,38.943,
2005-10-08,.,No value available
2005-10-09,.,No value available
2005-10-10,38.845,
2005-10-11,38.767,
2005-10-12,38.840,
2005-10-13,38.949,
2005-10-14,38.925,
2005-10-15,.,No value available
2005-10-16,.,No value available
2005-10-17,38.880,
2005-10-18,38.923,
2005-10-19,39.013,
2005-10-20,38.933,
2005-10-21,38.926,
2005-10-22,.,No value available
2005-10-23,.,No value available
2005-10-24,38.888,
2005-10-25,38.943,
2005-10-26,39.060,
2005-10-27,39.033,
2005-10-28,39.068,
2005-10-29,.,No value available
2005-10-30,.,No value available
2005-10-31,39.038,
2005-11-01,39.042,
2005-11-02,39.000,
2005-11-03,38.930,
2005-11-04,38.931,
2005-11-05,.,No value available
2005-11-06,.,No value available
2005-11-07,38.975,
2005-11-08,38.950,
2005-11-09,38.921,
2005-11-10,38.953,
2005-11-11,38.927,
2005-11-12,.,No value available
2005-11-13,.,No value available
2005-11-14,38.904,
2005-11-15,38.845,
2005-11-16,38.730,
2005-11-17,38.684,
2005-11-18,38.684,
2005-11-19,.,No value available
2005-11-20,.,No value available
2005-11-21,38.700,
2005-11-22,38.700,
2005-11-23,38.580,
2005-11-24,38.495,
2005-11-25,38.455,
2005-11-26,.,No value available
2005-11-27,.,No value available
2005-11-28,37.751,
2005-11-29,37.868,
2005-11-30,37.893,
2005-12-01,37.894,
2005-12-02,37.852,
2005-12-03,.,No value available
2005-12-04,.,No value available
2005-12-05,37.825,
2005-12-06,37.795,
2005-12-07,37.820,
2005-12-08,38.020,
2005-12-09,38.026,
2005-12-10,.,No value available
2005-12-11,.,No value available
2005-12-12,38.020,
2005-12-13,37.856,
2005-12-14,37.805,
2005-12-15,37.918,
2005-12-16,37.975,
2005-12-17,.,No value available
2005-12-18,.,No value available
2005-12-19,38.008,
2005-12-20,37.905,
2005-12-21,37.851,
2005-12-22,37.760,
2005-12-23,37.730,
2005-12-24,.,No value available
2005-12-25,.,No value available
2005-12-26,.,No value available
2005-12-27,37.705,
2005-12-28,37.798,
2005-12-29,37.870,
2005-12-30,37.880,
2005-12-31,.,No value available
2006-01-01,.,No value available
2006-01-02,37.865,
2006-01-03,37.705,
2006-01-04,37.656,
2006-01-05,37.645,
2006-01-06,37.608,
2006-01-07,.,No value available
2006-01-08,.,No value available
2006-01-09,37.400,
2006-01-10,37.465,
2006-01-11,37.380,
2006-01-12,37.405,
2006-01-13,37.520,
2006-01-14,.,No value available
2006-01-15,.,No value available
2006-01-16,37.477,
2006-01-17,37.538,
2006-01-18,37.620,
2006-01-19,37.570,
2006-01-20,37.475,
2006-01-21,.,No value available
2006-01-22,.,No value available
2006-01-23,37.476,
2006-01-24,37.390,
2006-01-25,37.215,
2006-01-26,37.320,
2006-01-27,37.360,
2006-01-28,.,No value available
2006-01-29,.,No value available
2006-01-30,37.360,
2006-01-31,37.370,
2006-02-01,37.279,
2006-02-02,37.371,
2006-02-03,37.365,
2006-02-04,.,No value available
2006-02-05,.,No value available
2006-02-06,37.341,
2006-02-07,37.580,
2006-02-08,37.650,
2006-02-09,37.558,
2006-02-10,37.465,
2006-02-11,.,No value available
2006-02-12,.,No value available
2006-02-13,37.545,
2006-02-14,37.553,
2006-02-15,37.395,
2006-02-16,37.370,
2006-02-17,37.345,
2006-02-18,.,No value available
2006-02-19,.,No value available
2006-02-20,37.298,
2006-02-21,37.263,
2006-02-22,37.445,
2006-02-23,37.320,
2006-02-24,37.285,
2006-02-25,.,No value available
2006-02-26,.,No value available
2006-02-27,37.271,
2006-02-28,37.108,
2006-03-01,36.975,
2006-03-02,36.950,
2006-03-03,37.160,
2006-03-04,.,No value available
2006-03-05,.,No value available
2006-03-06,37.178,
2006-03-07,37.439,
2006-03-08,37.584,
2006-03-09,37.527,
2006-03-10,37.605,
2006-03-11,.,No value available
2006-03-12,.,No value available
2006-03-13,37.630,
2006-03-14,37.600,
2006-03-15,37.508,
2006-03-16,37.495,
2006-03-17,37.330,
2006-03-18,.,No value available
2006-03-19,.,No value available
2006-03-20,37.398,
2006-03-21,37.473,
2006-03-22,37.660,
2006-03-23,37.438,
2006-03-24,37.583,
2006-03-25,.,No value available
2006-03-26,.,No value available
2006-03-27,37.565,
2006-03-28,37.740,
2006-03-29,37.850,
2006-03-30,37.670,
2006-03-31,37.630,
2006-04-01,.,No value available
2006-04-02,.,No value available
2006-04-03,37.490,
2006-04-04,37.515,
2006-04-05,37.519,
2006-04-06,37.480,
2006-04-07,37.410,
2006-04-08,.,No value available
2006-04-09,.,No value available
2006-04-10,37.550,
2006-04-11,37.365,
2006-04-12,37.385,
2006-04-13,37.490,
2006-04-14,.,No value available
2006-04-15,.,No value available
2006-04-16,.,No value available
2006-04-17,.,No value available
2006-04-18,37.480,
2006-04-19,37.380,
2006-04-20,37.235,
2006-04-21,37.170,
2006-04-22,.,No value available
2006-04-23,.,No value available
2006-04-24,37.120,
2006-04-25,37.100,
2006-04-26,37.260,
2006-04-27,37.395,
2006-04-28,37.395,
2006-04-29,.,No value available
2006-04-30,.,No value available
2006-05-01,.,No value available
2006-05-02,37.325,
2006-05-03,37.220,
2006-05-04,37.300,
2006-05-05,37.310,
2006-05-06,.,No value available
2006-05-07,.,No value available
2006-05-08,37.313,
2006-05-09,37.420,
2006-05-10,37.483,
2006-05-11,37.359,
2006-05-12,37.573,
2006-05-13,.,No value available
2006-05-14,.,No value available
2006-05-15,37.750,
2006-05-16,37.540,
2006-05-17,37.513,
2006-05-18,37.723,
2006-05-19,37.673,
2006-05-20,.,No value available
2006-05-21,.,No value available
2006-05-22,37.750,
2006-05-23,37.765,
2006-05-24,37.850,
2006-05-25,37.900,
2006-05-26,37.750,
2006-05-27,.,No value available
2006-05-28,.,No value available
2006-05-29,37.735,
2006-05-30,37.690,
2006-05-31,37.770,
2006-06-01,37.800,
2006-06-02,37.693,
2006-06-03,.,No value available
2006-06-04,.,No value available
2006-06-05,37.740,
2006-06-06,37.745,
2006-06-07,37.725,
2006-06-08,37.890,
2006-06-09,37.866,
2006-06-10,.,No value available
2006-06-11,.,No value available
2006-06-12,37.945,
2006-06-13,38.100,
2006-06-14,38.125,
2006-06-15,38.010,
2006-06-16,37.990,
2006-06-17,.,No value available
2006-06-18,.,No value available
2006-06-19,38.130,
2006-06-20,38.210,
2006-06-21,38.530,
2006-06-22,38.272,
2006-06-23,38.300,
2006-06-24,.,No value available
2006-06-25,.,No value available
2006-06-26,38.223,
2006-06-27,38.149,
2006-06-28,38.243,
2006-06-29,38.320,
2006-06-30,38.350,
2006-07-01,.,No value available
2006-07-02,.,No value available
2006-07-03,38.420,
2006-07-04,38.385,
2006-07-05,38.388,
2006-07-06,38.395,
2006-07-07,38.400,
2006-07-08,.,No value available
2006-07-09,.,No value available
2006-07-10,38.435,
2006-07-11,38.410,
2006-07-12,38.715,
2006-07-13,38.633,
2006-07-14,38.710,
2006-07-15,.,No value available
2006-07-16,.,No value available
2006-07-17,38.580,
2006-07-18,38.562,
2006-07-19,38.594,
2006-07-20,38.183,
2006-07-21,38.348,
2006-07-22,.,No value available
2006-07-23,.,No value available
2006-07-24,38.385,
2006-07-25,38.070,
2006-07-26,38.122,
2006-07-27,38.005,
2006-07-28,38.075,
2006-07-29,.,No value available
2006-07-30,.,No value available
2006-07-31,38.110,
2006-08-01,38.090,
2006-08-02,38.090,
2006-08-03,37.960,
2006-08-04,37.970,
2006-08-05,.,No value available
2006-08-06,.,No value available
2006-08-07,37.680,
2006-08-08,37.570,
2006-08-09,37.355,
2006-08-10,37.417,
2006-08-11,37.395,
2006-08-12,.,No value available
2006-08-13,.,No value available
2006-08-14,37.566,
2006-08-15,37.540,
2006-08-16,37.535,
2006-08-17,37.415,
2006-08-18,37.533,
2006-08-19,.,No value available
2006-08-20,.,No value available
2006-08-21,37.653,
2006-08-22,37.655,
2006-08-23,37.615,
2006-08-24,37.775,
2006-08-25,37.730,
2006-08-26,.,No value available
2006-08-27,.,No value available
2006-08-28,37.710,
2006-08-29,37.738,
2006-08-30,37.752,
2006-08-31,37.650,
2006-09-01,37.723,
2006-09-02,.,No value available
2006-09-03,.,No value available
2006-09-04,37.670,
2006-09-05,37.596,
2006-09-06,37.515,
2006-09-07,37.575,
2006-09-08,37.575,
2006-09-09,.,No value available
2006-09-10,.,No value available
2006-09-11,37.575,
2006-09-12,37.568,
2006-09-13,37.368,
2006-09-14,37.408,
2006-09-15,37.388,
2006-09-16,.,No value available
2006-09-17,.,No value available
2006-09-18,37.360,
2006-09-19,37.472,
2006-09-20,37.465,
2006-09-21,37.505,
2006-09-22,37.568,
2006-09-23,.,No value available
2006-09-24,.,No value available
2006-09-25,37.501,
2006-09-26,37.400,
2006-09-27,37.443,
2006-09-28,37.380,
2006-09-29,37.385,
2006-09-30,.,No value available
2006-10-01,.,No value available
2006-10-02,37.385,
2006-10-03,37.210,
2006-10-04,37.246,
2006-10-05,37.150,
2006-10-06,37.112,
2006-10-07,.,No value available
2006-10-08,.,No value available
2006-10-09,37.082,
2006-10-10,37.023,
2006-10-11,36.870,
2006-10-12,36.915,
2006-10-13,36.853,
2006-10-14,.,No value available
2006-10-15,.,No value available
2006-10-16,36.805,
2006-10-17,36.833,
2006-10-18,36.721,
2006-10-19,36.635,
2006-10-20,36.580,
2006-10-21,.,No value available
2006-10-22,.,No value available
2006-10-23,36.603,
2006-10-24,36.594,
2006-10-25,36.576,
2006-10-26,36.381,
2006-10-27,36.380,
2006-10-28,.,No value available
2006-10-29,.,No value available
2006-10-30,36.415,
2006-10-31,36.326,
2006-11-01,36.275,
2006-11-02,36.363,
2006-11-03,36.376,
2006-11-04,.,No value available
2006-11-05,.,No value available
2006-11-06,36.177,
2006-11-07,36.125,
2006-11-08,36.104,
2006-11-09,36.085,
2006-11-10,36.198,
2006-11-11,.,No value available
2006-11-12,.,No value available
2006-11-13,36.095,
2006-11-14,35.975,
2006-11-15,35.770,
2006-11-16,35.767,
2006-11-17,35.626,
2006-11-18,.,No value available
2006-11-19,.,No value available
2006-11-20,35.678,
2006-11-21,35.526,
2006-11-22,35.656,
2006-11-23,35.653,
2006-11-24,35.635,
2006-11-25,.,No value available
2006-11-26,.,No value available
2006-11-27,35.662,
2006-11-28,35.641,
2006-11-29,35.531,
2006-11-30,35.530,
2006-12-01,35.538,
2006-12-02,.,No value available
2006-12-03,.,No value available
2006-12-04,35.550,
2006-12-05,35.535,
2006-12-06,35.465,
2006-12-07,35.460,
2006-12-08,35.446,
2006-12-09,.,No value available
2006-12-10,.,No value available
2006-12-11,35.137,
2006-12-12,35.027,
2006-12-13,34.775,
2006-12-14,34.866,
2006-12-15,34.853,
2006-12-16,.,No value available
2006-12-17,.,No value available
2006-12-18,34.839,
2006-12-19,34.880,
2006-12-20,34.688,
2006-12-21,34.585,
2006-12-22,34.378,
2006-12-23,.,No value available
2006-12-24,.,No value available
2006-12-25,.,No value available
2006-12-26,.,No value available
2006-12-27,34.349,
2006-12-28,34.561,
2006-12-29,34.435,
2006-12-30,.,No value available
2006-12-31,.,No value available
2007-01-01,.,No value available
2007-01-02,34.383,
2007-01-03,34.321,
2007-01-04,34.400,
2007-01-05,34.425,
2007-01-06,.,No value available
2007-01-07,.,No value available
2007-01-08,34.431,
2007-01-09,34.335,
2007-01-10,34.599,
2007-01-11,34.548,
2007-01-12,34.698,
2007-01-13,.,No value available
2007-01-14,.,No value available
2007-01-15,34.815,
2007-01-16,34.767,
2007-01-17,35.065,
2007-01-18,34.837,
2007-01-19,34.620,
2007-01-20,.,No value available
2007-01-21,.,No value available
2007-01-22,34.475,
2007-01-23,34.756,
2007-01-24,34.970,
2007-01-25,35.178,
2007-01-26,35.225,
2007-01-27,.,No value available
2007-01-28,.,No value available
2007-01-29,35.268,
2007-01-30,35.278,
2007-01-31,35.120,
2007-02-01,34.910,
2007-02-02,34.877,
2007-02-03,.,No value available
2007-02-04,.,No value available
2007-02-05,34.799,
2007-02-06,34.527,
2007-02-07,34.518,
2007-02-08,34.583,
2007-02-09,34.590,
2007-02-10,.,No value available
2007-02-11,.,No value available
2007-02-12,34.705,
2007-02-13,34.397,
2007-02-14,34.358,
2007-02-15,34.373,
2007-02-16,34.276,
2007-02-17,.,No value available
2007-02-18,.,No value available
2007-02-19,34.250,
2007-02-20,34.320,
2007-02-21,34.286,
2007-02-22,34.286,
2007-02-23,34.356,
2007-02-24,.,No value available
2007-02-25,.,No value available
2007-02-26,34.478,
2007-02-27,34.465,
2007-02-28,34.440,
2007-03-01,34.436,
2007-03-02,34.334,
2007-03-03,.,No value available
2007-03-04,.,No value available
2007-03-05,34.420,
2007-03-06,34.383,
2007-03-07,34.330,
2007-03-08,33.925,
2007-03-09,34.058,
2007-03-10,.,No value available
2007-03-11,.,No value available
2007-03-12,34.062,
2007-03-13,34.063,
2007-03-14,34.026,
2007-03-15,33.969,
2007-03-16,33.961,
2007-03-17,.,No value available
2007-03-18,.,No value available
2007-03-19,32.898,
2007-03-20,33.234,
2007-03-21,33.390,
2007-03-22,33.355,
2007-03-23,33.582,
2007-03-24,.,No value available
2007-03-25,.,No value available
2007-03-26,33.628,
2007-03-27,33.591,
2007-03-28,33.518,
2007-03-29,33.381,
2007-03-30,33.340,
2007-03-31,.,No value available
2007-04-01,.,No value available
2007-04-02,33.286,
2007-04-03,33.267,
2007-04-04,33.474,
2007-04-05,33.427,
2007-04-06,.,No value available
2007-04-07,.,No value available
2007-04-08,.,No value available
2007-04-09,.,No value available
2007-04-10,33.474,
2007-04-11,33.397,
2007-04-12,33.428,
2007-04-13,33.497,
2007-04-14,.,No value available
2007-04-15,.,No value available
2007-04-16,33.360,
2007-04-17,33.436,
2007-04-18,33.458,
2007-04-19,33.566,
2007-04-20,33.456,
2007-04-21,.,No value available
2007-04-22,.,No value available
2007-04-23,33.533,
2007-04-24,33.655,
2007-04-25,33.655,
2007-04-26,33.579,
2007-04-27,33.655,
2007-04-28,.,No value available
2007-04-29,.,No value available
2007-04-30,33.727,
2007-05-01,.,No value available
2007-05-02,33.662,
2007-05-03,33.618,
2007-05-04,33.540,
2007-05-05,.,No value available
2007-05-06,.,No value available
2007-05-07,33.537,
2007-05-08,33.627,
2007-05-09,33.579,
2007-05-10,33.581,
2007-05-11,33.686,
2007-05-12,.,No value available
2007-05-13,.,No value available
2007-05-14,33.584,
2007-05-15,33.662,
2007-05-16,33.676,
2007-05-17,33.687,
2007-05-18,33.742,
2007-05-19,.,No value available
2007-05-20,.,No value available
2007-05-21,33.694,
2007-05-22,33.697,
2007-05-23,33.743,
2007-05-24,33.787,
2007-05-25,34.025,
2007-05-26,.,No value available
2007-05-27,.,No value available
2007-05-28,33.975,
2007-05-29,34.029,
2007-05-30,34.085,
2007-05-31,33.968,
2007-06-01,33.863,
2007-06-02,.,No value available
2007-06-03,.,No value available
2007-06-04,33.845,
2007-06-05,34.034,
2007-06-06,34.215,
2007-06-07,34.268,
2007-06-08,34.398,
2007-06-09,.,No value available
2007-06-10,.,No value available
2007-06-11,34.277,
2007-06-12,34.227,
2007-06-13,34.330,
2007-06-14,34.315,
2007-06-15,34.184,
2007-06-16,.,No value available
2007-06-17,.,No value available
2007-06-18,33.892,
2007-06-19,33.733,
2007-06-20,33.743,
2007-06-21,33.814,
2007-06-22,33.713,
2007-06-23,.,No value available
2007-06-24,.,No value available
2007-06-25,33.813,
2007-06-26,33.947,
2007-06-27,33.956,
2007-06-28,33.832,
2007-06-29,33.635,
2007-06-30,.,No value available
2007-07-01,.,No value available
2007-07-02,33.561,
2007-07-03,33.584,
2007-07-04,33.479,
2007-07-05,33.495,
2007-07-06,33.521,
2007-07-07,.,No value available
2007-07-08,.,No value available
2007-07-09,33.382,
2007-07-10,33.399,
2007-07-11,33.377,
2007-07-12,33.282,
2007-07-13,33.238,
2007-07-14,.,No value available
2007-07-15,.,No value available
2007-07-16,33.151,
2007-07-17,33.161,
2007-07-18,33.157,
2007-07-19,33.150,
2007-07-20,33.136,
2007-07-21,.,No value available
2007-07-22,.,No value available
2007-07-23,33.113,
2007-07-24,33.044,
2007-07-25,33.188,
2007-07-26,33.353,
2007-07-27,33.503,
2007-07-28,.,No value available
2007-07-29,.,No value available
2007-07-30,33.543,
2007-07-31,33.365,
2007-08-01,33.476,
2007-08-02,33.420,
2007-08-03,33.370,
2007-08-04,.,No value available
2007-08-05,.,No value available
2007-08-06,33.380,
2007-08-07,33.390,
2007-08-08,33.323,
2007-08-09,33.476,
2007-08-10,33.530,
2007-08-11,.,No value available
2007-08-12,.,No value available
2007-08-13,33.416,
2007-08-14,33.502,
2007-08-15,33.667,
2007-08-16,33.800,
2007-08-17,33.740,
2007-08-18,.,No value available
2007-08-19,.,No value available
2007-08-20,33.657,
2007-08-21,33.779,
2007-08-22,33.761,
2007-08-23,33.718,
2007-08-24,33.740,
2007-08-25,.,No value available
2007-08-26,.,No value available
2007-08-27,33.718,
2007-08-28,33.754,
2007-08-29,33.833,
2007-08-30,33.740,
2007-08-31,33.689,
2007-09-01,.,No value available
2007-09-02,.,No value available
2007-09-03,33.727,
2007-09-04,33.764,
2007-09-05,33.781,
2007-09-06,33.765,
2007-09-07,33.726,
2007-09-08,.,No value available
2007-09-09,.,No value available
2007-09-10,33.737,
2007-09-11,33.637,
2007-09-12,33.635,
2007-09-13,33.662,
2007-09-14,33.760,
2007-09-15,.,No value available
2007-09-16,.,No value available
2007-09-17,33.845,
2007-09-18,33.866,
2007-09-19,33.788,
2007-09-20,33.833,
2007-09-21,33.925,
2007-09-22,.,No value available
2007-09-23,.,No value available
2007-09-24,34.135,
2007-09-25,34.151,
2007-09-26,34.083,
2007-09-27,33.881,
2007-09-28,33.877,
2007-09-29,.,No value available
2007-09-30,.,No value available
2007-10-01,33.923,
2007-10-02,33.955,
2007-10-03,34.229,
2007-10-04,34.237,
2007-10-05,33.912,
2007-10-06,.,No value available
2007-10-07,.,No value available
2007-10-08,33.664,
2007-10-09,33.577,
2007-10-10,33.582,
2007-10-11,33.560,
2007-10-12,33.627,
2007-10-13,.,No value available
2007-10-14,.,No value available
2007-10-15,33.549,
2007-10-16,33.687,
2007-10-17,33.625,
2007-10-18,33.548,
2007-10-19,33.466,
2007-10-20,.,No value available
2007-10-21,.,No value available
2007-10-22,33.693,
2007-10-23,33.553,
2007-10-24,33.437,
2007-10-25,33.270,
2007-10-26,33.291,
2007-10-27,.,No value available
2007-10-28,.,No value available
2007-10-29,33.278,
2007-10-30,33.351,
2007-10-31,33.332,
2007-11-01,33.357,
2007-11-02,33.270,
2007-11-03,.,No value available
2007-11-04,.,No value available
2007-11-05,33.290,
2007-11-06,33.185,
2007-11-07,33.183,
2007-11-08,33.122,
2007-11-09,33.144,
2007-11-10,.,No value available
2007-11-11,.,No value available
2007-11-12,33.000,
2007-11-13,32.866,
2007-11-14,32.927,
2007-11-15,33.090,
2007-11-16,33.090,
2007-11-17,.,No value available
2007-11-18,.,No value available
2007-11-19,33.142,
2007-11-20,33.203,
2007-11-21,33.445,
2007-11-22,33.469,
2007-11-23,33.569,
2007-11-24,.,No value available
2007-11-25,.,No value available
2007-11-26,33.434,
2007-11-27,33.558,
2007-11-28,33.239,
2007-11-29,33.370,
2007-11-30,33.161,
2007-12-01,.,No value available
2007-12-02,.,No value available
2007-12-03,33.241,
2007-12-04,33.315,
2007-12-05,33.260,
2007-12-06,33.188,
2007-12-07,33.173,
2007-12-08,.,No value available
2007-12-09,.,No value available
2007-12-10,33.068,
2007-12-11,33.098,
2007-12-12,33.180,
2007-12-13,33.293,
2007-12-14,33.399,
2007-12-15,.,No value available
2007-12-16,.,No value available
2007-12-17,33.555,
2007-12-18,33.561,
2007-12-19,33.661,
2007-12-20,33.624,
2007-12-21,33.599,
2007-12-22,.,No value available
2007-12-23,.,No value available
2007-12-24,33.658,
2007-12-25,.,No value available
2007-12-26,.,No value available
2007-12-27,33.614,
2007-12-28,33.601,
2007-12-29,.,No value available
2007-12-30,.,No value available
2007-12-31,33.583,
2008-01-01,.,No value available
2008-01-02,33.586,
2008-01-03,33.446,
2008-01-04,33.339,
2008-01-05,.,No value available
2008-01-06,.,No value available
2008-01-07,33.418,
2008-01-08,33.413,
2008-01-09,33.328,
2008-01-10,33.314,
2008-01-11,33.268,
2008-01-12,.,No value available
2008-01-13,.,No value available
2008-01-14,33.277,
2008-01-15,33.364,
2008-01-16,33.465,
2008-01-17,33.680,
2008-01-18,33.693,
2008-01-19,.,No value available
2008-01-20,.,No value available
2008-01-21,33.882,
2008-01-22,33.948,
2008-01-23,33.907,
2008-01-24,33.525,
2008-01-25,33.489,
2008-01-26,.,No value available
2008-01-27,.,No value available
2008-01-28,33.585,
2008-01-29,33.659,
2008-01-30,33.661,
2008-01-31,33.775,
2008-02-01,33.408,
2008-02-02,.,No value available
2008-02-03,.,No value available
2008-02-04,33.314,
2008-02-05,33.379,
2008-02-06,33.400,
2008-02-07,33.675,
2008-02-08,33.536,
2008-02-09,.,No value available
2008-02-10,.,No value available
2008-02-11,33.256,
2008-02-12,33.110,
2008-02-13,33.032,
2008-02-14,32.931,
2008-02-15,33.019,
2008-02-16,.,No value available
2008-02-17,.,No value available
2008-02-18,32.900,
2008-02-19,33.051,
2008-02-20,33.177,
2008-02-21,33.060,
2008-02-22,32.814,
2008-02-23,.,No value available
2008-02-24,.,No value available
2008-02-25,32.803,
2008-02-26,32.779,
2008-02-27,32.817,
2008-02-28,32.790,
2008-02-29,32.530,
2008-03-01,.,No value available
2008-03-02,.,No value available
2008-03-03,32.540,
2008-03-04,32.380,
2008-03-05,32.369,
2008-03-06,32.680,
2008-03-07,32.617,
2008-03-08,.,No value available
2008-03-09,.,No value available
2008-03-10,32.379,
2008-03-11,32.347,
2008-03-12,32.320,
2008-03-13,32.309,
2008-03-14,32.302,
2008-03-15,.,No value available
2008-03-16,.,No value available
2008-03-17,32.478,
2008-03-18,32.408,
2008-03-19,32.524,
2008-03-20,32.774,
2008-03-21,.,No value available
2008-03-22,.,No value available
2008-03-23,.,No value available
2008-03-24,.,No value available
2008-03-25,32.663,
2008-03-26,32.633,
2008-03-27,32.556,
2008-03-28,32.612,
2008-03-29,.,No value available
2008-03-30,.,No value available
2008-03-31,32.582,
2008-04-01,32.475,
2008-04-02,32.453,
2008-04-03,32.403,
2008-04-04,32.431,
2008-04-05,.,No value available
2008-04-06,.,No value available
2008-04-07,32.388,
2008-04-08,32.386,
2008-04-09,32.402,
2008-04-10,32.334,
2008-04-11,32.414,
2008-04-12,.,No value available
2008-04-13,.,No value available
2008-04-14,32.302,
2008-04-15,32.334,
2008-04-16,32.355,
2008-04-17,32.442,
2008-04-18,32.431,
2008-04-19,.,No value available
2008-04-20,.,No value available
2008-04-21,32.445,
2008-04-22,32.341,
2008-04-23,32.355,
2008-04-24,32.406,
2008-04-25,32.415,
2008-04-26,.,No value available
2008-04-27,.,No value available
2008-04-28,32.252,
2008-04-29,32.238,
2008-04-30,32.229,
2008-05-01,.,No value available
2008-05-02,32.237,
2008-05-03,.,No value available
2008-05-04,.,No value available
2008-05-05,32.243,
2008-05-06,32.158,
2008-05-07,32.050,
2008-05-08,32.050,
2008-05-09,31.992,
2008-05-10,.,No value available
2008-05-11,.,No value available
2008-05-12,31.775,
2008-05-13,31.710,
2008-05-14,31.720,
2008-05-15,31.645,
2008-05-16,31.525,
2008-05-17,.,No value available
2008-05-18,.,No value available
2008-05-19,31.482,
2008-05-20,31.324,
2008-05-21,31.215,
2008-05-22,31.147,
2008-05-23,31.075,
2008-05-24,.,No value available
2008-05-25,.,No value available
2008-05-26,31.145,
2008-05-27,31.105,
2008-05-28,30.662,
2008-05-29,30.240,
2008-05-30,30.280,
2008-05-31,.,No value available
2008-06-01,.,No value available
2008-06-02,30.331,
2008-06-03,30.360,
2008-06-04,30.325,
2008-06-05,30.325,
2008-06-06,30.348,
2008-06-07,.,No value available
2008-06-08,.,No value available
2008-06-09,30.338,
2008-06-10,30.280,
2008-06-11,30.305,
2008-06-12,30.320,
2008-06-13,30.300,
2008-06-14,.,No value available
2008-06-15,.,No value available
2008-06-16,30.305,
2008-06-17,30.310,
2008-06-18,30.360,
2008-06-19,30.355,
2008-06-20,30.350,
2008-06-21,.,No value available
2008-06-22,.,No value available
2008-06-23,30.347,
2008-06-24,30.344,
2008-06-25,30.335,
2008-06-26,30.316,
2008-06-27,30.310,
2008-06-28,.,No value available
2008-06-29,.,No value available
2008-06-30,30.205,
2008-07-01,30.196,
2008-07-02,30.302,
2008-07-03,30.300,
2008-07-04,30.270,
2008-07-05,.,No value available
2008-07-06,.,No value available
2008-07-07,30.245,
2008-07-08,30.265,
2008-07-09,30.278,
2008-07-10,30.289,
2008-07-11,30.290,
2008-07-12,.,No value available
2008-07-13,.,No value available
2008-07-14,30.295,
2008-07-15,30.305,
2008-07-16,30.302,
2008-07-17,30.318,
2008-07-18,30.335,
2008-07-19,.,No value available
2008-07-20,.,No value available
2008-07-21,30.330,
2008-07-22,30.363,
2008-07-23,30.353,
2008-07-24,30.364,
2008-07-25,30.385,
2008-07-26,.,No value available
2008-07-27,.,No value available
2008-07-28,30.390,
2008-07-29,30.385,
2008-07-30,30.395,
2008-07-31,30.371,
2008-08-01,30.375,
2008-08-02,.,No value available
2008-08-03,.,No value available
2008-08-04,30.385,
2008-08-05,30.375,
2008-08-06,30.375,
2008-08-07,30.363,
2008-08-08,30.346,
2008-08-09,.,No value available
2008-08-10,.,No value available
2008-08-11,30.361,
2008-08-12,30.343,
2008-08-13,30.337,
2008-08-14,30.325,
2008-08-15,30.305,
2008-08-16,.,No value available
2008-08-17,.,No value available
2008-08-18,30.310,
2008-08-19,30.306,
2008-08-20,30.311,
2008-08-21,30.307,
2008-08-22,30.308,
2008-08-23,.,No value available
2008-08-24,.,No value available
2008-08-25,30.315,
2008-08-26,30.304,
2008-08-27,30.315,
2008-08-28,30.307,
2008-08-29,30.336,
2008-08-30,.,No value available
2008-08-31,.,No value available
2008-09-01,30.335,
2008-09-02,30.290,
2008-09-03,30.285,
2008-09-04,30.278,
2008-09-05,30.281,
2008-09-06,.,No value available
2008-09-07,.,No value available
2008-09-08,30.290,
2008-09-09,30.265,
2008-09-10,30.265,
2008-09-11,30.280,
2008-09-12,30.260,
2008-09-13,.,No value available
2008-09-14,.,No value available
2008-09-15,30.270,
2008-09-16,30.260,
2008-09-17,30.255,
2008-09-18,30.275,
2008-09-19,30.275,
2008-09-20,.,No value available
2008-09-21,.,No value available
2008-09-22,30.290,
2008-09-23,30.285,
2008-09-24,30.300,
2008-09-25,30.290,
2008-09-26,30.291,
2008-09-27,.,No value available
2008-09-28,.,No value available
2008-09-29,30.305,
2008-09-30,30.300,
2008-10-01,30.304,
2008-10-02,30.331,
2008-10-03,30.329,
2008-10-04,.,No value available
2008-10-05,.,No value available
2008-10-06,30.355,
2008-10-07,30.395,
2008-10-08,30.380,
2008-10-09,30.415,
2008-10-10,30.695,
2008-10-11,.,No value available
2008-10-12,.,No value available
2008-10-13,30.560,
2008-10-14,30.455,
2008-10-15,30.475,
2008-10-16,30.545,
2008-10-17,30.515,
2008-10-18,.,No value available
2008-10-19,.,No value available
2008-10-20,30.465,
2008-10-21,30.467,
2008-10-22,30.475,
2008-10-23,30.575,
2008-10-24,30.505,
2008-10-25,.,No value available
2008-10-26,.,No value available
2008-10-27,30.530,
2008-10-28,30.479,
2008-10-29,30.476,
2008-10-30,30.390,
2008-10-31,30.445,
2008-11-01,.,No value available
2008-11-02,.,No value available
2008-11-03,30.400,
2008-11-04,30.333,
2008-11-05,30.345,
2008-11-06,30.310,
2008-11-07,30.394,
2008-11-08,.,No value available
2008-11-09,.,No value available
2008-11-10,30.425,
2008-11-11,30.460,
2008-11-12,30.495,
2008-11-13,30.410,
2008-11-14,30.420,
2008-11-15,.,No value available
2008-11-16,.,No value available
2008-11-17,30.400,
2008-11-18,30.380,
2008-11-19,30.390,
2008-11-20,30.380,
2008-11-21,30.404,
2008-11-22,.,No value available
2008-11-23,.,No value available
2008-11-24,30.400,
2008-11-25,30.342,
2008-11-26,30.355,
2008-11-27,30.334,
2008-11-28,30.322,
2008-11-29,.,No value available
2008-11-30,.,No value available
2008-12-01,30.312,
2008-12-02,30.265,
2008-12-03,30.225,
2008-12-04,30.195,
2008-12-05,30.190,
2008-12-06,.,No value available
2008-12-07,.,No value available
2008-12-08,30.195,
2008-12-09,30.181,
2008-12-10,30.189,
2008-12-11,30.175,
2008-12-12,30.170,
2008-12-13,.,No value available
2008-12-14,.,No value available
2008-12-15,30.161,
2008-12-16,30.180,
2008-12-17,30.197,
2008-12-18,30.180,
2008-12-19,30.230,
2008-12-20,.,No value available
2008-12-21,.,No value available
2008-12-22,30.175,
2008-12-23,30.230,
2008-12-24,30.220,
2008-12-25,.,No value available
2008-12-26,.,No value available
2008-12-27,.,No value available
2008-12-28,.,No value available
2008-12-29,30.170,
2008-12-30,30.145,
2008-12-31,30.126,
