"",BBEX3.D.TRL.EUR.BB.AC.000,BBEX3.D.TRL.EUR.BB.AC.000_FLAGS
"",Euro foreign exchange reference rate of the ECB / EUR 1 = TRL ... / Turkey / up to the end of December 2004,
Comment (in english),"Up to September 2000, ECB indicative rates. From October 2000 daily euro foreign exchange reference rates of the ECB, which were calculated on the basis of the concertation between central banks at 14.15. Currency conversion with effect from 1 January 2005: TRL 1,000,000 = TRY 1. Since 2005, see BBEX3:D:TRY:EUR:BB:AC:000.",
Decimals,0,
Source (in english),European Central Bank (ECB).,
Time format code,P1D,
category,WEDE,
unit,TRL,
unit multiplier,One,
last update,2023-09-20 14:34:37,
1999-01-01,.,No value available
1999-01-02,.,No value available
1999-01-03,.,No value available
1999-01-04,372274,
1999-01-05,372816,
1999-01-06,372188,
1999-01-07,370147,
1999-01-08,371830,
1999-01-09,.,No value available
1999-01-10,.,No value available
1999-01-11,372471,
1999-01-12,372105,
1999-01-13,376350,
1999-01-14,375101,
1999-01-15,374193,
1999-01-16,.,No value available
1999-01-17,.,No value available
1999-01-18,382036,
1999-01-19,382052,
1999-01-20,380440,
1999-01-21,380335,
1999-01-22,378192,
1999-01-23,.,No value available
1999-01-24,.,No value available
1999-01-25,380138,
1999-01-26,380468,
1999-01-27,379757,
1999-01-28,378453,
1999-01-29,377866,
1999-01-30,.,No value available
1999-01-31,.,No value available
1999-02-01,379647,
1999-02-02,380186,
1999-02-03,380242,
1999-02-04,380233,
1999-02-05,382365,
1999-02-06,.,No value available
1999-02-07,.,No value available
1999-02-08,382257,
1999-02-09,384410,
1999-02-10,385237,
1999-02-11,384852,
1999-02-12,386971,
1999-02-13,.,No value available
1999-02-14,.,No value available
1999-02-15,386261,
1999-02-16,385622,
1999-02-17,388150,
1999-02-18,388138,
1999-02-19,388772,
1999-02-20,.,No value available
1999-02-21,.,No value available
1999-02-22,386147,
1999-02-23,385700,
1999-02-24,388056,
1999-02-25,388487,
1999-02-26,388147,
1999-02-27,.,No value available
1999-02-28,.,No value available
1999-03-01,390183,
1999-03-02,388646,
1999-03-03,389288,
1999-03-04,388976,
1999-03-05,389948,
1999-03-06,.,No value available
1999-03-07,.,No value available
1999-03-08,391539,
1999-03-09,391883,
1999-03-10,393857,
1999-03-11,393263,
1999-03-12,395735,
1999-03-13,.,No value available
1999-03-14,.,No value available
1999-03-15,396700,
1999-03-16,396161,
1999-03-17,398135,
1999-03-18,399131,
1999-03-19,399184,
1999-03-20,.,No value available
1999-03-21,.,No value available
1999-03-22,398510,
1999-03-23,399861,
1999-03-24,400908,
1999-03-25,400718,
1999-03-26,399139,
1999-03-27,.,No value available
1999-03-28,.,No value available
1999-03-29,399809,
1999-03-30,400396,
1999-03-31,400814,
1999-04-01,403086,
1999-04-02,403010,
1999-04-03,.,No value available
1999-04-04,.,No value available
1999-04-05,403671,
1999-04-06,403131,
1999-04-07,406178,
1999-04-08,406605,
1999-04-09,405940,
1999-04-10,.,No value available
1999-04-11,.,No value available
1999-04-12,409852,
1999-04-13,408367,
1999-04-14,409524,
1999-04-15,409291,
1999-04-16,407640,
1999-04-17,.,No value available
1999-04-18,.,No value available
1999-04-19,408831,
1999-04-20,408831,
1999-04-21,408810,
1999-04-22,409072,
1999-04-23,411957,
1999-04-24,.,No value available
1999-04-25,.,No value available
1999-04-26,412184,
1999-04-27,413557,
1999-04-28,414253,
1999-04-29,413086,
1999-04-30,413470,
1999-05-01,.,No value available
1999-05-02,.,No value available
1999-05-03,415285,
1999-05-04,414829,
1999-05-05,417261,
1999-05-06,421187,
1999-05-07,420677,
1999-05-08,.,No value available
1999-05-09,.,No value available
1999-05-10,421600,
1999-05-11,421984,
1999-05-12,420644,
1999-05-13,420446,
1999-05-14,421491,
1999-05-15,.,No value available
1999-05-16,.,No value available
1999-05-17,424023,
1999-05-18,424768,
1999-05-19,423319,
1999-05-20,424443,
1999-05-21,423686,
1999-05-22,.,No value available
1999-05-23,.,No value available
1999-05-24,425109,
1999-05-25,426353,
1999-05-26,424740,
1999-05-27,423843,
1999-05-28,423800,
1999-05-29,.,No value available
1999-05-30,.,No value available
1999-05-31,425048,
1999-06-01,425272,
1999-06-02,424418,
1999-06-03,425123,
1999-06-04,424659,
1999-06-05,.,No value available
1999-06-06,.,No value available
1999-06-07,425319,
1999-06-08,427046,
1999-06-09,429484,
1999-06-10,430063,
1999-06-11,430854,
1999-06-12,.,No value available
1999-06-13,.,No value available
1999-06-14,431049,
1999-06-15,430530,
1999-06-16,429669,
1999-06-17,430201,
1999-06-18,430864,
1999-06-19,.,No value available
1999-06-20,.,No value available
1999-06-21,432131,
1999-06-22,431884,
1999-06-23,431751,
1999-06-24,432335,
1999-06-25,437144,
1999-06-26,.,No value available
1999-06-27,.,No value available
1999-06-28,436183,
1999-06-29,435934,
1999-06-30,434931,
1999-07-01,433811,
1999-07-02,433905,
1999-07-03,.,No value available
1999-07-04,.,No value available
1999-07-05,435258,
1999-07-06,435419,
1999-07-07,435555,
1999-07-08,434979,
1999-07-09,435786,
1999-07-10,.,No value available
1999-07-11,.,No value available
1999-07-12,435983,
1999-07-13,437903,
1999-07-14,437903,
1999-07-15,439259,
1999-07-16,441042,
1999-07-17,.,No value available
1999-07-18,.,No value available
1999-07-19,439847,
1999-07-20,446633,
1999-07-21,448529,
1999-07-22,449820,
1999-07-23,451067,
1999-07-24,.,No value available
1999-07-25,.,No value available
1999-07-26,456536,
1999-07-27,455314,
1999-07-28,454441,
1999-07-29,457371,
1999-07-30,459260,
1999-07-31,.,No value available
1999-08-01,.,No value available
1999-08-02,458871,
1999-08-03,459094,
1999-08-04,462121,
1999-08-05,463377,
1999-08-06,463791,
1999-08-07,.,No value available
1999-08-08,.,No value available
1999-08-09,463312,
1999-08-10,464506,
1999-08-11,463456,
1999-08-12,463132,
1999-08-13,465471,
1999-08-14,.,No value available
1999-08-15,.,No value available
1999-08-16,462948,
1999-08-17,463144,
1999-08-18,463183,
1999-08-19,463770,
1999-08-20,463770,
1999-08-21,.,No value available
1999-08-22,.,No value available
1999-08-23,467157,
1999-08-24,466042,
1999-08-25,464585,
1999-08-26,465213,
1999-08-27,467453,
1999-08-28,.,No value available
1999-08-29,.,No value available
1999-08-30,467683,
1999-08-31,471094,
1999-09-01,471851,
1999-09-02,474124,
1999-09-03,476620,
1999-09-04,.,No value available
1999-09-05,.,No value available
1999-09-06,474711,
1999-09-07,474707,
1999-09-08,476400,
1999-09-09,476606,
1999-09-10,474627,
1999-09-11,.,No value available
1999-09-12,.,No value available
1999-09-13,472926,
1999-09-14,473935,
1999-09-15,474150,
1999-09-16,475610,
1999-09-17,477866,
1999-09-18,.,No value available
1999-09-19,.,No value available
1999-09-20,478679,
1999-09-21,478874,
1999-09-22,482773,
1999-09-23,481324,
1999-09-24,485091,
1999-09-25,.,No value available
1999-09-26,.,No value available
1999-09-27,483381,
1999-09-28,485764,
1999-09-29,488546,
1999-09-30,491797,
1999-10-01,495139,
1999-10-02,.,No value available
1999-10-03,.,No value available
1999-10-04,495139,
1999-10-05,495557,
1999-10-06,497419,
1999-10-07,497967,
1999-10-08,498578,
1999-10-09,.,No value available
1999-10-10,.,No value available
1999-10-11,498157,
1999-10-12,498452,
1999-10-13,503245,
1999-10-14,503425,
1999-10-15,506349,
1999-10-16,.,No value available
1999-10-17,.,No value available
1999-10-18,509084,
1999-10-19,507650,
1999-10-20,507384,
1999-10-21,508232,
1999-10-22,510205,
1999-10-23,.,No value available
1999-10-24,.,No value available
1999-10-25,508754,
1999-10-26,508369,
1999-10-27,506737,
1999-10-28,506371,
1999-10-29,502790,
1999-10-30,.,No value available
1999-10-31,.,No value available
1999-11-01,509618,
1999-11-02,509242,
1999-11-03,509758,
1999-11-04,510260,
1999-11-05,508724,
1999-11-06,.,No value available
1999-11-07,.,No value available
1999-11-08,511373,
1999-11-09,512947,
1999-11-10,512830,
1999-11-11,514813,
1999-11-12,511579,
1999-11-13,.,No value available
1999-11-14,.,No value available
1999-11-15,514266,
1999-11-16,516406,
1999-11-17,518987,
1999-11-18,519053,
1999-11-19,520368,
1999-11-20,.,No value available
1999-11-21,.,No value available
1999-11-22,520654,
1999-11-23,521626,
1999-11-24,519734,
1999-11-25,520669,
1999-11-26,520754,
1999-11-27,.,No value available
1999-11-28,.,No value available
1999-11-29,521014,
1999-11-30,521695,
1999-12-01,521951,
1999-12-02,522090,
1999-12-03,521746,
1999-12-04,.,No value available
1999-12-05,.,No value available
1999-12-06,528642,
1999-12-07,531011,
1999-12-08,532966,
1999-12-09,530765,
1999-12-10,530795,
1999-12-11,.,No value available
1999-12-12,.,No value available
1999-12-13,533864,
1999-12-14,531014,
1999-12-15,531574,
1999-12-16,536956,
1999-12-17,537821,
1999-12-18,.,No value available
1999-12-19,.,No value available
1999-12-20,537688,
1999-12-21,538978,
1999-12-22,538852,
1999-12-23,540726,
1999-12-24,542780,
1999-12-25,.,No value available
1999-12-26,.,No value available
1999-12-27,545143,
1999-12-28,545283,
1999-12-29,545112,
1999-12-30,544641,
1999-12-31,.,No value available
2000-01-01,.,No value available
2000-01-02,.,No value available
2000-01-03,546131,
2000-01-04,552354,
2000-01-05,555329,
2000-01-06,555674,
2000-01-07,554980,
2000-01-08,.,No value available
2000-01-09,.,No value available
2000-01-10,552469,
2000-01-11,553669,
2000-01-12,555874,
2000-01-13,555470,
2000-01-14,553638,
2000-01-15,.,No value available
2000-01-16,.,No value available
2000-01-17,552307,
2000-01-18,552082,
2000-01-19,552251,
2000-01-20,551615,
2000-01-21,552769,
2000-01-22,.,No value available
2000-01-23,.,No value available
2000-01-24,552044,
2000-01-25,551859,
2000-01-26,552398,
2000-01-27,551034,
2000-01-28,547219,
2000-01-29,.,No value available
2000-01-30,.,No value available
2000-01-31,547238,
2000-02-01,544188,
2000-02-02,544861,
2000-02-03,546642,
2000-02-04,550467,
2000-02-05,.,No value available
2000-02-06,.,No value available
2000-02-07,549317,
2000-02-08,553719,
2000-02-09,554732,
2000-02-10,553311,
2000-02-11,551423,
2000-02-12,.,No value available
2000-02-13,.,No value available
2000-02-14,553977,
2000-02-15,551947,
2000-02-16,552895,
2000-02-17,557382,
2000-02-18,556767,
2000-02-19,.,No value available
2000-02-20,.,No value available
2000-02-21,557844,
2000-02-22,563235,
2000-02-23,564205,
2000-02-24,559789,
2000-02-25,557780,
2000-02-26,.,No value available
2000-02-27,.,No value available
2000-02-28,552445,
2000-02-29,556017,
2000-03-01,553835,
2000-03-02,557129,
2000-03-03,555147,
2000-03-04,.,No value available
2000-03-05,.,No value available
2000-03-06,555831,
2000-03-07,554169,
2000-03-08,552491,
2000-03-09,555868,
2000-03-10,555534,
2000-03-11,.,No value available
2000-03-12,.,No value available
2000-03-13,560604,
2000-03-14,557604,
2000-03-15,558094,
2000-03-16,560206,
2000-03-17,559482,
2000-03-18,.,No value available
2000-03-19,.,No value available
2000-03-20,563311,
2000-03-21,563138,
2000-03-22,560237,
2000-03-23,561481,
2000-03-24,565189,
2000-03-25,.,No value available
2000-03-26,.,No value available
2000-03-27,565967,
2000-03-28,564220,
2000-03-29,562103,
2000-03-30,561279,
2000-03-31,561798,
2000-04-01,.,No value available
2000-04-02,.,No value available
2000-04-03,563100,
2000-04-04,563107,
2000-04-05,567142,
2000-04-06,566115,
2000-04-07,564452,
2000-04-08,.,No value available
2000-04-09,.,No value available
2000-04-10,565859,
2000-04-11,566729,
2000-04-12,566768,
2000-04-13,565928,
2000-04-14,565766,
2000-04-15,.,No value available
2000-04-16,.,No value available
2000-04-17,568060,
2000-04-18,566205,
2000-04-19,565701,
2000-04-20,562170,
2000-04-21,.,No value available
2000-04-22,.,No value available
2000-04-23,.,No value available
2000-04-24,.,No value available
2000-04-25,561555,
2000-04-26,558116,
2000-04-27,557248,
2000-04-28,554105,
2000-04-29,.,No value available
2000-04-30,.,No value available
2000-05-01,.,No value available
2000-05-02,556196,
2000-05-03,549852,
2000-05-04,551472,
2000-05-05,552852,
2000-05-06,.,No value available
2000-05-07,.,No value available
2000-05-08,552122,
2000-05-09,552964,
2000-05-10,557994,
2000-05-11,558971,
2000-05-12,556722,
2000-05-13,.,No value available
2000-05-14,.,No value available
2000-05-15,562152,
2000-05-16,559437,
2000-05-17,554564,
2000-05-18,554857,
2000-05-19,552729,
2000-05-20,.,No value available
2000-05-21,.,No value available
2000-05-22,558735,
2000-05-23,563480,
2000-05-24,563317,
2000-05-25,559597,
2000-05-26,564699,
2000-05-27,.,No value available
2000-05-28,.,No value available
2000-05-29,570948,
2000-05-30,574448,
2000-05-31,572497,
2000-06-01,573973,
2000-06-02,575112,
2000-06-03,.,No value available
2000-06-04,.,No value available
2000-06-05,578962,
2000-06-06,580351,
2000-06-07,584214,
2000-06-08,588484,
2000-06-09,582709,
2000-06-10,.,No value available
2000-06-11,.,No value available
2000-06-12,584390,
2000-06-13,586757,
2000-06-14,588876,
2000-06-15,584895,
2000-06-16,587316,
2000-06-17,.,No value available
2000-06-18,.,No value available
2000-06-19,591097,
2000-06-20,587547,
2000-06-21,585505,
2000-06-22,583766,
2000-06-23,583990,
2000-06-24,.,No value available
2000-06-25,.,No value available
2000-06-26,581905,
2000-06-27,584681,
2000-06-28,585468,
2000-06-29,589218,
2000-06-30,590718,
2000-07-01,.,No value available
2000-07-02,.,No value available
2000-07-03,590213,
2000-07-04,590264,
2000-07-05,592413,
2000-07-06,592641,
2000-07-07,590793,
2000-07-08,.,No value available
2000-07-09,.,No value available
2000-07-10,592173,
2000-07-11,592853,
2000-07-12,592287,
2000-07-13,586526,
2000-07-14,587685,
2000-07-15,.,No value available
2000-07-16,.,No value available
2000-07-17,587948,
2000-07-18,588276,
2000-07-19,583156,
2000-07-20,583629,
2000-07-21,589293,
2000-07-22,.,No value available
2000-07-23,.,No value available
2000-07-24,588915,
2000-07-25,592322,
2000-07-26,592372,
2000-07-27,592096,
2000-07-28,587980,
2000-07-29,.,No value available
2000-07-30,.,No value available
2000-07-31,588419,
2000-08-01,588607,
2000-08-02,583991,
2000-08-03,580347,
2000-08-04,579970,
2000-08-05,.,No value available
2000-08-06,.,No value available
2000-08-07,583070,
2000-08-08,581865,
2000-08-09,579904,
2000-08-10,582400,
2000-08-11,585612,
2000-08-12,.,No value available
2000-08-13,.,No value available
2000-08-14,581879,
2000-08-15,586409,
2000-08-16,585115,
2000-08-17,587477,
2000-08-18,587210,
2000-08-19,.,No value available
2000-08-20,.,No value available
2000-08-21,584541,
2000-08-22,582698,
2000-08-23,580934,
2000-08-24,584378,
2000-08-25,585045,
2000-08-26,.,No value available
2000-08-27,.,No value available
2000-08-28,585656,
2000-08-29,583702,
2000-08-30,582524,
2000-08-31,582224,
2000-09-01,582337,
2000-09-02,.,No value available
2000-09-03,.,No value available
2000-09-04,587521,
2000-09-05,582907,
2000-09-06,580307,
2000-09-07,574738,
2000-09-08,577560,
2000-09-09,.,No value available
2000-09-10,.,No value available
2000-09-11,572705,
2000-09-12,574002,
2000-09-13,575355,
2000-09-14,578370,
2000-09-15,574957,
2000-09-16,.,No value available
2000-09-17,.,No value available
2000-09-18,571930,
2000-09-19,572814,
2000-09-20,569788,
2000-09-21,571661,
2000-09-22,586136,
2000-09-23,.,No value available
2000-09-24,.,No value available
2000-09-25,583384,
2000-09-26,582842,
2000-09-27,587783,
2000-09-28,586365,
2000-09-29,583548,
2000-09-30,.,No value available
2000-10-01,.,No value available
2000-10-02,587333,
2000-10-03,585533,
2000-10-04,584967,
2000-10-05,586667,
2000-10-06,583900,
2000-10-07,.,No value available
2000-10-08,.,No value available
2000-10-09,583967,
2000-10-10,584867,
2000-10-11,585017,
2000-10-12,582500,
2000-10-13,582233,
2000-10-14,.,No value available
2000-10-15,.,No value available
2000-10-16,579600,
2000-10-17,576867,
2000-10-18,578100,
2000-10-19,575000,
2000-10-20,577020,
2000-10-21,.,No value available
2000-10-22,.,No value available
2000-10-23,573650,
2000-10-24,573233,
2000-10-25,571550,
2000-10-26,570380,
2000-10-27,572300,
2000-10-28,.,No value available
2000-10-29,.,No value available
2000-10-30,579933,
2000-10-31,576887,
2000-11-01,582650,
2000-11-02,586067,
2000-11-03,591000,
2000-11-04,.,No value available
2000-11-05,.,No value available
2000-11-06,588575,
2000-11-07,585807,
2000-11-08,584110,
2000-11-09,583896,
2000-11-10,588333,
2000-11-11,.,No value available
2000-11-12,.,No value available
2000-11-13,587733,
2000-11-14,586527,
2000-11-15,586690,
2000-11-16,586767,
2000-11-17,585333,
2000-11-18,.,No value available
2000-11-19,.,No value available
2000-11-20,583283,
2000-11-21,583813,
2000-11-22,583127,
2000-11-23,582950,
2000-11-24,583603,
2000-11-25,.,No value available
2000-11-26,.,No value available
2000-11-27,581367,
2000-11-28,589157,
2000-11-29,590233,
2000-11-30,594267,
2000-12-01,600433,
2000-12-02,.,No value available
2000-12-03,.,No value available
2000-12-04,600317,
2000-12-05,599983,
2000-12-06,600467,
2000-12-07,608597,
2000-12-08,605533,
2000-12-09,.,No value available
2000-12-10,.,No value available
2000-12-11,600500,
2000-12-12,600800,
2000-12-13,601833,
2000-12-14,603667,
2000-12-15,608343,
2000-12-16,.,No value available
2000-12-17,.,No value available
2000-12-18,601733,
2000-12-19,605900,
2000-12-20,613335,
2000-12-21,614560,
2000-12-22,622500,
2000-12-23,.,No value available
2000-12-24,.,No value available
2000-12-25,.,No value available
2000-12-26,.,No value available
2000-12-27,625000,
2000-12-28,624000,
2000-12-29,624267,
2000-12-30,.,No value available
2000-12-31,.,No value available
2001-01-01,.,No value available
2001-01-02,630033,
2001-01-03,632957,
2001-01-04,630930,
2001-01-05,634750,
2001-01-06,.,No value available
2001-01-07,.,No value available
2001-01-08,632633,
2001-01-09,629467,
2001-01-10,630400,
2001-01-11,635100,
2001-01-12,635900,
2001-01-13,.,No value available
2001-01-14,.,No value available
2001-01-15,631067,
2001-01-16,631283,
2001-01-17,630533,
2001-01-18,632233,
2001-01-19,630850,
2001-01-20,.,No value available
2001-01-21,.,No value available
2001-01-22,627517,
2001-01-23,631717,
2001-01-24,627433,
2001-01-25,622533,
2001-01-26,626100,
2001-01-27,.,No value available
2001-01-28,.,No value available
2001-01-29,625017,
2001-01-30,625533,
2001-01-31,628563,
2001-02-01,633850,
2001-02-02,634167,
2001-02-03,.,No value available
2001-02-04,.,No value available
2001-02-05,635100,
2001-02-06,631650,
2001-02-07,632917,
2001-02-08,629017,
2001-02-09,628133,
2001-02-10,.,No value available
2001-02-11,.,No value available
2001-02-12,632000,
2001-02-13,631613,
2001-02-14,627433,
2001-02-15,624233,
2001-02-16,626500,
2001-02-17,.,No value available
2001-02-18,.,No value available
2001-02-19,630533,
2001-02-20,630067,
2001-02-21,624367,
2001-02-22,1050000,
2001-02-23,1052750,
2001-02-24,.,No value available
2001-02-25,.,No value available
2001-02-26,963500,
2001-02-27,935000,
2001-02-28,932000,
2001-03-01,886405,
2001-03-02,879033,
2001-03-03,.,No value available
2001-03-04,.,No value available
2001-03-05,850000,
2001-03-06,820947,
2001-03-07,880000,
2001-03-08,880000,
2001-03-09,862333,
2001-03-10,.,No value available
2001-03-11,.,No value available
2001-03-12,860000,
2001-03-13,866667,
2001-03-14,906667,
2001-03-15,929845,
2001-03-16,906667,
2001-03-17,.,No value available
2001-03-18,.,No value available
2001-03-19,920617,
2001-03-20,876833,
2001-03-21,881300,
2001-03-22,878500,
2001-03-23,889567,
2001-03-24,.,No value available
2001-03-25,.,No value available
2001-03-26,879627,
2001-03-27,863667,
2001-03-28,881333,
2001-03-29,964667,
2001-03-30,899433,
2001-03-31,.,No value available
2001-04-01,.,No value available
2001-04-02,965000,
2001-04-03,1096667,
2001-04-04,1104667,
2001-04-05,1103500,
2001-04-06,1056667,
2001-04-07,.,No value available
2001-04-08,.,No value available
2001-04-09,1106333,
2001-04-10,1150000,
2001-04-11,1140000,
2001-04-12,1124667,
2001-04-13,.,No value available
2001-04-14,.,No value available
2001-04-15,.,No value available
2001-04-16,.,No value available
2001-04-17,1068110,
2001-04-18,1105567,
2001-04-19,1069037,
2001-04-20,1104000,
2001-04-21,.,No value available
2001-04-22,.,No value available
2001-04-23,1104283,
2001-04-24,1121333,
2001-04-25,1075833,
2001-04-26,1116667,
2001-04-27,1050000,
2001-04-28,.,No value available
2001-04-29,.,No value available
2001-04-30,1017000,
2001-05-01,.,No value available
2001-05-02,1130000,
2001-05-03,1039000,
2001-05-04,1020720,
2001-05-05,.,No value available
2001-05-06,.,No value available
2001-05-07,1011383,
2001-05-08,1015000,
2001-05-09,1021600,
2001-05-10,1015800,
2001-05-11,1009000,
2001-05-12,.,No value available
2001-05-13,.,No value available
2001-05-14,999700,
2001-05-15,998500,
2001-05-16,997000,
2001-05-17,983000,
2001-05-18,977200,
2001-05-19,.,No value available
2001-05-20,.,No value available
2001-05-21,976000,
2001-05-22,962250,
2001-05-23,957000,
2001-05-24,960800,
2001-05-25,953000,
2001-05-26,.,No value available
2001-05-27,.,No value available
2001-05-28,957000,
2001-05-29,956700,
2001-05-30,982000,
2001-05-31,995000,
2001-06-01,974500,
2001-06-02,.,No value available
2001-06-03,.,No value available
2001-06-04,970000,
2001-06-05,990000,
2001-06-06,1005900,
2001-06-07,987000,
2001-06-08,987500,
2001-06-09,.,No value available
2001-06-10,.,No value available
2001-06-11,1003428,
2001-06-12,1008748,
2001-06-13,1038000,
2001-06-14,1018333,
2001-06-15,1030000,
2001-06-16,.,No value available
2001-06-17,.,No value available
2001-06-18,1046000,
2001-06-19,1048000,
2001-06-20,1069000,
2001-06-21,1098000,
2001-06-22,1086000,
2001-06-23,.,No value available
2001-06-24,.,No value available
2001-06-25,1120000,
2001-06-26,1093000,
2001-06-27,1078667,
2001-06-28,1081333,
2001-06-29,1067000,
2001-06-30,.,No value available
2001-07-01,.,No value available
2001-07-02,1063000,
2001-07-03,1082000,
2001-07-04,1080000,
2001-07-05,1075000,
2001-07-06,1113000,
2001-07-07,.,No value available
2001-07-08,.,No value available
2001-07-09,1102000,
2001-07-10,1120100,
2001-07-11,1180000,
2001-07-12,1132450,
2001-07-13,1144033,
2001-07-14,.,No value available
2001-07-15,.,No value available
2001-07-16,1175000,
2001-07-17,1277000,
2001-07-18,1180000,
2001-07-19,1173650,
2001-07-20,1150767,
2001-07-21,.,No value available
2001-07-22,.,No value available
2001-07-23,1147000,
2001-07-24,1137000,
2001-07-25,1155000,
2001-07-26,1162000,
2001-07-27,1164000,
2001-07-28,.,No value available
2001-07-29,.,No value available
2001-07-30,1163000,
2001-07-31,1163000,
2001-08-01,1175000,
2001-08-02,1178000,
2001-08-03,1181000,
2001-08-04,.,No value available
2001-08-05,.,No value available
2001-08-06,1187000,
2001-08-07,1186000,
2001-08-08,1203200,
2001-08-09,1221000,
2001-08-10,1241000,
2001-08-11,.,No value available
2001-08-12,.,No value available
2001-08-13,1257000,
2001-08-14,1306000,
2001-08-15,1359000,
2001-08-16,1339000,
2001-08-17,1292000,
2001-08-18,.,No value available
2001-08-19,.,No value available
2001-08-20,1301000,
2001-08-21,1311000,
2001-08-22,1344000,
2001-08-23,1341333,
2001-08-24,1343000,
2001-08-25,.,No value available
2001-08-26,.,No value available
2001-08-27,1300000,
2001-08-28,1272000,
2001-08-29,1267000,
2001-08-30,1253000,
2001-08-31,1255000,
2001-09-01,.,No value available
2001-09-02,.,No value available
2001-09-03,1267000,
2001-09-04,1280000,
2001-09-05,1263000,
2001-09-06,1240000,
2001-09-07,1253000,
2001-09-08,.,No value available
2001-09-09,.,No value available
2001-09-10,1290000,
2001-09-11,1285000,
2001-09-12,1321000,
2001-09-13,1336000,
2001-09-14,1373000,
2001-09-15,.,No value available
2001-09-16,.,No value available
2001-09-17,1435000,
2001-09-18,1385000,
2001-09-19,1383000,
2001-09-20,1405000,
2001-09-21,1409000,
2001-09-22,.,No value available
2001-09-23,.,No value available
2001-09-24,1431000,
2001-09-25,1423000,
2001-09-26,1424000,
2001-09-27,1425000,
2001-09-28,1395000,
2001-09-29,.,No value available
2001-09-30,.,No value available
2001-10-01,1413000,
2001-10-02,1440000,
2001-10-03,1454000,
2001-10-04,1460000,
2001-10-05,1487000,
2001-10-06,.,No value available
2001-10-07,.,No value available
2001-10-08,1502000,
2001-10-09,1505000,
2001-10-10,1489000,
2001-10-11,1462000,
2001-10-12,1441000,
2001-10-13,.,No value available
2001-10-14,.,No value available
2001-10-15,1462000,
2001-10-16,1474000,
2001-10-17,1473000,
2001-10-18,1490000,
2001-10-19,1481000,
2001-10-20,.,No value available
2001-10-21,.,No value available
2001-10-22,1469000,
2001-10-23,1430000,
2001-10-24,1428000,
2001-10-25,1435000,
2001-10-26,1435000,
2001-10-27,.,No value available
2001-10-28,.,No value available
2001-10-29,1443000,
2001-10-30,1450000,
2001-10-31,1438000,
2001-11-01,1431000,
2001-11-02,1419000,
2001-11-03,.,No value available
2001-11-04,.,No value available
2001-11-05,1397000,
2001-11-06,1380000,
2001-11-07,1399000,
2001-11-08,1386000,
2001-11-09,1387000,
2001-11-10,.,No value available
2001-11-11,.,No value available
2001-11-12,1391000,
2001-11-13,1383000,
2001-11-14,1355000,
2001-11-15,1345000,
2001-11-16,1335000,
2001-11-17,.,No value available
2001-11-18,.,No value available
2001-11-19,1311000,
2001-11-20,1291000,
2001-11-21,1311000,
2001-11-22,1318000,
2001-11-23,1313000,
2001-11-24,.,No value available
2001-11-25,.,No value available
2001-11-26,1304000,
2001-11-27,1298000,
2001-11-28,1309000,
2001-11-29,1326000,
2001-11-30,1319000,
2001-12-01,.,No value available
2001-12-02,.,No value available
2001-12-03,1337000,
2001-12-04,1321000,
2001-12-05,1302000,
2001-12-06,1294000,
2001-12-07,1290000,
2001-12-08,.,No value available
2001-12-09,.,No value available
2001-12-10,1278000,
2001-12-11,1281000,
2001-12-12,1275000,
2001-12-13,1268000,
2001-12-14,1291000,
2001-12-15,.,No value available
2001-12-16,.,No value available
2001-12-17,1309000,
2001-12-18,1307000,
2001-12-19,1316000,
2001-12-20,1328000,
2001-12-21,1323000,
2001-12-22,.,No value available
2001-12-23,.,No value available
2001-12-24,1304000,
2001-12-25,.,No value available
2001-12-26,.,No value available
2001-12-27,1270000,
2001-12-28,1269500,
2001-12-29,.,No value available
2001-12-30,.,No value available
2001-12-31,.,No value available
2002-01-01,.,No value available
2002-01-02,1311000,
2002-01-03,1294000,
2002-01-04,1271000,
2002-01-05,.,No value available
2002-01-06,.,No value available
2002-01-07,1248000,
2002-01-08,1241000,
2002-01-09,1244000,
2002-01-10,1236000,
2002-01-11,1228000,
2002-01-12,.,No value available
2002-01-13,.,No value available
2002-01-14,1219000,
2002-01-15,1220000,
2002-01-16,1213000,
2002-01-17,1204000,
2002-01-18,1190000,
2002-01-19,.,No value available
2002-01-20,.,No value available
2002-01-21,1178000,
2002-01-22,1183000,
2002-01-23,1195000,
2002-01-24,1186000,
2002-01-25,1157000,
2002-01-26,.,No value available
2002-01-27,.,No value available
2002-01-28,1148000,
2002-01-29,1136500,
2002-01-30,1149000,
2002-01-31,1142000,
2002-02-01,1133000,
2002-02-02,.,No value available
2002-02-03,.,No value available
2002-02-04,1136000,
2002-02-05,1137000,
2002-02-06,1153000,
2002-02-07,1155000,
2002-02-08,1200000,
2002-02-09,.,No value available
2002-02-10,.,No value available
2002-02-11,1217000,
2002-02-12,1202000,
2002-02-13,1178000,
2002-02-14,1166000,
2002-02-15,1169000,
2002-02-16,.,No value available
2002-02-17,.,No value available
2002-02-18,1181000,
2002-02-19,1181000,
2002-02-20,1203000,
2002-02-21,1205000,
2002-02-22,1213000,
2002-02-23,.,No value available
2002-02-24,.,No value available
2002-02-25,1208000,
2002-02-26,1209000,
2002-02-27,1219000,
2002-02-28,1205000,
2002-03-01,1211000,
2002-03-02,.,No value available
2002-03-03,.,No value available
2002-03-04,1197000,
2002-03-05,1202000,
2002-03-06,1202000,
2002-03-07,1202000,
2002-03-08,1207000,
2002-03-09,.,No value available
2002-03-10,.,No value available
2002-03-11,1192000,
2002-03-12,1192000,
2002-03-13,1192000,
2002-03-14,1206000,
2002-03-15,1197000,
2002-03-16,.,No value available
2002-03-17,.,No value available
2002-03-18,1185000,
2002-03-19,1205000,
2002-03-20,1189000,
2002-03-21,1191000,
2002-03-22,1180000,
2002-03-23,.,No value available
2002-03-24,.,No value available
2002-03-25,1188000,
2002-03-26,1175000,
2002-03-27,1167000,
2002-03-28,1172000,
2002-03-29,.,No value available
2002-03-30,.,No value available
2002-03-31,.,No value available
2002-04-01,.,No value available
2002-04-02,1172000,
2002-04-03,1173000,
2002-04-04,1163000,
2002-04-05,1150000,
2002-04-06,.,No value available
2002-04-07,.,No value available
2002-04-08,1155000,
2002-04-09,1144000,
2002-04-10,1151000,
2002-04-11,1138000,
2002-04-12,1156000,
2002-04-13,.,No value available
2002-04-14,.,No value available
2002-04-15,1149000,
2002-04-16,1141000,
2002-04-17,1162000,
2002-04-18,1163000,
2002-04-19,1159000,
2002-04-20,.,No value available
2002-04-21,.,No value available
2002-04-22,1173000,
2002-04-23,1179000,
2002-04-24,1187000,
2002-04-25,1226000,
2002-04-26,1217000,
2002-04-27,.,No value available
2002-04-28,.,No value available
2002-04-29,1205000,
2002-04-30,1209000,
2002-05-01,.,No value available
2002-05-02,1236000,
2002-05-03,1239000,
2002-05-04,.,No value available
2002-05-05,.,No value available
2002-05-06,1260000,
2002-05-07,1253000,
2002-05-08,1249000,
2002-05-09,1255000,
2002-05-10,1257000,
2002-05-11,.,No value available
2002-05-12,.,No value available
2002-05-13,1268000,
2002-05-14,1270000,
2002-05-15,1255000,
2002-05-16,1289000,
2002-05-17,1319000,
2002-05-18,.,No value available
2002-05-19,.,No value available
2002-05-20,1320000,
2002-05-21,1307000,
2002-05-22,1306000,
2002-05-23,1306000,
2002-05-24,1299000,
2002-05-25,.,No value available
2002-05-26,.,No value available
2002-05-27,1291000,
2002-05-28,1303000,
2002-05-29,1321000,
2002-05-30,1337000,
2002-05-31,1357000,
2002-06-01,.,No value available
2002-06-02,.,No value available
2002-06-03,1362000,
2002-06-04,1358000,
2002-06-05,1350000,
2002-06-06,1356000,
2002-06-07,1371000,
2002-06-08,.,No value available
2002-06-09,.,No value available
2002-06-10,1394000,
2002-06-11,1422000,
2002-06-12,1468000,
2002-06-13,1463000,
2002-06-14,1476000,
2002-06-15,.,No value available
2002-06-16,.,No value available
2002-06-17,1509000,
2002-06-18,1505000,
2002-06-19,1488000,
2002-06-20,1478000,
2002-06-21,1518000,
2002-06-22,.,No value available
2002-06-23,.,No value available
2002-06-24,1558000,
2002-06-25,1532000,
2002-06-26,1625000,
2002-06-27,1567000,
2002-06-28,1578000,
2002-06-29,.,No value available
2002-06-30,.,No value available
2002-07-01,1567000,
2002-07-02,1582000,
2002-07-03,1599000,
2002-07-04,1591000,
2002-07-05,1559000,
2002-07-06,.,No value available
2002-07-07,.,No value available
2002-07-08,1630000,
2002-07-09,1653000,
2002-07-10,1650000,
2002-07-11,1649000,
2002-07-12,1637000,
2002-07-13,.,No value available
2002-07-14,.,No value available
2002-07-15,1697000,
2002-07-16,1718000,
2002-07-17,1672000,
2002-07-18,1677000,
2002-07-19,1694000,
2002-07-20,.,No value available
2002-07-21,.,No value available
2002-07-22,1691000,
2002-07-23,1665000,
2002-07-24,1677000,
2002-07-25,1684000,
2002-07-26,1682000,
2002-07-27,.,No value available
2002-07-28,.,No value available
2002-07-29,1667000,
2002-07-30,1662000,
2002-07-31,1660000,
2002-08-01,1646000,
2002-08-02,1627000,
2002-08-03,.,No value available
2002-08-04,.,No value available
2002-08-05,1608000,
2002-08-06,1597000,
2002-08-07,1587000,
2002-08-08,1583000,
2002-08-09,1595000,
2002-08-10,.,No value available
2002-08-11,.,No value available
2002-08-12,1606000,
2002-08-13,1602000,
2002-08-14,1611000,
2002-08-15,1622000,
2002-08-16,1607000,
2002-08-17,.,No value available
2002-08-18,.,No value available
2002-08-19,1609000,
2002-08-20,1598000,
2002-08-21,1589000,
2002-08-22,1596000,
2002-08-23,1588000,
2002-08-24,.,No value available
2002-08-25,.,No value available
2002-08-26,1583000,
2002-08-27,1598000,
2002-08-28,1603000,
2002-08-29,1601000,
2002-08-30,1602000,
2002-08-31,.,No value available
2002-09-01,.,No value available
2002-09-02,1594000,
2002-09-03,1608000,
2002-09-04,1619000,
2002-09-05,1622000,
2002-09-06,1610000,
2002-09-07,.,No value available
2002-09-08,.,No value available
2002-09-09,1608000,
2002-09-10,1634000,
2002-09-11,1612000,
2002-09-12,1626000,
2002-09-13,1628000,
2002-09-14,.,No value available
2002-09-15,.,No value available
2002-09-16,1621000,
2002-09-17,1612000,
2002-09-18,1622000,
2002-09-19,1637000,
2002-09-20,1627000,
2002-09-21,.,No value available
2002-09-22,.,No value available
2002-09-23,1627000,
2002-09-24,1626000,
2002-09-25,1612000,
2002-09-26,1624000,
2002-09-27,1619000,
2002-09-28,.,No value available
2002-09-29,.,No value available
2002-09-30,1637000,
2002-10-01,1641000,
2002-10-02,1615000,
2002-10-03,1621000,
2002-10-04,1613000,
2002-10-05,.,No value available
2002-10-06,.,No value available
2002-10-07,1612000,
2002-10-08,1614000,
2002-10-09,1619000,
2002-10-10,1627000,
2002-10-11,1621000,
2002-10-12,.,No value available
2002-10-13,.,No value available
2002-10-14,1630000,
2002-10-15,1618000,
2002-10-16,1617000,
2002-10-17,1614000,
2002-10-18,1612000,
2002-10-19,.,No value available
2002-10-20,.,No value available
2002-10-21,1625000,
2002-10-22,1618000,
2002-10-23,1628000,
2002-10-24,1630000,
2002-10-25,1637000,
2002-10-26,.,No value available
2002-10-27,.,No value available
2002-10-28,1637000,
2002-10-29,1645000,
2002-10-30,1649000,
2002-10-31,1648000,
2002-11-01,1683000,
2002-11-02,.,No value available
2002-11-03,.,No value available
2002-11-04,1664000,
2002-11-05,1645000,
2002-11-06,1636000,
2002-11-07,1634000,
2002-11-08,1635000,
2002-11-09,.,No value available
2002-11-10,.,No value available
2002-11-11,1637000,
2002-11-12,1651000,
2002-11-13,1647000,
2002-11-14,1635000,
2002-11-15,1607000,
2002-11-16,.,No value available
2002-11-17,.,No value available
2002-11-18,1593000,
2002-11-19,1603000,
2002-11-20,1590000,
2002-11-21,1586000,
2002-11-22,1584000,
2002-11-23,.,No value available
2002-11-24,.,No value available
2002-11-25,1551000,
2002-11-26,1543000,
2002-11-27,1551000,
2002-11-28,1540000,
2002-11-29,1523000,
2002-11-30,.,No value available
2002-12-01,.,No value available
2002-12-02,1505000,
2002-12-03,1530000,
2002-12-04,1553000,
2002-12-05,1550000,
2002-12-06,1553000,
2002-12-07,.,No value available
2002-12-08,.,No value available
2002-12-09,1582000,
2002-12-10,1568000,
2002-12-11,1578000,
2002-12-12,1580000,
2002-12-13,1580000,
2002-12-14,.,No value available
2002-12-15,.,No value available
2002-12-16,1580000,
2002-12-17,1624000,
2002-12-18,1634000,
2002-12-19,1682000,
2002-12-20,1681000,
2002-12-21,.,No value available
2002-12-22,.,No value available
2002-12-23,1700000,
2002-12-24,1731000,
2002-12-25,.,No value available
2002-12-26,.,No value available
2002-12-27,1719000,
2002-12-28,.,No value available
2002-12-29,.,No value available
2002-12-30,1713000,
2002-12-31,1738000,
2003-01-01,.,No value available
2003-01-02,1734000,
2003-01-03,1714000,
2003-01-04,.,No value available
2003-01-05,.,No value available
2003-01-06,1742000,
2003-01-07,1762000,
2003-01-08,1735000,
2003-01-09,1762000,
2003-01-10,1752000,
2003-01-11,.,No value available
2003-01-12,.,No value available
2003-01-13,1754000,
2003-01-14,1766000,
2003-01-15,1758000,
2003-01-16,1757000,
2003-01-17,1775000,
2003-01-18,.,No value available
2003-01-19,.,No value available
2003-01-20,1773000,
2003-01-21,1770000,
2003-01-22,1788000,
2003-01-23,1788000,
2003-01-24,1793000,
2003-01-25,.,No value available
2003-01-26,.,No value available
2003-01-27,1804000,
2003-01-28,1798000,
2003-01-29,1802000,
2003-01-30,1769000,
2003-01-31,1781000,
2003-02-01,.,No value available
2003-02-02,.,No value available
2003-02-03,1758000,
2003-02-04,1776000,
2003-02-05,1792000,
2003-02-06,1767000,
2003-02-07,1768000,
2003-02-08,.,No value available
2003-02-09,.,No value available
2003-02-10,1781000,
2003-02-11,1770000,
2003-02-12,1774000,
2003-02-13,1793000,
2003-02-14,1795000,
2003-02-15,.,No value available
2003-02-16,.,No value available
2003-02-17,1755000,
2003-02-18,1737000,
2003-02-19,1751000,
2003-02-20,1761000,
2003-02-21,1760000,
2003-02-22,.,No value available
2003-02-23,.,No value available
2003-02-24,1756000,
2003-02-25,1743000,
2003-02-26,1742000,
2003-02-27,1747000,
2003-02-28,1721000,
2003-03-01,.,No value available
2003-03-02,.,No value available
2003-03-03,1785000,
2003-03-04,1782000,
2003-03-05,1757000,
2003-03-06,1763000,
2003-03-07,1780000,
2003-03-08,.,No value available
2003-03-09,.,No value available
2003-03-10,1777000,
2003-03-11,1803000,
2003-03-12,1786000,
2003-03-13,1775000,
2003-03-14,1775000,
2003-03-15,.,No value available
2003-03-16,.,No value available
2003-03-17,1824000,
2003-03-18,1755000,
2003-03-19,1796000,
2003-03-20,1806000,
2003-03-21,1820000,
2003-03-22,.,No value available
2003-03-23,.,No value available
2003-03-24,1875000,
2003-03-25,1853000,
2003-03-26,1831000,
2003-03-27,1846000,
2003-03-28,1834000,
2003-03-29,.,No value available
2003-03-30,.,No value available
2003-03-31,1864000,
2003-04-01,1849000,
2003-04-02,1836000,
2003-04-03,1800000,
2003-04-04,1777000,
2003-04-05,.,No value available
2003-04-06,.,No value available
2003-04-07,1748000,
2003-04-08,1747000,
2003-04-09,1772000,
2003-04-10,1786000,
2003-04-11,1768000,
2003-04-12,.,No value available
2003-04-13,.,No value available
2003-04-14,1751000,
2003-04-15,1743000,
2003-04-16,1748000,
2003-04-17,1756000,
2003-04-18,.,No value available
2003-04-19,.,No value available
2003-04-20,.,No value available
2003-04-21,.,No value available
2003-04-22,1756000,
2003-04-23,1767000,
2003-04-24,1756000,
2003-04-25,1749000,
2003-04-26,.,No value available
2003-04-27,.,No value available
2003-04-28,1749000,
2003-04-29,1743000,
2003-04-30,1750000,
2003-05-01,.,No value available
2003-05-02,1726000,
2003-05-03,.,No value available
2003-05-04,.,No value available
2003-05-05,1715000,
2003-05-06,1736000,
2003-05-07,1750000,
2003-05-08,1735000,
2003-05-09,1719000,
2003-05-10,.,No value available
2003-05-11,.,No value available
2003-05-12,1743000,
2003-05-13,1722000,
2003-05-14,1707000,
2003-05-15,1702000,
2003-05-16,1719000,
2003-05-17,.,No value available
2003-05-18,.,No value available
2003-05-19,1737000,
2003-05-20,1702000,
2003-05-21,1703000,
2003-05-22,1729000,
2003-05-23,1728000,
2003-05-24,.,No value available
2003-05-25,.,No value available
2003-05-26,1722000,
2003-05-27,1730000,
2003-05-28,1704000,
2003-05-29,1713000,
2003-05-30,1688000,
2003-05-31,.,No value available
2003-06-01,.,No value available
2003-06-02,1660000,
2003-06-03,1687000,
2003-06-04,1669000,
2003-06-05,1705000,
2003-06-06,1687000,
2003-06-07,.,No value available
2003-06-08,.,No value available
2003-06-09,1659000,
2003-06-10,1669000,
2003-06-11,1678000,
2003-06-12,1665000,
2003-06-13,1662000,
2003-06-14,.,No value available
2003-06-15,.,No value available
2003-06-16,1677000,
2003-06-17,1672000,
2003-06-18,1659000,
2003-06-19,1665000,
2003-06-20,1650000,
2003-06-21,.,No value available
2003-06-22,.,No value available
2003-06-23,1652000,
2003-06-24,1666000,
2003-06-25,1664000,
2003-06-26,1650000,
2003-06-27,1630000,
2003-06-28,.,No value available
2003-06-29,.,No value available
2003-06-30,1618000,
2003-07-01,1627000,
2003-07-02,1616000,
2003-07-03,1603000,
2003-07-04,1596000,
2003-07-05,.,No value available
2003-07-06,.,No value available
2003-07-07,1594000,
2003-07-08,1590000,
2003-07-09,1614000,
2003-07-10,1598000,
2003-07-11,1576000,
2003-07-12,.,No value available
2003-07-13,.,No value available
2003-07-14,1568000,
2003-07-15,1561000,
2003-07-16,1544000,
2003-07-17,1557000,
2003-07-18,1564000,
2003-07-19,.,No value available
2003-07-20,.,No value available
2003-07-21,1568000,
2003-07-22,1577000,
2003-07-23,1601000,
2003-07-24,1635000,
2003-07-25,1624000,
2003-07-26,.,No value available
2003-07-27,.,No value available
2003-07-28,1630000,
2003-07-29,1650000,
2003-07-30,1631000,
2003-07-31,1606000,
2003-08-01,1609000,
2003-08-02,.,No value available
2003-08-03,.,No value available
2003-08-04,1607000,
2003-08-05,1591000,
2003-08-06,1603000,
2003-08-07,1603000,
2003-08-08,1588000,
2003-08-09,.,No value available
2003-08-10,.,No value available
2003-08-11,1585000,
2003-08-12,1586500,
2003-08-13,1583000,
2003-08-14,1580000,
2003-08-15,1574000,
2003-08-16,.,No value available
2003-08-17,.,No value available
2003-08-18,1566000,
2003-08-19,1555000,
2003-08-20,1556000,
2003-08-21,1540000,
2003-08-22,1518000,
2003-08-23,.,No value available
2003-08-24,.,No value available
2003-08-25,1515000,
2003-08-26,1506000,
2003-08-27,1531000,
2003-08-28,1523000,
2003-08-29,1529000,
2003-08-30,.,No value available
2003-08-31,.,No value available
2003-09-01,1525500,
2003-09-02,1508600,
2003-09-03,1503000,
2003-09-04,1500000,
2003-09-05,1512000,
2003-09-06,.,No value available
2003-09-07,.,No value available
2003-09-08,1530000,
2003-09-09,1542000,
2003-09-10,1549000,
2003-09-11,1555000,
2003-09-12,1536000,
2003-09-13,.,No value available
2003-09-14,.,No value available
2003-09-15,1550000,
2003-09-16,1542850,
2003-09-17,1542063,
2003-09-18,1550000,
2003-09-19,1547258,
2003-09-20,.,No value available
2003-09-21,.,No value available
2003-09-22,1555000,
2003-09-23,1552100,
2003-09-24,1551553,
2003-09-25,1579876,
2003-09-26,1575000,
2003-09-27,.,No value available
2003-09-28,.,No value available
2003-09-29,1591000,
2003-09-30,1628000,
2003-10-01,1629000,
2003-10-02,1651778,
2003-10-03,1628000,
2003-10-04,.,No value available
2003-10-05,.,No value available
2003-10-06,1581000,
2003-10-07,1622000,
2003-10-08,1626000,
2003-10-09,1634000,
2003-10-10,1641000,
2003-10-11,.,No value available
2003-10-12,.,No value available
2003-10-13,1646000,
2003-10-14,1642000,
2003-10-15,1643000,
2003-10-16,1644175,
2003-10-17,1670000,
2003-10-18,.,No value available
2003-10-19,.,No value available
2003-10-20,1672000,
2003-10-21,1688000,
2003-10-22,1715000,
2003-10-23,1743000,
2003-10-24,1747000,
2003-10-25,.,No value available
2003-10-26,.,No value available
2003-10-27,1765700,
2003-10-28,1778000,
2003-10-29,1776000,
2003-10-30,1750510,
2003-10-31,1725367,
2003-11-01,.,No value available
2003-11-02,.,No value available
2003-11-03,1708440,
2003-11-04,1691031,
2003-11-05,1693500,
2003-11-06,1710600,
2003-11-07,1718360,
2003-11-08,.,No value available
2003-11-09,.,No value available
2003-11-10,1711243,
2003-11-11,1710957,
2003-11-12,1722300,
2003-11-13,1728575,
2003-11-14,1731850,
2003-11-15,.,No value available
2003-11-16,.,No value available
2003-11-17,1732608,
2003-11-18,1725697,
2003-11-19,1737828,
2003-11-20,1765508,
2003-11-21,1749374,
2003-11-22,.,No value available
2003-11-23,.,No value available
2003-11-24,1739609,
2003-11-25,1729824,
2003-11-26,1738865,
2003-11-27,1741412,
2003-11-28,1748045,
2003-11-29,.,No value available
2003-11-30,.,No value available
2003-12-01,1744879,
2003-12-02,1746628,
2003-12-03,1764669,
2003-12-04,1756611,
2003-12-05,1753921,
2003-12-06,.,No value available
2003-12-07,.,No value available
2003-12-08,1753751,
2003-12-09,1755959,
2003-12-10,1753491,
2003-12-11,1761735,
2003-12-12,1759713,
2003-12-13,.,No value available
2003-12-14,.,No value available
2003-12-15,1752307,
2003-12-16,1760184,
2003-12-17,1764808,
2003-12-18,1777136,
2003-12-19,1773170,
2003-12-20,.,No value available
2003-12-21,.,No value available
2003-12-22,1781315,
2003-12-23,1771509,
2003-12-24,1770408,
2003-12-25,.,No value available
2003-12-26,.,No value available
2003-12-27,.,No value available
2003-12-28,.,No value available
2003-12-29,1766109,
2003-12-30,1752635,
2003-12-31,1771638,
2004-01-01,.,No value available
2004-01-02,1760013,
2004-01-03,.,No value available
2004-01-04,.,No value available
2004-01-05,1743696,
2004-01-06,1754294,
2004-01-07,1733425,
2004-01-08,1727017,
2004-01-09,1731070,
2004-01-10,.,No value available
2004-01-11,.,No value available
2004-01-12,1711297,
2004-01-13,1705211,
2004-01-14,1711949,
2004-01-15,1691000,
2004-01-16,1672478,
2004-01-17,.,No value available
2004-01-18,.,No value available
2004-01-19,1675170,
2004-01-20,1677519,
2004-01-21,1677660,
2004-01-22,1681600,
2004-01-23,1685432,
2004-01-24,.,No value available
2004-01-25,.,No value available
2004-01-26,1662217,
2004-01-27,1655012,
2004-01-28,1668765,
2004-01-29,1673475,
2004-01-30,1665205,
2004-01-31,.,No value available
2004-02-01,.,No value available
2004-02-02,1668864,
2004-02-03,1685000,
2004-02-04,1670000,
2004-02-05,1670000,
2004-02-06,1691400,
2004-02-07,.,No value available
2004-02-08,.,No value available
2004-02-09,1709000,
2004-02-10,1716000,
2004-02-11,1704500,
2004-02-12,1687000,
2004-02-13,1688000,
2004-02-14,.,No value available
2004-02-15,.,No value available
2004-02-16,1691100,
2004-02-17,1701000,
2004-02-18,1691000,
2004-02-19,1685500,
2004-02-20,1680000,
2004-02-21,.,No value available
2004-02-22,.,No value available
2004-02-23,1670000,
2004-02-24,1670300,
2004-02-25,1671500,
2004-02-26,1659000,
2004-02-27,1644000,
2004-02-28,.,No value available
2004-02-29,.,No value available
2004-03-01,1646706,
2004-03-02,1636775,
2004-03-03,1619737,
2004-03-04,1613577,
2004-03-05,1615109,
2004-03-06,.,No value available
2004-03-07,.,No value available
2004-03-08,1632846,
2004-03-09,1627564,
2004-03-10,1620987,
2004-03-11,1624301,
2004-03-12,1614822,
2004-03-13,.,No value available
2004-03-14,.,No value available
2004-03-15,1615435,
2004-03-16,1628084,
2004-03-17,1620129,
2004-03-18,1627981,
2004-03-19,1623482,
2004-03-20,.,No value available
2004-03-21,.,No value available
2004-03-22,1630333,
2004-03-23,1623143,
2004-03-24,1609822,
2004-03-25,1607766,
2004-03-26,1607394,
2004-03-27,.,No value available
2004-03-28,.,No value available
2004-03-29,1600513,
2004-03-30,1609898,
2004-03-31,1612187,
2004-04-01,1614628,
2004-04-02,1609898,
2004-04-03,.,No value available
2004-04-04,.,No value available
2004-04-05,1586279,
2004-04-06,1586279,
2004-04-07,1604377,
2004-04-08,1624273,
2004-04-09,.,No value available
2004-04-10,.,No value available
2004-04-11,.,No value available
2004-04-12,.,No value available
2004-04-13,1627416,
2004-04-14,1604375,
2004-04-15,1645073,
2004-04-16,1624833,
2004-04-17,.,No value available
2004-04-18,.,No value available
2004-04-19,1632166,
2004-04-20,1633774,
2004-04-21,1642907,
2004-04-22,1648220,
2004-04-23,1644150,
2004-04-24,.,No value available
2004-04-25,.,No value available
2004-04-26,1631428,
2004-04-27,1684951,
2004-04-28,1690696,
2004-04-29,1714688,
2004-04-30,1698039,
2004-05-01,.,No value available
2004-05-02,.,No value available
2004-05-03,1744614,
2004-05-04,1743780,
2004-05-05,1745000,
2004-05-06,1769156,
2004-05-07,1793751,
2004-05-08,.,No value available
2004-05-09,.,No value available
2004-05-10,1824054,
2004-05-11,1826500,
2004-05-12,1810800,
2004-05-13,1828864,
2004-05-14,1814045,
2004-05-15,.,No value available
2004-05-16,.,No value available
2004-05-17,1844700,
2004-05-18,1855202,
2004-05-19,1858818,
2004-05-20,1853677,
2004-05-21,1871812,
2004-05-22,.,No value available
2004-05-23,.,No value available
2004-05-24,1839790,
2004-05-25,1830788,
2004-05-26,1820138,
2004-05-27,1856761,
2004-05-28,1824700,
2004-05-29,.,No value available
2004-05-30,.,No value available
2004-05-31,1831286,
2004-06-01,1835949,
2004-06-02,1859277,
2004-06-03,1861333,
2004-06-04,1833637,
2004-06-05,.,No value available
2004-06-06,.,No value available
2004-06-07,1816967,
2004-06-08,1811841,
2004-06-09,1804336,
2004-06-10,1806800,
2004-06-11,1786800,
2004-06-12,.,No value available
2004-06-13,.,No value available
2004-06-14,1811000,
2004-06-15,1821900,
2004-06-16,1804900,
2004-06-17,1801900,
2004-06-18,1792100,
2004-06-19,.,No value available
2004-06-20,.,No value available
2004-06-21,1803000,
2004-06-22,1796300,
2004-06-23,1802500,
2004-06-24,1802919,
2004-06-25,1813400,
2004-06-26,.,No value available
2004-06-27,.,No value available
2004-06-28,1824900,
2004-06-29,1816800,
2004-06-30,1805300,
2004-07-01,1791400,
2004-07-02,1775800,
2004-07-03,.,No value available
2004-07-04,.,No value available
2004-07-05,1774100,
2004-07-06,1774400,
2004-07-07,1784200,
2004-07-08,1787400,
2004-07-09,1788261,
2004-07-10,.,No value available
2004-07-11,.,No value available
2004-07-12,1790800,
2004-07-13,1779300,
2004-07-14,1774400,
2004-07-15,1773700,
2004-07-16,1773800,
2004-07-17,.,No value available
2004-07-18,.,No value available
2004-07-19,1773900,
2004-07-20,1791300,
2004-07-21,1786100,
2004-07-22,1795900,
2004-07-23,1778000,
2004-07-24,.,No value available
2004-07-25,.,No value available
2004-07-26,1803000,
2004-07-27,1819300,
2004-07-28,1792700,
2004-07-29,1773100,
2004-07-30,1769700,
2004-07-31,.,No value available
2004-08-01,.,No value available
2004-08-02,1764600,
2004-08-03,1775300,
2004-08-04,1782400,
2004-08-05,1771100,
2004-08-06,1771000,
2004-08-07,.,No value available
2004-08-08,.,No value available
2004-08-09,1772400,
2004-08-10,1782900,
2004-08-11,1788200,
2004-08-12,1789100,
2004-08-13,1795200,
2004-08-14,.,No value available
2004-08-15,.,No value available
2004-08-16,1798700,
2004-08-17,1804000,
2004-08-18,1802000,
2004-08-19,1811700,
2004-08-20,1813700,
2004-08-21,.,No value available
2004-08-22,.,No value available
2004-08-23,1833500,
2004-08-24,1832800,
2004-08-25,1819300,
2004-08-26,1823200,
2004-08-27,1818300,
2004-08-28,.,No value available
2004-08-29,.,No value available
2004-08-30,1825300,
2004-08-31,1823500,
2004-09-01,1832000,
2004-09-02,1840100,
2004-09-03,1833700,
2004-09-04,.,No value available
2004-09-05,.,No value available
2004-09-06,1823400,
2004-09-07,1820200,
2004-09-08,1809200,
2004-09-09,1816700,
2004-09-10,1819500,
2004-09-11,.,No value available
2004-09-12,.,No value available
2004-09-13,1839000,
2004-09-14,1839100,
2004-09-15,1829700,
2004-09-16,1835100,
2004-09-17,1847300,
2004-09-18,.,No value available
2004-09-19,.,No value available
2004-09-20,1859000,
2004-09-21,1865426,
2004-09-22,1851000,
2004-09-23,1841900,
2004-09-24,1841900,
2004-09-25,.,No value available
2004-09-26,.,No value available
2004-09-27,1833300,
2004-09-28,1852500,
2004-09-29,1853300,
2004-09-30,1863600,
2004-10-01,1870400,
2004-10-02,.,No value available
2004-10-03,.,No value available
2004-10-04,1859200,
2004-10-05,1852700,
2004-10-06,1849300,
2004-10-07,1849700,
2004-10-08,1845500,
2004-10-09,.,No value available
2004-10-10,.,No value available
2004-10-11,1851900,
2004-10-12,1842700,
2004-10-13,1824500,
2004-10-14,1844400,
2004-10-15,1849300,
2004-10-16,.,No value available
2004-10-17,.,No value available
2004-10-18,1848000,
2004-10-19,1843400,
2004-10-20,1871800,
2004-10-21,1871000,
2004-10-22,1866577,
2004-10-23,.,No value available
2004-10-24,.,No value available
2004-10-25,1887100,
2004-10-26,1895500,
2004-10-27,1889900,
2004-10-28,1874700,
2004-10-29,1877600,
2004-10-30,.,No value available
2004-10-31,.,No value available
2004-11-01,1879620,
2004-11-02,1873800,
2004-11-03,1867600,
2004-11-04,1883800,
2004-11-05,1876200,
2004-11-06,.,No value available
2004-11-07,.,No value available
2004-11-08,1880100,
2004-11-09,1884400,
2004-11-10,1887800,
2004-11-11,1883200,
2004-11-12,1881400,
2004-11-13,.,No value available
2004-11-14,.,No value available
2004-11-15,1884500,
2004-11-16,1890700,
2004-11-17,1893100,
2004-11-18,1882100,
2004-11-19,1876400,
2004-11-20,.,No value available
2004-11-21,.,No value available
2004-11-22,1877000,
2004-11-23,1878500,
2004-11-24,1877100,
2004-11-25,1891000,
2004-11-26,1889000,
2004-11-27,.,No value available
2004-11-28,.,No value available
2004-11-29,1896900,
2004-11-30,1899800,
2004-12-01,1890400,
2004-12-02,1890700,
2004-12-03,1882500,
2004-12-04,.,No value available
2004-12-05,.,No value available
2004-12-06,1878300,
2004-12-07,1880900,
2004-12-08,1881600,
2004-12-09,1912400,
2004-12-10,1896000,
2004-12-11,.,No value available
2004-12-12,.,No value available
2004-12-13,1898600,
2004-12-14,1893200,
2004-12-15,1898100,
2004-12-16,1880100,
2004-12-17,1864100,
2004-12-18,.,No value available
2004-12-19,.,No value available
2004-12-20,1855600,
2004-12-21,1862000,
2004-12-22,1860200,
2004-12-23,1856190,
2004-12-24,1854638,
2004-12-25,.,No value available
2004-12-26,.,No value available
2004-12-27,1834938,
2004-12-28,1840700,
2004-12-29,1849500,
2004-12-30,1829000,
2004-12-31,1836200,
