"",BBEX3.D.CYP.EUR.BB.AC.000,BBEX3.D.CYP.EUR.BB.AC.000_FLAGS
"",Euro foreign exchange reference rate of the ECB / EUR 1 = CYP ... / Cyprus / up to the end of December 2007,
Comment (in english),"The ECB published daily euro foreign exchange reference rates for Cyprus pounds (CYP), which were calculated on the basis of the concertation between central banks at 14.15. From 7 December 2007, the ECB published the euro reference rate for Cyprus pounds to six decimal places. For technical reasons, the exchange rates up to 6 December were extended from five to six decimal places. Cyprus joined the euro area on 1 January 2008; irrevocable euro conversion rate: EUR 1 = CYP 0.585274.",
Decimals,6,
Source (in english),European Central Bank (ECB).,
Time format code,P1D,
category,WEDE,
unit,CYP,
unit multiplier,One,
last update,2023-09-20 14:20:58,
1999-01-01,.,No value available
1999-01-02,.,No value available
1999-01-03,.,No value available
1999-01-04,0.582310,
1999-01-05,0.582300,
1999-01-06,0.582000,
1999-01-07,0.581870,
1999-01-08,0.581870,
1999-01-09,.,No value available
1999-01-10,.,No value available
1999-01-11,0.581670,
1999-01-12,0.581400,
1999-01-13,0.581900,
1999-01-14,0.581900,
1999-01-15,0.581870,
1999-01-16,.,No value available
1999-01-17,.,No value available
1999-01-18,0.581630,
1999-01-19,0.581760,
1999-01-20,0.581660,
1999-01-21,0.581630,
1999-01-22,0.581730,
1999-01-23,.,No value available
1999-01-24,.,No value available
1999-01-25,0.581670,
1999-01-26,0.581890,
1999-01-27,0.581460,
1999-01-28,0.581220,
1999-01-29,0.581120,
1999-01-30,.,No value available
1999-01-31,.,No value available
1999-02-01,0.581090,
1999-02-02,0.580860,
1999-02-03,0.580920,
1999-02-04,0.580720,
1999-02-05,0.580890,
1999-02-06,.,No value available
1999-02-07,.,No value available
1999-02-08,0.580800,
1999-02-09,0.580890,
1999-02-10,0.580920,
1999-02-11,0.580880,
1999-02-12,0.580650,
1999-02-13,.,No value available
1999-02-14,.,No value available
1999-02-15,0.580720,
1999-02-16,0.580520,
1999-02-17,0.580650,
1999-02-18,0.580690,
1999-02-19,0.580480,
1999-02-20,.,No value available
1999-02-21,.,No value available
1999-02-22,0.580000,
1999-02-23,0.579880,
1999-02-24,0.579910,
1999-02-25,0.580010,
1999-02-26,0.580010,
1999-02-27,.,No value available
1999-02-28,.,No value available
1999-03-01,0.579910,
1999-03-02,0.579540,
1999-03-03,0.579680,
1999-03-04,0.579510,
1999-03-05,0.579440,
1999-03-06,.,No value available
1999-03-07,.,No value available
1999-03-08,0.579680,
1999-03-09,0.579540,
1999-03-10,0.579810,
1999-03-11,0.579640,
1999-03-12,0.579710,
1999-03-13,.,No value available
1999-03-14,.,No value available
1999-03-15,0.579780,
1999-03-16,0.579510,
1999-03-17,0.579840,
1999-03-18,0.579980,
1999-03-19,0.579740,
1999-03-20,.,No value available
1999-03-21,.,No value available
1999-03-22,0.579540,
1999-03-23,0.579640,
1999-03-24,0.579710,
1999-03-25,0.579710,
1999-03-26,0.579340,
1999-03-27,.,No value available
1999-03-28,.,No value available
1999-03-29,0.579170,
1999-03-30,0.579040,
1999-03-31,0.579070,
1999-04-01,0.580360,
1999-04-02,0.580360,
1999-04-03,.,No value available
1999-04-04,.,No value available
1999-04-05,0.579400,
1999-04-06,0.579110,
1999-04-07,0.579270,
1999-04-08,0.579340,
1999-04-09,0.580430,
1999-04-10,.,No value available
1999-04-11,.,No value available
1999-04-12,0.580510,
1999-04-13,0.579300,
1999-04-14,0.579300,
1999-04-15,0.579310,
1999-04-16,0.578970,
1999-04-17,.,No value available
1999-04-18,.,No value available
1999-04-19,0.578840,
1999-04-20,0.578840,
1999-04-21,0.578640,
1999-04-22,0.578740,
1999-04-23,0.578770,
1999-04-24,.,No value available
1999-04-25,.,No value available
1999-04-26,0.578700,
1999-04-27,0.578800,
1999-04-28,0.578900,
1999-04-29,0.578700,
1999-04-30,0.578640,
1999-05-01,.,No value available
1999-05-02,.,No value available
1999-05-03,0.578670,
1999-05-04,0.578540,
1999-05-05,0.578800,
1999-05-06,0.579370,
1999-05-07,0.579310,
1999-05-08,.,No value available
1999-05-09,.,No value available
1999-05-10,0.579110,
1999-05-11,0.579170,
1999-05-12,0.578840,
1999-05-13,0.578840,
1999-05-14,0.578900,
1999-05-15,.,No value available
1999-05-16,.,No value available
1999-05-17,0.578900,
1999-05-18,0.578970,
1999-05-19,0.578770,
1999-05-20,0.578800,
1999-05-21,0.578670,
1999-05-22,.,No value available
1999-05-23,.,No value available
1999-05-24,0.578600,
1999-05-25,0.578740,
1999-05-26,0.578500,
1999-05-27,0.578030,
1999-05-28,0.578240,
1999-05-29,.,No value available
1999-05-30,.,No value available
1999-05-31,0.578500,
1999-06-01,0.578030,
1999-06-02,0.577770,
1999-06-03,0.577800,
1999-06-04,0.577670,
1999-06-05,.,No value available
1999-06-06,.,No value available
1999-06-07,0.577600,
1999-06-08,0.577870,
1999-06-09,0.578170,
1999-06-10,0.578130,
1999-06-11,0.578240,
1999-06-12,.,No value available
1999-06-13,.,No value available
1999-06-14,0.578170,
1999-06-15,0.577970,
1999-06-16,0.577800,
1999-06-17,0.577770,
1999-06-18,0.577700,
1999-06-19,.,No value available
1999-06-20,.,No value available
1999-06-21,0.577730,
1999-06-22,0.577770,
1999-06-23,0.577630,
1999-06-24,0.577770,
1999-06-25,0.579200,
1999-06-26,.,No value available
1999-06-27,.,No value available
1999-06-28,0.577900,
1999-06-29,0.577800,
1999-06-30,0.577700,
1999-07-01,0.577800,
1999-07-02,0.577370,
1999-07-03,.,No value available
1999-07-04,.,No value available
1999-07-05,0.577370,
1999-07-06,0.577300,
1999-07-07,0.577600,
1999-07-08,0.577230,
1999-07-09,0.577200,
1999-07-10,.,No value available
1999-07-11,.,No value available
1999-07-12,0.577030,
1999-07-13,0.577070,
1999-07-14,0.577170,
1999-07-15,0.577300,
1999-07-16,0.577230,
1999-07-17,.,No value available
1999-07-18,.,No value available
1999-07-19,0.577030,
1999-07-20,0.577870,
1999-07-21,0.578170,
1999-07-22,0.578300,
1999-07-23,0.578300,
1999-07-24,.,No value available
1999-07-25,.,No value available
1999-07-26,0.578900,
1999-07-27,0.578740,
1999-07-28,0.578300,
1999-07-29,0.578940,
1999-07-30,0.579010,
1999-07-31,.,No value available
1999-08-01,.,No value available
1999-08-02,0.578870,
1999-08-03,0.578840,
1999-08-04,0.579210,
1999-08-05,0.579270,
1999-08-06,0.579110,
1999-08-07,.,No value available
1999-08-08,.,No value available
1999-08-09,0.578940,
1999-08-10,0.579170,
1999-08-11,0.578940,
1999-08-12,0.578800,
1999-08-13,0.578870,
1999-08-14,.,No value available
1999-08-15,.,No value available
1999-08-16,0.578540,
1999-08-17,0.578370,
1999-08-18,0.578400,
1999-08-19,0.578400,
1999-08-20,0.578900,
1999-08-21,.,No value available
1999-08-22,.,No value available
1999-08-23,0.578770,
1999-08-24,0.578340,
1999-08-25,0.578100,
1999-08-26,0.579130,
1999-08-27,0.578130,
1999-08-28,.,No value available
1999-08-29,.,No value available
1999-08-30,0.578130,
1999-08-31,0.578400,
1999-09-01,0.578740,
1999-09-02,0.578840,
1999-09-03,0.578940,
1999-09-04,.,No value available
1999-09-05,.,No value available
1999-09-06,0.578760,
1999-09-07,0.578440,
1999-09-08,0.578540,
1999-09-09,0.578600,
1999-09-10,0.578400,
1999-09-11,.,No value available
1999-09-12,.,No value available
1999-09-13,0.577700,
1999-09-14,0.577730,
1999-09-15,0.577830,
1999-09-16,0.577930,
1999-09-17,0.577930,
1999-09-18,.,No value available
1999-09-19,.,No value available
1999-09-20,0.578030,
1999-09-21,0.578030,
1999-09-22,0.578300,
1999-09-23,0.578100,
1999-09-24,0.578200,
1999-09-25,.,No value available
1999-09-26,.,No value available
1999-09-27,0.578100,
1999-09-28,0.578170,
1999-09-29,0.578430,
1999-09-30,0.578900,
1999-10-01,0.579080,
1999-10-02,.,No value available
1999-10-03,.,No value available
1999-10-04,0.579080,
1999-10-05,0.578970,
1999-10-06,0.579200,
1999-10-07,0.578970,
1999-10-08,0.578840,
1999-10-09,.,No value available
1999-10-10,.,No value available
1999-10-11,0.578770,
1999-10-12,0.578870,
1999-10-13,0.579170,
1999-10-14,0.579240,
1999-10-15,0.579680,
1999-10-16,.,No value available
1999-10-17,.,No value available
1999-10-18,0.579300,
1999-10-19,0.579400,
1999-10-20,0.579240,
1999-10-21,0.579210,
1999-10-22,0.579270,
1999-10-23,.,No value available
1999-10-24,.,No value available
1999-10-25,0.578900,
1999-10-26,0.578740,
1999-10-27,0.579000,
1999-10-28,0.578500,
1999-10-29,0.578130,
1999-10-30,.,No value available
1999-10-31,.,No value available
1999-11-01,0.578540,
1999-11-02,0.578000,
1999-11-03,0.578000,
1999-11-04,0.578240,
1999-11-05,0.577930,
1999-11-06,.,No value available
1999-11-07,.,No value available
1999-11-08,0.578000,
1999-11-09,0.579570,
1999-11-10,0.577970,
1999-11-11,0.577970,
1999-11-12,0.577830,
1999-11-13,.,No value available
1999-11-14,.,No value available
1999-11-15,0.577770,
1999-11-16,0.577730,
1999-11-17,0.578070,
1999-11-18,0.577970,
1999-11-19,0.577630,
1999-11-20,.,No value available
1999-11-21,.,No value available
1999-11-22,0.577630,
1999-11-23,0.577700,
1999-11-24,0.577370,
1999-11-25,0.577230,
1999-11-26,0.577030,
1999-11-27,.,No value available
1999-11-28,.,No value available
1999-11-29,0.577000,
1999-11-30,0.576930,
1999-12-01,0.576870,
1999-12-02,0.576800,
1999-12-03,0.576630,
1999-12-04,.,No value available
1999-12-05,.,No value available
1999-12-06,0.576870,
1999-12-07,0.577330,
1999-12-08,0.577430,
1999-12-09,0.577370,
1999-12-10,0.576800,
1999-12-11,.,No value available
1999-12-12,.,No value available
1999-12-13,0.577030,
1999-12-14,0.577030,
1999-12-15,0.576670,
1999-12-16,0.576960,
1999-12-17,0.577170,
1999-12-18,.,No value available
1999-12-19,.,No value available
1999-12-20,0.576700,
1999-12-21,0.576870,
1999-12-22,0.576830,
1999-12-23,0.576830,
1999-12-24,0.578140,
1999-12-25,.,No value available
1999-12-26,.,No value available
1999-12-27,0.577000,
1999-12-28,0.576970,
1999-12-29,0.576830,
1999-12-30,0.576670,
1999-12-31,.,No value available
2000-01-01,.,No value available
2000-01-02,.,No value available
2000-01-03,0.576700,
2000-01-04,0.577500,
2000-01-05,0.577800,
2000-01-06,0.578100,
2000-01-07,0.577570,
2000-01-08,.,No value available
2000-01-09,.,No value available
2000-01-10,0.577400,
2000-01-11,0.577600,
2000-01-12,0.577670,
2000-01-13,0.577600,
2000-01-14,0.577430,
2000-01-15,.,No value available
2000-01-16,.,No value available
2000-01-17,0.576970,
2000-01-18,0.576830,
2000-01-19,0.576900,
2000-01-20,0.576870,
2000-01-21,0.577030,
2000-01-22,.,No value available
2000-01-23,.,No value available
2000-01-24,0.577030,
2000-01-25,0.576600,
2000-01-26,0.576600,
2000-01-27,0.576540,
2000-01-28,0.576000,
2000-01-29,.,No value available
2000-01-30,.,No value available
2000-01-31,0.578570,
2000-02-01,0.575340,
2000-02-02,0.575440,
2000-02-03,0.575540,
2000-02-04,0.575970,
2000-02-05,.,No value available
2000-02-06,.,No value available
2000-02-07,0.575100,
2000-02-08,0.576000,
2000-02-09,0.576200,
2000-02-10,0.576170,
2000-02-11,0.575940,
2000-02-12,.,No value available
2000-02-13,.,No value available
2000-02-14,0.576170,
2000-02-15,0.575800,
2000-02-16,0.575800,
2000-02-17,0.576240,
2000-02-18,0.576040,
2000-02-19,.,No value available
2000-02-20,.,No value available
2000-02-21,0.576040,
2000-02-22,0.576500,
2000-02-23,0.576700,
2000-02-24,0.576300,
2000-02-25,0.576070,
2000-02-26,.,No value available
2000-02-27,.,No value available
2000-02-28,0.575310,
2000-02-29,0.575570,
2000-03-01,0.575370,
2000-03-02,0.575400,
2000-03-03,0.575240,
2000-03-04,.,No value available
2000-03-05,.,No value available
2000-03-06,0.575200,
2000-03-07,0.574970,
2000-03-08,0.574840,
2000-03-09,0.575100,
2000-03-10,0.575200,
2000-03-11,.,No value available
2000-03-12,.,No value available
2000-03-13,0.575900,
2000-03-14,0.575110,
2000-03-15,0.575210,
2000-03-16,0.575340,
2000-03-17,0.575310,
2000-03-18,.,No value available
2000-03-19,.,No value available
2000-03-20,0.575440,
2000-03-21,0.575440,
2000-03-22,0.575010,
2000-03-23,0.575080,
2000-03-24,0.575370,
2000-03-25,.,No value available
2000-03-26,.,No value available
2000-03-27,0.575510,
2000-03-28,0.575240,
2000-03-29,0.574840,
2000-03-30,0.574910,
2000-03-31,0.574780,
2000-04-01,.,No value available
2000-04-02,.,No value available
2000-04-03,0.574710,
2000-04-04,0.574680,
2000-04-05,0.575210,
2000-04-06,0.575040,
2000-04-07,0.574980,
2000-04-08,.,No value available
2000-04-09,.,No value available
2000-04-10,0.574910,
2000-04-11,0.575110,
2000-04-12,0.574910,
2000-04-13,0.574840,
2000-04-14,0.574780,
2000-04-15,.,No value available
2000-04-16,.,No value available
2000-04-17,0.575010,
2000-04-18,0.574580,
2000-04-19,0.574450,
2000-04-20,0.574180,
2000-04-21,.,No value available
2000-04-22,.,No value available
2000-04-23,.,No value available
2000-04-24,.,No value available
2000-04-25,0.573920,
2000-04-26,0.573330,
2000-04-27,0.573390,
2000-04-28,0.573300,
2000-04-29,.,No value available
2000-04-30,.,No value available
2000-05-01,.,No value available
2000-05-02,0.574250,
2000-05-03,0.572410,
2000-05-04,0.572410,
2000-05-05,0.572410,
2000-05-06,.,No value available
2000-05-07,.,No value available
2000-05-08,0.572410,
2000-05-09,0.572400,
2000-05-10,0.572930,
2000-05-11,0.572840,
2000-05-12,0.572670,
2000-05-13,.,No value available
2000-05-14,.,No value available
2000-05-15,0.573130,
2000-05-16,0.572800,
2000-05-17,0.572410,
2000-05-18,0.572410,
2000-05-19,0.572410,
2000-05-20,.,No value available
2000-05-21,.,No value available
2000-05-22,0.572410,
2000-05-23,0.573000,
2000-05-24,0.572900,
2000-05-25,0.572540,
2000-05-26,0.573070,
2000-05-27,.,No value available
2000-05-28,.,No value available
2000-05-29,0.573620,
2000-05-30,0.574050,
2000-05-31,0.573790,
2000-06-01,0.573890,
2000-06-02,0.574020,
2000-06-03,.,No value available
2000-06-04,.,No value available
2000-06-05,0.574350,
2000-06-06,0.574420,
2000-06-07,0.574840,
2000-06-08,0.574940,
2000-06-09,0.574810,
2000-06-10,.,No value available
2000-06-11,.,No value available
2000-06-12,0.574710,
2000-06-13,0.574910,
2000-06-14,0.575110,
2000-06-15,0.574680,
2000-06-16,0.574940,
2000-06-17,.,No value available
2000-06-18,.,No value available
2000-06-19,0.575150,
2000-06-20,0.574840,
2000-06-21,0.574580,
2000-06-22,0.574220,
2000-06-23,0.574090,
2000-06-24,.,No value available
2000-06-25,.,No value available
2000-06-26,0.573860,
2000-06-27,0.574220,
2000-06-28,0.574250,
2000-06-29,0.574650,
2000-06-30,0.574880,
2000-07-01,.,No value available
2000-07-02,.,No value available
2000-07-03,0.574610,
2000-07-04,0.574510,
2000-07-05,0.574810,
2000-07-06,0.574910,
2000-07-07,0.574580,
2000-07-08,.,No value available
2000-07-09,.,No value available
2000-07-10,0.574650,
2000-07-11,0.574780,
2000-07-12,0.576410,
2000-07-13,0.574020,
2000-07-14,0.574020,
2000-07-15,.,No value available
2000-07-16,.,No value available
2000-07-17,0.574120,
2000-07-18,0.573950,
2000-07-19,0.573460,
2000-07-20,0.573360,
2000-07-21,0.573990,
2000-07-22,.,No value available
2000-07-23,.,No value available
2000-07-24,0.573950,
2000-07-25,0.574250,
2000-07-26,0.574220,
2000-07-27,0.574180,
2000-07-28,0.573620,
2000-07-29,.,No value available
2000-07-30,.,No value available
2000-07-31,0.573530,
2000-08-01,0.573590,
2000-08-02,0.573130,
2000-08-03,0.572840,
2000-08-04,0.572840,
2000-08-05,.,No value available
2000-08-06,.,No value available
2000-08-07,0.572800,
2000-08-08,0.572640,
2000-08-09,0.572410,
2000-08-10,0.572610,
2000-08-11,0.573070,
2000-08-12,.,No value available
2000-08-13,.,No value available
2000-08-14,0.572610,
2000-08-15,0.572660,
2000-08-16,0.572840,
2000-08-17,0.573070,
2000-08-18,0.573070,
2000-08-19,.,No value available
2000-08-20,.,No value available
2000-08-21,0.572610,
2000-08-22,0.572410,
2000-08-23,0.572410,
2000-08-24,0.572480,
2000-08-25,0.572510,
2000-08-26,.,No value available
2000-08-27,.,No value available
2000-08-28,0.572480,
2000-08-29,0.572480,
2000-08-30,0.572410,
2000-08-31,0.572410,
2000-09-01,0.572410,
2000-09-02,.,No value available
2000-09-03,.,No value available
2000-09-04,0.572480,
2000-09-05,0.572410,
2000-09-06,0.572410,
2000-09-07,0.572410,
2000-09-08,0.572410,
2000-09-09,.,No value available
2000-09-10,.,No value available
2000-09-11,0.572410,
2000-09-12,0.572410,
2000-09-13,0.572410,
2000-09-14,0.572410,
2000-09-15,0.572410,
2000-09-16,.,No value available
2000-09-17,.,No value available
2000-09-18,0.572410,
2000-09-19,0.572410,
2000-09-20,0.572410,
2000-09-21,0.572410,
2000-09-22,0.572410,
2000-09-23,.,No value available
2000-09-24,.,No value available
2000-09-25,0.572410,
2000-09-26,0.572410,
2000-09-27,0.572410,
2000-09-28,0.572410,
2000-09-29,0.572410,
2000-09-30,.,No value available
2000-10-01,.,No value available
2000-10-02,0.572410,
2000-10-03,0.572410,
2000-10-04,0.572410,
2000-10-05,0.572410,
2000-10-06,0.572410,
2000-10-07,.,No value available
2000-10-08,.,No value available
2000-10-09,0.572410,
2000-10-10,0.572410,
2000-10-11,0.572410,
2000-10-12,0.572410,
2000-10-13,0.572410,
2000-10-14,.,No value available
2000-10-15,.,No value available
2000-10-16,0.572410,
2000-10-17,0.572410,
2000-10-18,0.572410,
2000-10-19,0.572410,
2000-10-20,0.572410,
2000-10-21,.,No value available
2000-10-22,.,No value available
2000-10-23,0.572410,
2000-10-24,0.572410,
2000-10-25,0.572410,
2000-10-26,0.572410,
2000-10-27,0.572410,
2000-10-28,.,No value available
2000-10-29,.,No value available
2000-10-30,0.572410,
2000-10-31,0.572410,
2000-11-01,0.572410,
2000-11-02,0.572410,
2000-11-03,0.572410,
2000-11-04,.,No value available
2000-11-05,.,No value available
2000-11-06,0.572410,
2000-11-07,0.572410,
2000-11-08,0.572410,
2000-11-09,0.572410,
2000-11-10,0.572410,
2000-11-11,.,No value available
2000-11-12,.,No value available
2000-11-13,0.572410,
2000-11-14,0.572410,
2000-11-15,0.572410,
2000-11-16,0.572410,
2000-11-17,0.572410,
2000-11-18,.,No value available
2000-11-19,.,No value available
2000-11-20,0.572410,
2000-11-21,0.572410,
2000-11-22,0.572410,
2000-11-23,0.572410,
2000-11-24,0.572410,
2000-11-25,.,No value available
2000-11-26,.,No value available
2000-11-27,0.572410,
2000-11-28,0.572410,
2000-11-29,0.572410,
2000-11-30,0.572410,
2000-12-01,0.572410,
2000-12-02,.,No value available
2000-12-03,.,No value available
2000-12-04,0.572410,
2000-12-05,0.572410,
2000-12-06,0.572410,
2000-12-07,0.572410,
2000-12-08,0.572410,
2000-12-09,.,No value available
2000-12-10,.,No value available
2000-12-11,0.572410,
2000-12-12,0.572410,
2000-12-13,0.572410,
2000-12-14,0.572410,
2000-12-15,0.572410,
2000-12-16,.,No value available
2000-12-17,.,No value available
2000-12-18,0.572410,
2000-12-19,0.572410,
2000-12-20,0.572410,
2000-12-21,0.573070,
2000-12-22,0.573390,
2000-12-23,.,No value available
2000-12-24,.,No value available
2000-12-25,.,No value available
2000-12-26,.,No value available
2000-12-27,0.573820,
2000-12-28,0.573620,
2000-12-29,0.573690,
2000-12-30,.,No value available
2000-12-31,.,No value available
2001-01-01,.,No value available
2001-01-02,0.574510,
2001-01-03,0.574980,
2001-01-04,0.575810,
2001-01-05,0.576370,
2001-01-06,.,No value available
2001-01-07,.,No value available
2001-01-08,0.576770,
2001-01-09,0.576670,
2001-01-10,0.576770,
2001-01-11,0.577000,
2001-01-12,0.577200,
2001-01-13,.,No value available
2001-01-14,.,No value available
2001-01-15,0.577200,
2001-01-16,0.583710,
2001-01-17,0.577500,
2001-01-18,0.577430,
2001-01-19,0.577670,
2001-01-20,.,No value available
2001-01-21,.,No value available
2001-01-22,0.577930,
2001-01-23,0.578030,
2001-01-24,0.578030,
2001-01-25,0.578030,
2001-01-26,0.578370,
2001-01-27,.,No value available
2001-01-28,.,No value available
2001-01-29,0.578500,
2001-01-30,0.578570,
2001-01-31,0.578770,
2001-02-01,0.579310,
2001-02-02,0.579510,
2001-02-03,.,No value available
2001-02-04,.,No value available
2001-02-05,0.579510,
2001-02-06,0.579540,
2001-02-07,0.579370,
2001-02-08,0.579370,
2001-02-09,0.579510,
2001-02-10,.,No value available
2001-02-11,.,No value available
2001-02-12,0.579540,
2001-02-13,0.579610,
2001-02-14,0.579440,
2001-02-15,0.579410,
2001-02-16,0.579210,
2001-02-17,.,No value available
2001-02-18,.,No value available
2001-02-19,0.579240,
2001-02-20,0.579210,
2001-02-21,0.579110,
2001-02-22,0.579210,
2001-02-23,0.579170,
2001-02-24,.,No value available
2001-02-25,.,No value available
2001-02-26,0.579230,
2001-02-27,0.579170,
2001-02-28,0.579240,
2001-03-01,0.579340,
2001-03-02,0.579340,
2001-03-03,.,No value available
2001-03-04,.,No value available
2001-03-05,0.579240,
2001-03-06,0.579240,
2001-03-07,0.579140,
2001-03-08,0.579140,
2001-03-09,0.579110,
2001-03-10,.,No value available
2001-03-11,.,No value available
2001-03-12,0.579040,
2001-03-13,0.579040,
2001-03-14,0.578840,
2001-03-15,0.578800,
2001-03-16,0.578740,
2001-03-17,.,No value available
2001-03-18,.,No value available
2001-03-19,0.579210,
2001-03-20,0.579040,
2001-03-21,0.578740,
2001-03-22,0.578440,
2001-03-23,0.578370,
2001-03-24,.,No value available
2001-03-25,.,No value available
2001-03-26,0.578440,
2001-03-27,0.578670,
2001-03-28,0.578670,
2001-03-29,0.578840,
2001-03-30,0.578870,
2001-03-31,.,No value available
2001-04-01,.,No value available
2001-04-02,0.578740,
2001-04-03,0.578600,
2001-04-04,0.578570,
2001-04-05,0.578700,
2001-04-06,0.578840,
2001-04-07,.,No value available
2001-04-08,.,No value available
2001-04-09,0.578900,
2001-04-10,0.578800,
2001-04-11,0.578570,
2001-04-12,0.578670,
2001-04-13,.,No value available
2001-04-14,.,No value available
2001-04-15,.,No value available
2001-04-16,.,No value available
2001-04-17,0.578340,
2001-04-18,0.578540,
2001-04-19,0.578440,
2001-04-20,0.578440,
2001-04-21,.,No value available
2001-04-22,.,No value available
2001-04-23,0.578640,
2001-04-24,0.578500,
2001-04-25,0.578340,
2001-04-26,0.578500,
2001-04-27,0.578500,
2001-04-28,.,No value available
2001-04-29,.,No value available
2001-04-30,0.578600,
2001-05-01,.,No value available
2001-05-02,0.578500,
2001-05-03,0.578470,
2001-05-04,0.578270,
2001-05-05,.,No value available
2001-05-06,.,No value available
2001-05-07,0.578200,
2001-05-08,0.578240,
2001-05-09,0.578170,
2001-05-10,0.578300,
2001-05-11,0.578400,
2001-05-12,.,No value available
2001-05-13,.,No value available
2001-05-14,0.578500,
2001-05-15,0.578240,
2001-05-16,0.578130,
2001-05-17,0.577830,
2001-05-18,0.577530,
2001-05-19,.,No value available
2001-05-20,.,No value available
2001-05-21,0.577330,
2001-05-22,0.577170,
2001-05-23,0.577100,
2001-05-24,0.577070,
2001-05-25,0.576970,
2001-05-26,.,No value available
2001-05-27,.,No value available
2001-05-28,0.577000,
2001-05-29,0.576900,
2001-05-30,0.576600,
2001-05-31,0.576770,
2001-06-01,0.576200,
2001-06-02,.,No value available
2001-06-03,.,No value available
2001-06-04,0.576400,
2001-06-05,0.576040,
2001-06-06,0.576040,
2001-06-07,0.575770,
2001-06-08,0.575610,
2001-06-09,.,No value available
2001-06-10,.,No value available
2001-06-11,0.575540,
2001-06-12,0.575340,
2001-06-13,0.575180,
2001-06-14,0.575080,
2001-06-15,0.575040,
2001-06-16,.,No value available
2001-06-17,.,No value available
2001-06-18,0.575090,
2001-06-19,0.575210,
2001-06-20,0.574810,
2001-06-21,0.574710,
2001-06-22,0.574580,
2001-06-23,.,No value available
2001-06-24,.,No value available
2001-06-25,0.574380,
2001-06-26,0.574280,
2001-06-27,0.574420,
2001-06-28,0.574380,
2001-06-29,0.574280,
2001-06-30,.,No value available
2001-07-01,.,No value available
2001-07-02,0.574180,
2001-07-03,0.574120,
2001-07-04,0.574020,
2001-07-05,0.573950,
2001-07-06,0.573970,
2001-07-07,.,No value available
2001-07-08,.,No value available
2001-07-09,0.573950,
2001-07-10,0.573660,
2001-07-11,0.573760,
2001-07-12,0.574120,
2001-07-13,0.574250,
2001-07-14,.,No value available
2001-07-15,.,No value available
2001-07-16,0.574320,
2001-07-17,0.574250,
2001-07-18,0.574120,
2001-07-19,0.574150,
2001-07-20,0.574090,
2001-07-21,.,No value available
2001-07-22,.,No value available
2001-07-23,0.573950,
2001-07-24,0.573720,
2001-07-25,0.573950,
2001-07-26,0.574090,
2001-07-27,0.574050,
2001-07-28,.,No value available
2001-07-29,.,No value available
2001-07-30,0.573990,
2001-07-31,0.573890,
2001-08-01,0.573920,
2001-08-02,0.573920,
2001-08-03,0.573860,
2001-08-04,.,No value available
2001-08-05,.,No value available
2001-08-06,0.573860,
2001-08-07,0.573720,
2001-08-08,0.573620,
2001-08-09,0.573620,
2001-08-10,0.573560,
2001-08-11,.,No value available
2001-08-12,.,No value available
2001-08-13,0.574880,
2001-08-14,0.573890,
2001-08-15,0.574850,
2001-08-16,0.574050,
2001-08-17,0.573990,
2001-08-18,.,No value available
2001-08-19,.,No value available
2001-08-20,0.574090,
2001-08-21,0.573890,
2001-08-22,0.573660,
2001-08-23,0.573300,
2001-08-24,0.572970,
2001-08-25,.,No value available
2001-08-26,.,No value available
2001-08-27,0.572740,
2001-08-28,0.572900,
2001-08-29,0.572800,
2001-08-30,0.572640,
2001-08-31,0.572900,
2001-09-01,.,No value available
2001-09-02,.,No value available
2001-09-03,0.573030,
2001-09-04,0.573070,
2001-09-05,0.573260,
2001-09-06,0.572840,
2001-09-07,0.572800,
2001-09-08,.,No value available
2001-09-09,.,No value available
2001-09-10,0.573200,
2001-09-11,0.573200,
2001-09-12,0.573430,
2001-09-13,0.573030,
2001-09-14,0.572700,
2001-09-15,.,No value available
2001-09-16,.,No value available
2001-09-17,0.572740,
2001-09-18,0.572770,
2001-09-19,0.572930,
2001-09-20,0.573100,
2001-09-21,0.573390,
2001-09-22,.,No value available
2001-09-23,.,No value available
2001-09-24,0.573560,
2001-09-25,0.573760,
2001-09-26,0.573950,
2001-09-27,0.574150,
2001-09-28,0.574350,
2001-09-29,.,No value available
2001-09-30,.,No value available
2001-10-01,0.574450,
2001-10-02,0.574380,
2001-10-03,0.574280,
2001-10-04,0.574610,
2001-10-05,0.574550,
2001-10-06,.,No value available
2001-10-07,.,No value available
2001-10-08,0.574550,
2001-10-09,0.574150,
2001-10-10,0.574180,
2001-10-11,0.573950,
2001-10-12,0.574180,
2001-10-13,.,No value available
2001-10-14,.,No value available
2001-10-15,0.574220,
2001-10-16,0.574380,
2001-10-17,0.574380,
2001-10-18,0.574380,
2001-10-19,0.574420,
2001-10-20,.,No value available
2001-10-21,.,No value available
2001-10-22,0.574420,
2001-10-23,0.574250,
2001-10-24,0.574280,
2001-10-25,0.574320,
2001-10-26,0.574150,
2001-10-27,.,No value available
2001-10-28,.,No value available
2001-10-29,0.574030,
2001-10-30,0.573990,
2001-10-31,0.574250,
2001-11-01,0.574450,
2001-11-02,0.574350,
2001-11-03,.,No value available
2001-11-04,.,No value available
2001-11-05,0.574350,
2001-11-06,0.574450,
2001-11-07,0.574450,
2001-11-08,0.574090,
2001-11-09,0.573660,
2001-11-10,.,No value available
2001-11-11,.,No value available
2001-11-12,0.573660,
2001-11-13,0.573390,
2001-11-14,0.572640,
2001-11-15,0.572800,
2001-11-16,0.572900,
2001-11-17,.,No value available
2001-11-18,.,No value available
2001-11-19,0.573100,
2001-11-20,0.573100,
2001-11-21,0.573160,
2001-11-22,0.573590,
2001-11-23,0.573720,
2001-11-24,.,No value available
2001-11-25,.,No value available
2001-11-26,0.573790,
2001-11-27,0.574250,
2001-11-28,0.574250,
2001-11-29,0.574320,
2001-11-30,0.574250,
2001-12-01,.,No value available
2001-12-02,.,No value available
2001-12-03,0.574220,
2001-12-04,0.574220,
2001-12-05,0.574380,
2001-12-06,0.574780,
2001-12-07,0.574840,
2001-12-08,.,No value available
2001-12-09,.,No value available
2001-12-10,0.575080,
2001-12-11,0.574780,
2001-12-12,0.574780,
2001-12-13,0.574780,
2001-12-14,0.574880,
2001-12-15,.,No value available
2001-12-16,.,No value available
2001-12-17,0.574880,
2001-12-18,0.575340,
2001-12-19,0.575510,
2001-12-20,0.575510,
2001-12-21,0.574550,
2001-12-22,.,No value available
2001-12-23,.,No value available
2001-12-24,0.574580,
2001-12-25,.,No value available
2001-12-26,.,No value available
2001-12-27,0.575300,
2001-12-28,0.575040,
2001-12-29,.,No value available
2001-12-30,.,No value available
2001-12-31,.,No value available
2002-01-01,.,No value available
2002-01-02,0.575270,
2002-01-03,0.575540,
2002-01-04,0.575610,
2002-01-05,.,No value available
2002-01-06,.,No value available
2002-01-07,0.575710,
2002-01-08,0.575770,
2002-01-09,0.575870,
2002-01-10,0.575970,
2002-01-11,0.575900,
2002-01-12,.,No value available
2002-01-13,.,No value available
2002-01-14,0.576100,
2002-01-15,0.576100,
2002-01-16,0.576200,
2002-01-17,0.576340,
2002-01-18,0.576440,
2002-01-19,.,No value available
2002-01-20,.,No value available
2002-01-21,0.576000,
2002-01-22,0.576000,
2002-01-23,0.576000,
2002-01-24,0.576000,
2002-01-25,0.576140,
2002-01-26,.,No value available
2002-01-27,.,No value available
2002-01-28,0.576340,
2002-01-29,0.576340,
2002-01-30,0.576670,
2002-01-31,0.576470,
2002-02-01,0.576470,
2002-02-02,.,No value available
2002-02-03,.,No value available
2002-02-04,0.576340,
2002-02-05,0.576040,
2002-02-06,0.575640,
2002-02-07,0.575640,
2002-02-08,0.575800,
2002-02-09,.,No value available
2002-02-10,.,No value available
2002-02-11,0.575840,
2002-02-12,0.575870,
2002-02-13,0.576240,
2002-02-14,0.576300,
2002-02-15,0.576240,
2002-02-16,.,No value available
2002-02-17,.,No value available
2002-02-18,0.576340,
2002-02-19,0.576470,
2002-02-20,0.576770,
2002-02-21,0.576900,
2002-02-22,0.576700,
2002-02-23,.,No value available
2002-02-24,.,No value available
2002-02-25,0.576700,
2002-02-26,0.576270,
2002-02-27,0.575540,
2002-02-28,0.575340,
2002-03-01,0.575270,
2002-03-02,.,No value available
2002-03-03,.,No value available
2002-03-04,0.574750,
2002-03-05,0.574510,
2002-03-06,0.574350,
2002-03-07,0.574610,
2002-03-08,0.574780,
2002-03-09,.,No value available
2002-03-10,.,No value available
2002-03-11,0.574780,
2002-03-12,0.574380,
2002-03-13,0.575040,
2002-03-14,0.575370,
2002-03-15,0.575470,
2002-03-16,.,No value available
2002-03-17,.,No value available
2002-03-18,0.574710,
2002-03-19,0.576040,
2002-03-20,0.575510,
2002-03-21,0.575240,
2002-03-22,0.575250,
2002-03-23,.,No value available
2002-03-24,.,No value available
2002-03-25,0.575040,
2002-03-26,0.575640,
2002-03-27,0.575670,
2002-03-28,0.575570,
2002-03-29,.,No value available
2002-03-30,.,No value available
2002-03-31,.,No value available
2002-04-01,.,No value available
2002-04-02,0.575570,
2002-04-03,0.575770,
2002-04-04,0.575770,
2002-04-05,0.575740,
2002-04-06,.,No value available
2002-04-07,.,No value available
2002-04-08,0.575740,
2002-04-09,0.575610,
2002-04-10,0.575740,
2002-04-11,0.575840,
2002-04-12,0.575740,
2002-04-13,.,No value available
2002-04-14,.,No value available
2002-04-15,0.575710,
2002-04-16,0.575710,
2002-04-17,0.575710,
2002-04-18,0.575610,
2002-04-19,0.575840,
2002-04-20,.,No value available
2002-04-21,.,No value available
2002-04-22,0.576040,
2002-04-23,0.576040,
2002-04-24,0.576340,
2002-04-25,0.576670,
2002-04-26,0.577300,
2002-04-27,.,No value available
2002-04-28,.,No value available
2002-04-29,0.577870,
2002-04-30,0.578470,
2002-05-01,.,No value available
2002-05-02,0.578470,
2002-05-03,0.578250,
2002-05-04,.,No value available
2002-05-05,.,No value available
2002-05-06,0.578820,
2002-05-07,0.577730,
2002-05-08,0.578470,
2002-05-09,0.578570,
2002-05-10,0.578570,
2002-05-11,.,No value available
2002-05-12,.,No value available
2002-05-13,0.578670,
2002-05-14,0.578470,
2002-05-15,0.578600,
2002-05-16,0.578640,
2002-05-17,0.578640,
2002-05-18,.,No value available
2002-05-19,.,No value available
2002-05-20,0.578200,
2002-05-21,0.578770,
2002-05-22,0.578840,
2002-05-23,0.578840,
2002-05-24,0.578400,
2002-05-25,.,No value available
2002-05-26,.,No value available
2002-05-27,0.578400,
2002-05-28,0.578440,
2002-05-29,0.578370,
2002-05-30,0.578600,
2002-05-31,0.578970,
2002-06-01,.,No value available
2002-06-02,.,No value available
2002-06-03,0.579110,
2002-06-04,0.579880,
2002-06-05,0.579910,
2002-06-06,0.580080,
2002-06-07,0.580690,
2002-06-08,.,No value available
2002-06-09,.,No value available
2002-06-10,0.580750,
2002-06-11,0.580250,
2002-06-12,0.580250,
2002-06-13,0.580320,
2002-06-14,0.580320,
2002-06-15,.,No value available
2002-06-16,.,No value available
2002-06-17,0.580320,
2002-06-18,0.579840,
2002-06-19,0.579680,
2002-06-20,0.579680,
2002-06-21,0.579980,
2002-06-22,.,No value available
2002-06-23,.,No value available
2002-06-24,0.580050,
2002-06-25,0.579980,
2002-06-26,0.580110,
2002-06-27,0.580380,
2002-06-28,0.579740,
2002-06-29,.,No value available
2002-06-30,.,No value available
2002-07-01,0.579540,
2002-07-02,0.579310,
2002-07-03,0.579370,
2002-07-04,0.579310,
2002-07-05,0.579310,
2002-07-06,.,No value available
2002-07-07,.,No value available
2002-07-08,0.579310,
2002-07-09,0.578500,
2002-07-10,0.578170,
2002-07-11,0.578130,
2002-07-12,0.577670,
2002-07-13,.,No value available
2002-07-14,.,No value available
2002-07-15,0.577530,
2002-07-16,0.577400,
2002-07-17,0.577200,
2002-07-18,0.576500,
2002-07-19,0.576570,
2002-07-20,.,No value available
2002-07-21,.,No value available
2002-07-22,0.576570,
2002-07-23,0.574940,
2002-07-24,0.575010,
2002-07-25,0.575210,
2002-07-26,0.575240,
2002-07-27,.,No value available
2002-07-28,.,No value available
2002-07-29,0.575240,
2002-07-30,0.575040,
2002-07-31,0.574580,
2002-08-01,0.574480,
2002-08-02,0.574180,
2002-08-03,.,No value available
2002-08-04,.,No value available
2002-08-05,0.573890,
2002-08-06,0.573720,
2002-08-07,0.573720,
2002-08-08,0.574120,
2002-08-09,0.574120,
2002-08-10,.,No value available
2002-08-11,.,No value available
2002-08-12,0.573790,
2002-08-13,0.573300,
2002-08-14,0.573430,
2002-08-15,0.572900,
2002-08-16,0.573260,
2002-08-17,.,No value available
2002-08-18,.,No value available
2002-08-19,0.573260,
2002-08-20,0.573430,
2002-08-21,0.573490,
2002-08-22,0.573490,
2002-08-23,0.573530,
2002-08-24,.,No value available
2002-08-25,.,No value available
2002-08-26,0.573890,
2002-08-27,0.573490,
2002-08-28,0.573560,
2002-08-29,0.573560,
2002-08-30,0.573230,
2002-08-31,.,No value available
2002-09-01,.,No value available
2002-09-02,0.573230,
2002-09-03,0.573360,
2002-09-04,0.573070,
2002-09-05,0.573200,
2002-09-06,0.573100,
2002-09-07,.,No value available
2002-09-08,.,No value available
2002-09-09,0.573030,
2002-09-10,0.573030,
2002-09-11,0.573130,
2002-09-12,0.573130,
2002-09-13,0.573260,
2002-09-14,.,No value available
2002-09-15,.,No value available
2002-09-16,0.573260,
2002-09-17,0.573200,
2002-09-18,0.573200,
2002-09-19,0.573330,
2002-09-20,0.573660,
2002-09-21,.,No value available
2002-09-22,.,No value available
2002-09-23,0.573950,
2002-09-24,0.573860,
2002-09-25,0.573860,
2002-09-26,0.573920,
2002-09-27,0.573890,
2002-09-28,.,No value available
2002-09-29,.,No value available
2002-09-30,0.573330,
2002-10-01,0.573230,
2002-10-02,0.573030,
2002-10-03,0.573130,
2002-10-04,0.573130,
2002-10-05,.,No value available
2002-10-06,.,No value available
2002-10-07,0.572770,
2002-10-08,0.572770,
2002-10-09,0.572770,
2002-10-10,0.572770,
2002-10-11,0.572770,
2002-10-12,.,No value available
2002-10-13,.,No value available
2002-10-14,0.572770,
2002-10-15,0.572770,
2002-10-16,0.572670,
2002-10-17,0.572340,
2002-10-18,0.572340,
2002-10-19,.,No value available
2002-10-20,.,No value available
2002-10-21,0.572280,
2002-10-22,0.572280,
2002-10-23,0.572280,
2002-10-24,0.572280,
2002-10-25,0.572250,
2002-10-26,.,No value available
2002-10-27,.,No value available
2002-10-28,0.572250,
2002-10-29,0.571890,
2002-10-30,0.571560,
2002-10-31,0.571270,
2002-11-01,0.571270,
2002-11-02,.,No value available
2002-11-03,.,No value available
2002-11-04,0.571270,
2002-11-05,0.571270,
2002-11-06,0.570970,
2002-11-07,0.571430,
2002-11-08,0.571790,
2002-11-09,.,No value available
2002-11-10,.,No value available
2002-11-11,0.571890,
2002-11-12,0.572050,
2002-11-13,0.572050,
2002-11-14,0.572080,
2002-11-15,0.572080,
2002-11-16,.,No value available
2002-11-17,.,No value available
2002-11-18,0.572150,
2002-11-19,0.572150,
2002-11-20,0.572080,
2002-11-21,0.572120,
2002-11-22,0.572250,
2002-11-23,.,No value available
2002-11-24,.,No value available
2002-11-25,0.572280,
2002-11-26,0.572310,
2002-11-27,0.572410,
2002-11-28,0.573030,
2002-11-29,0.573100,
2002-11-30,.,No value available
2002-12-01,.,No value available
2002-12-02,0.573100,
2002-12-03,0.572930,
2002-12-04,0.573030,
2002-12-05,0.573070,
2002-12-06,0.573130,
2002-12-07,.,No value available
2002-12-08,.,No value available
2002-12-09,0.573070,
2002-12-10,0.573070,
2002-12-11,0.573100,
2002-12-12,0.572840,
2002-12-13,0.572900,
2002-12-14,.,No value available
2002-12-15,.,No value available
2002-12-16,0.572840,
2002-12-17,0.572970,
2002-12-18,0.572970,
2002-12-19,0.572970,
2002-12-20,0.572900,
2002-12-21,.,No value available
2002-12-22,.,No value available
2002-12-23,0.572640,
2002-12-24,0.572480,
2002-12-25,.,No value available
2002-12-26,.,No value available
2002-12-27,0.573000,
2002-12-28,.,No value available
2002-12-29,.,No value available
2002-12-30,0.573330,
2002-12-31,0.573160,
2003-01-01,.,No value available
2003-01-02,0.573530,
2003-01-03,0.573590,
2003-01-04,.,No value available
2003-01-05,.,No value available
2003-01-06,0.573060,
2003-01-07,0.573690,
2003-01-08,0.573690,
2003-01-09,0.574840,
2003-01-10,0.575610,
2003-01-11,.,No value available
2003-01-12,.,No value available
2003-01-13,0.576040,
2003-01-14,0.576400,
2003-01-15,0.577370,
2003-01-16,0.578070,
2003-01-17,0.578540,
2003-01-18,.,No value available
2003-01-19,.,No value available
2003-01-20,0.578200,
2003-01-21,0.578200,
2003-01-22,0.578270,
2003-01-23,0.578640,
2003-01-24,0.578770,
2003-01-25,.,No value available
2003-01-26,.,No value available
2003-01-27,0.578800,
2003-01-28,0.578970,
2003-01-29,0.579210,
2003-01-30,0.579270,
2003-01-31,0.579270,
2003-02-01,.,No value available
2003-02-02,.,No value available
2003-02-03,0.579270,
2003-02-04,0.579610,
2003-02-05,0.580010,
2003-02-06,0.580080,
2003-02-07,0.580150,
2003-02-08,.,No value available
2003-02-09,.,No value available
2003-02-10,0.580150,
2003-02-11,0.580210,
2003-02-12,0.580280,
2003-02-13,0.580280,
2003-02-14,0.580280,
2003-02-15,.,No value available
2003-02-16,.,No value available
2003-02-17,0.580380,
2003-02-18,0.580380,
2003-02-19,0.580450,
2003-02-20,0.580590,
2003-02-21,0.580690,
2003-02-22,.,No value available
2003-02-23,.,No value available
2003-02-24,0.580790,
2003-02-25,0.580820,
2003-02-26,0.580960,
2003-02-27,0.581060,
2003-02-28,0.581090,
2003-03-01,.,No value available
2003-03-02,.,No value available
2003-03-03,0.581190,
2003-03-04,0.581230,
2003-03-05,0.581460,
2003-03-06,0.581500,
2003-03-07,0.581560,
2003-03-08,.,No value available
2003-03-09,.,No value available
2003-03-10,0.581400,
2003-03-11,0.582170,
2003-03-12,0.582410,
2003-03-13,0.582950,
2003-03-14,0.583330,
2003-03-15,.,No value available
2003-03-16,.,No value available
2003-03-17,0.583600,
2003-03-18,0.583600,
2003-03-19,0.583770,
2003-03-20,0.583740,
2003-03-21,0.583770,
2003-03-22,.,No value available
2003-03-23,.,No value available
2003-03-24,0.583840,
2003-03-25,0.583750,
2003-03-26,0.583940,
2003-03-27,0.584040,
2003-03-28,0.584010,
2003-03-29,.,No value available
2003-03-30,.,No value available
2003-03-31,0.584040,
2003-04-01,0.583950,
2003-04-02,0.584420,
2003-04-03,0.585000,
2003-04-04,0.585310,
2003-04-05,.,No value available
2003-04-06,.,No value available
2003-04-07,0.585380,
2003-04-08,0.585380,
2003-04-09,0.585580,
2003-04-10,0.586030,
2003-04-11,0.586650,
2003-04-12,.,No value available
2003-04-13,.,No value available
2003-04-14,0.586650,
2003-04-15,0.586650,
2003-04-16,0.586720,
2003-04-17,0.586820,
2003-04-18,.,No value available
2003-04-19,.,No value available
2003-04-20,.,No value available
2003-04-21,.,No value available
2003-04-22,0.587990,
2003-04-23,0.588100,
2003-04-24,0.588130,
2003-04-25,0.588800,
2003-04-26,.,No value available
2003-04-27,.,No value available
2003-04-28,0.587700,
2003-04-29,0.588100,
2003-04-30,0.588130,
2003-05-01,.,No value available
2003-05-02,0.588060,
2003-05-03,.,No value available
2003-05-04,.,No value available
2003-05-05,0.588100,
2003-05-06,0.587790,
2003-05-07,0.587850,
2003-05-08,0.587440,
2003-05-09,0.587160,
2003-05-10,.,No value available
2003-05-11,.,No value available
2003-05-12,0.587060,
2003-05-13,0.586960,
2003-05-14,0.586540,
2003-05-15,0.586440,
2003-05-16,0.586370,
2003-05-17,.,No value available
2003-05-18,.,No value available
2003-05-19,0.586370,
2003-05-20,0.586370,
2003-05-21,0.586440,
2003-05-22,0.586370,
2003-05-23,0.586410,
2003-05-24,.,No value available
2003-05-25,.,No value available
2003-05-26,0.586610,
2003-05-27,0.586750,
2003-05-28,0.586750,
2003-05-29,0.586850,
2003-05-30,0.587030,
2003-05-31,.,No value available
2003-06-01,.,No value available
2003-06-02,0.587160,
2003-06-03,0.587130,
2003-06-04,0.587160,
2003-06-05,0.586580,
2003-06-06,0.586240,
2003-06-07,.,No value available
2003-06-08,.,No value available
2003-06-09,0.586240,
2003-06-10,0.586240,
2003-06-11,0.585860,
2003-06-12,0.585990,
2003-06-13,0.586340,
2003-06-14,.,No value available
2003-06-15,.,No value available
2003-06-16,0.585930,
2003-06-17,0.586340,
2003-06-18,0.586340,
2003-06-19,0.585580,
2003-06-20,0.585510,
2003-06-21,.,No value available
2003-06-22,.,No value available
2003-06-23,0.585140,
2003-06-24,0.584930,
2003-06-25,0.585210,
2003-06-26,0.585000,
2003-06-27,0.586270,
2003-06-28,.,No value available
2003-06-29,.,No value available
2003-06-30,0.586370,
2003-07-01,0.586510,
2003-07-02,0.587060,
2003-07-03,0.587510,
2003-07-04,0.586830,
2003-07-05,.,No value available
2003-07-06,.,No value available
2003-07-07,0.587130,
2003-07-08,0.587130,
2003-07-09,0.587160,
2003-07-10,0.587300,
2003-07-11,0.587480,
2003-07-12,.,No value available
2003-07-13,.,No value available
2003-07-14,0.587480,
2003-07-15,0.587230,
2003-07-16,0.587270,
2003-07-17,0.587410,
2003-07-18,0.587300,
2003-07-19,.,No value available
2003-07-20,.,No value available
2003-07-21,0.587300,
2003-07-22,0.587410,
2003-07-23,0.587370,
2003-07-24,0.587370,
2003-07-25,0.587510,
2003-07-26,.,No value available
2003-07-27,.,No value available
2003-07-28,0.587510,
2003-07-29,0.587540,
2003-07-30,0.587540,
2003-07-31,0.587540,
2003-08-01,0.587410,
2003-08-02,.,No value available
2003-08-03,.,No value available
2003-08-04,0.587200,
2003-08-05,0.586750,
2003-08-06,0.586790,
2003-08-07,0.587060,
2003-08-08,0.587060,
2003-08-09,.,No value available
2003-08-10,.,No value available
2003-08-11,0.587060,
2003-08-12,0.587160,
2003-08-13,0.587160,
2003-08-14,0.586960,
2003-08-15,0.586900,
2003-08-16,.,No value available
2003-08-17,.,No value available
2003-08-18,0.586990,
2003-08-19,0.585930,
2003-08-20,0.585860,
2003-08-21,0.585690,
2003-08-22,0.584830,
2003-08-23,.,No value available
2003-08-24,.,No value available
2003-08-25,0.584660,
2003-08-26,0.584660,
2003-08-27,0.584450,
2003-08-28,0.584450,
2003-08-29,0.584280,
2003-08-30,.,No value available
2003-08-31,.,No value available
2003-09-01,0.583940,
2003-09-02,0.583330,
2003-09-03,0.583120,
2003-09-04,0.582920,
2003-09-05,0.582650,
2003-09-06,.,No value available
2003-09-07,.,No value available
2003-09-08,0.582650,
2003-09-09,0.582450,
2003-09-10,0.582580,
2003-09-11,0.583160,
2003-09-12,0.583500,
2003-09-13,.,No value available
2003-09-14,.,No value available
2003-09-15,0.583500,
2003-09-16,0.583910,
2003-09-17,0.583910,
2003-09-18,0.584620,
2003-09-19,0.584210,
2003-09-20,.,No value available
2003-09-21,.,No value available
2003-09-22,0.584210,
2003-09-23,0.584210,
2003-09-24,0.584180,
2003-09-25,0.584280,
2003-09-26,0.584800,
2003-09-27,.,No value available
2003-09-28,.,No value available
2003-09-29,0.584800,
2003-09-30,0.584450,
2003-10-01,0.584450,
2003-10-02,0.584490,
2003-10-03,0.584520,
2003-10-04,.,No value available
2003-10-05,.,No value available
2003-10-06,0.584390,
2003-10-07,0.584490,
2003-10-08,0.584490,
2003-10-09,0.584490,
2003-10-10,0.584490,
2003-10-11,.,No value available
2003-10-12,.,No value available
2003-10-13,0.584350,
2003-10-14,0.584450,
2003-10-15,0.584490,
2003-10-16,0.584450,
2003-10-17,0.583940,
2003-10-18,.,No value available
2003-10-19,.,No value available
2003-10-20,0.583940,
2003-10-21,0.583940,
2003-10-22,0.583980,
2003-10-23,0.584250,
2003-10-24,0.584250,
2003-10-25,.,No value available
2003-10-26,.,No value available
2003-10-27,0.584250,
2003-10-28,0.584250,
2003-10-29,0.583530,
2003-10-30,0.583160,
2003-10-31,0.583160,
2003-11-01,.,No value available
2003-11-02,.,No value available
2003-11-03,0.583090,
2003-11-04,0.583090,
2003-11-05,0.583020,
2003-11-06,0.582990,
2003-11-07,0.582610,
2003-11-08,.,No value available
2003-11-09,.,No value available
2003-11-10,0.582610,
2003-11-11,0.582610,
2003-11-12,0.582680,
2003-11-13,0.582580,
2003-11-14,0.582750,
2003-11-15,.,No value available
2003-11-16,.,No value available
2003-11-17,0.583060,
2003-11-18,0.583230,
2003-11-19,0.583740,
2003-11-20,0.583740,
2003-11-21,0.583700,
2003-11-22,.,No value available
2003-11-23,.,No value available
2003-11-24,0.583840,
2003-11-25,0.584040,
2003-11-26,0.584080,
2003-11-27,0.584080,
2003-11-28,0.584150,
2003-11-29,.,No value available
2003-11-30,.,No value available
2003-12-01,0.583770,
2003-12-02,0.583870,
2003-12-03,0.583600,
2003-12-04,0.583600,
2003-12-05,0.583600,
2003-12-06,.,No value available
2003-12-07,.,No value available
2003-12-08,0.583700,
2003-12-09,0.583810,
2003-12-10,0.583840,
2003-12-11,0.584010,
2003-12-12,0.584040,
2003-12-13,.,No value available
2003-12-14,.,No value available
2003-12-15,0.584150,
2003-12-16,0.584210,
2003-12-17,0.584690,
2003-12-18,0.584780,
2003-12-19,0.585210,
2003-12-20,.,No value available
2003-12-21,.,No value available
2003-12-22,0.585310,
2003-12-23,0.585860,
2003-12-24,0.585750,
2003-12-25,.,No value available
2003-12-26,.,No value available
2003-12-27,.,No value available
2003-12-28,.,No value available
2003-12-29,0.586060,
2003-12-30,0.586200,
2003-12-31,0.586370,
2004-01-01,.,No value available
2004-01-02,0.586370,
2004-01-03,.,No value available
2004-01-04,.,No value available
2004-01-05,0.586370,
2004-01-06,0.586170,
2004-01-07,0.586370,
2004-01-08,0.586510,
2004-01-09,0.586580,
2004-01-10,.,No value available
2004-01-11,.,No value available
2004-01-12,0.586580,
2004-01-13,0.586680,
2004-01-14,0.586750,
2004-01-15,0.586790,
2004-01-16,0.586720,
2004-01-17,.,No value available
2004-01-18,.,No value available
2004-01-19,0.586720,
2004-01-20,0.586720,
2004-01-21,0.586720,
2004-01-22,0.586680,
2004-01-23,0.586680,
2004-01-24,.,No value available
2004-01-25,.,No value available
2004-01-26,0.585990,
2004-01-27,0.586060,
2004-01-28,0.586170,
2004-01-29,0.586170,
2004-01-30,0.586030,
2004-01-31,.,No value available
2004-02-01,.,No value available
2004-02-02,0.586060,
2004-02-03,0.586100,
2004-02-04,0.586170,
2004-02-05,0.586240,
2004-02-06,0.586240,
2004-02-07,.,No value available
2004-02-08,.,No value available
2004-02-09,0.586240,
2004-02-10,0.586200,
2004-02-11,0.586200,
2004-02-12,0.586240,
2004-02-13,0.586240,
2004-02-14,.,No value available
2004-02-15,.,No value available
2004-02-16,0.585790,
2004-02-17,0.585790,
2004-02-18,0.585820,
2004-02-19,0.585820,
2004-02-20,0.585820,
2004-02-21,.,No value available
2004-02-22,.,No value available
2004-02-23,0.585860,
2004-02-24,0.585820,
2004-02-25,0.585820,
2004-02-26,0.585860,
2004-02-27,0.585890,
2004-02-28,.,No value available
2004-02-29,.,No value available
2004-03-01,0.585890,
2004-03-02,0.585890,
2004-03-03,0.585890,
2004-03-04,0.585890,
2004-03-05,0.585890,
2004-03-06,.,No value available
2004-03-07,.,No value available
2004-03-08,0.585890,
2004-03-09,0.585890,
2004-03-10,0.585860,
2004-03-11,0.585750,
2004-03-12,0.585790,
2004-03-13,.,No value available
2004-03-14,.,No value available
2004-03-15,0.585890,
2004-03-16,0.585930,
2004-03-17,0.585990,
2004-03-18,0.585990,
2004-03-19,0.585990,
2004-03-20,.,No value available
2004-03-21,.,No value available
2004-03-22,0.586060,
2004-03-23,0.586100,
2004-03-24,0.586170,
2004-03-25,0.586170,
2004-03-26,0.586170,
2004-03-27,.,No value available
2004-03-28,.,No value available
2004-03-29,0.586170,
2004-03-30,0.586170,
2004-03-31,0.586200,
2004-04-01,0.586170,
2004-04-02,0.586200,
2004-04-03,.,No value available
2004-04-04,.,No value available
2004-04-05,0.586200,
2004-04-06,0.586200,
2004-04-07,0.586200,
2004-04-08,0.586300,
2004-04-09,.,No value available
2004-04-10,.,No value available
2004-04-11,.,No value available
2004-04-12,.,No value available
2004-04-13,0.586300,
2004-04-14,0.586000,
2004-04-15,0.586000,
2004-04-16,0.586000,
2004-04-17,.,No value available
2004-04-18,.,No value available
2004-04-19,0.586100,
2004-04-20,0.586400,
2004-04-21,0.586400,
2004-04-22,0.586500,
2004-04-23,0.586500,
2004-04-24,.,No value available
2004-04-25,.,No value available
2004-04-26,0.586500,
2004-04-27,0.586500,
2004-04-28,0.586500,
2004-04-29,0.586500,
2004-04-30,0.586500,
2004-05-01,.,No value available
2004-05-02,.,No value available
2004-05-03,0.586500,
2004-05-04,0.586500,
2004-05-05,0.586500,
2004-05-06,0.586500,
2004-05-07,0.586500,
2004-05-08,.,No value available
2004-05-09,.,No value available
2004-05-10,0.586400,
2004-05-11,0.586300,
2004-05-12,0.586200,
2004-05-13,0.586200,
2004-05-14,0.586200,
2004-05-15,.,No value available
2004-05-16,.,No value available
2004-05-17,0.586200,
2004-05-18,0.586100,
2004-05-19,0.586000,
2004-05-20,0.585700,
2004-05-21,0.585700,
2004-05-22,.,No value available
2004-05-23,.,No value available
2004-05-24,0.585800,
2004-05-25,0.585400,
2004-05-26,0.585100,
2004-05-27,0.585000,
2004-05-28,0.584500,
2004-05-29,.,No value available
2004-05-30,.,No value available
2004-05-31,0.584400,
2004-06-01,0.584000,
2004-06-02,0.583700,
2004-06-03,0.583600,
2004-06-04,0.583400,
2004-06-05,.,No value available
2004-06-06,.,No value available
2004-06-07,0.583000,
2004-06-08,0.583000,
2004-06-09,0.583000,
2004-06-10,0.582800,
2004-06-11,0.582600,
2004-06-12,.,No value available
2004-06-13,.,No value available
2004-06-14,0.582400,
2004-06-15,0.582400,
2004-06-16,0.582200,
2004-06-17,0.581900,
2004-06-18,0.581900,
2004-06-19,.,No value available
2004-06-20,.,No value available
2004-06-21,0.581700,
2004-06-22,0.581700,
2004-06-23,0.581700,
2004-06-24,0.581500,
2004-06-25,0.581500,
2004-06-26,.,No value available
2004-06-27,.,No value available
2004-06-28,0.581500,
2004-06-29,0.581500,
2004-06-30,0.581500,
2004-07-01,0.581500,
2004-07-02,0.581500,
2004-07-03,.,No value available
2004-07-04,.,No value available
2004-07-05,0.581900,
2004-07-06,0.581800,
2004-07-07,0.581800,
2004-07-08,0.581900,
2004-07-09,0.581800,
2004-07-10,.,No value available
2004-07-11,.,No value available
2004-07-12,0.581800,
2004-07-13,0.581900,
2004-07-14,0.581900,
2004-07-15,0.581900,
2004-07-16,0.582400,
2004-07-17,.,No value available
2004-07-18,.,No value available
2004-07-19,0.582400,
2004-07-20,0.582400,
2004-07-21,0.582400,
2004-07-22,0.582300,
2004-07-23,0.582000,
2004-07-24,.,No value available
2004-07-25,.,No value available
2004-07-26,0.581800,
2004-07-27,0.581300,
2004-07-28,0.581000,
2004-07-29,0.580200,
2004-07-30,0.579800,
2004-07-31,.,No value available
2004-08-01,.,No value available
2004-08-02,0.579600,
2004-08-03,0.579500,
2004-08-04,0.579400,
2004-08-05,0.579400,
2004-08-06,0.579400,
2004-08-07,.,No value available
2004-08-08,.,No value available
2004-08-09,0.579400,
2004-08-10,0.579300,
2004-08-11,0.579300,
2004-08-12,0.579100,
2004-08-13,0.578200,
2004-08-14,.,No value available
2004-08-15,.,No value available
2004-08-16,0.577900,
2004-08-17,0.577700,
2004-08-18,0.577700,
2004-08-19,0.577800,
2004-08-20,0.577800,
2004-08-21,.,No value available
2004-08-22,.,No value available
2004-08-23,0.577700,
2004-08-24,0.577900,
2004-08-25,0.577500,
2004-08-26,0.577500,
2004-08-27,0.577500,
2004-08-28,.,No value available
2004-08-29,.,No value available
2004-08-30,0.577400,
2004-08-31,0.577400,
2004-09-01,0.577400,
2004-09-02,0.577400,
2004-09-03,0.577300,
2004-09-04,.,No value available
2004-09-05,.,No value available
2004-09-06,0.577100,
2004-09-07,0.577100,
2004-09-08,0.577100,
2004-09-09,0.577000,
2004-09-10,0.577100,
2004-09-11,.,No value available
2004-09-12,.,No value available
2004-09-13,0.577300,
2004-09-14,0.577300,
2004-09-15,0.577000,
2004-09-16,0.577000,
2004-09-17,0.577100,
2004-09-18,.,No value available
2004-09-19,.,No value available
2004-09-20,0.577100,
2004-09-21,0.577100,
2004-09-22,0.577100,
2004-09-23,0.577100,
2004-09-24,0.576900,
2004-09-25,.,No value available
2004-09-26,.,No value available
2004-09-27,0.576900,
2004-09-28,0.576200,
2004-09-29,0.576000,
2004-09-30,0.575600,
2004-10-01,0.575500,
2004-10-02,.,No value available
2004-10-03,.,No value available
2004-10-04,0.575700,
2004-10-05,0.575700,
2004-10-06,0.575900,
2004-10-07,0.576000,
2004-10-08,0.576000,
2004-10-09,.,No value available
2004-10-10,.,No value available
2004-10-11,0.576000,
2004-10-12,0.576000,
2004-10-13,0.576000,
2004-10-14,0.576000,
2004-10-15,0.575700,
2004-10-16,.,No value available
2004-10-17,.,No value available
2004-10-18,0.575700,
2004-10-19,0.575700,
2004-10-20,0.575500,
2004-10-21,0.575500,
2004-10-22,0.576000,
2004-10-23,.,No value available
2004-10-24,.,No value available
2004-10-25,0.576200,
2004-10-26,0.576500,
2004-10-27,0.576500,
2004-10-28,0.576300,
2004-10-29,0.576500,
2004-10-30,.,No value available
2004-10-31,.,No value available
2004-11-01,0.576600,
2004-11-02,0.576800,
2004-11-03,0.576900,
2004-11-04,0.576900,
2004-11-05,0.576900,
2004-11-06,.,No value available
2004-11-07,.,No value available
2004-11-08,0.576900,
2004-11-09,0.577400,
2004-11-10,0.577500,
2004-11-11,0.577500,
2004-11-12,0.577500,
2004-11-13,.,No value available
2004-11-14,.,No value available
2004-11-15,0.577700,
2004-11-16,0.577700,
2004-11-17,0.577700,
2004-11-18,0.578000,
2004-11-19,0.578400,
2004-11-20,.,No value available
2004-11-21,.,No value available
2004-11-22,0.578400,
2004-11-23,0.578500,
2004-11-24,0.578600,
2004-11-25,0.579100,
2004-11-26,0.579500,
2004-11-27,.,No value available
2004-11-28,.,No value available
2004-11-29,0.579600,
2004-11-30,0.579500,
2004-12-01,0.579400,
2004-12-02,0.579500,
2004-12-03,0.579400,
2004-12-04,.,No value available
2004-12-05,.,No value available
2004-12-06,0.579100,
2004-12-07,0.579100,
2004-12-08,0.579200,
2004-12-09,0.579200,
2004-12-10,0.579200,
2004-12-11,.,No value available
2004-12-12,.,No value available
2004-12-13,0.578800,
2004-12-14,0.578800,
2004-12-15,0.578800,
2004-12-16,0.578800,
2004-12-17,0.578800,
2004-12-18,.,No value available
2004-12-19,.,No value available
2004-12-20,0.578800,
2004-12-21,0.578800,
2004-12-22,0.578800,
2004-12-23,0.578900,
2004-12-24,0.578700,
2004-12-25,.,No value available
2004-12-26,.,No value available
2004-12-27,0.578600,
2004-12-28,0.579100,
2004-12-29,0.579600,
2004-12-30,0.579600,
2004-12-31,0.580000,
2005-01-01,.,No value available
2005-01-02,.,No value available
2005-01-03,0.580000,
2005-01-04,0.580100,
2005-01-05,0.580600,
2005-01-06,0.580400,
2005-01-07,0.580700,
2005-01-08,.,No value available
2005-01-09,.,No value available
2005-01-10,0.580900,
2005-01-11,0.581100,
2005-01-12,0.581300,
2005-01-13,0.581600,
2005-01-14,0.581800,
2005-01-15,.,No value available
2005-01-16,.,No value available
2005-01-17,0.582000,
2005-01-18,0.582000,
2005-01-19,0.582000,
2005-01-20,0.582000,
2005-01-21,0.582000,
2005-01-22,.,No value available
2005-01-23,.,No value available
2005-01-24,0.582100,
2005-01-25,0.582500,
2005-01-26,0.583100,
2005-01-27,0.583200,
2005-01-28,0.583200,
2005-01-29,.,No value available
2005-01-30,.,No value available
2005-01-31,0.583200,
2005-02-01,0.583200,
2005-02-02,0.583200,
2005-02-03,0.583200,
2005-02-04,0.583000,
2005-02-05,.,No value available
2005-02-06,.,No value available
2005-02-07,0.582700,
2005-02-08,0.582800,
2005-02-09,0.583100,
2005-02-10,0.583100,
2005-02-11,0.583100,
2005-02-12,.,No value available
2005-02-13,.,No value available
2005-02-14,0.583100,
2005-02-15,0.583100,
2005-02-16,0.583100,
2005-02-17,0.583100,
2005-02-18,0.583000,
2005-02-19,.,No value available
2005-02-20,.,No value available
2005-02-21,0.583000,
2005-02-22,0.583000,
2005-02-23,0.583000,
2005-02-24,0.583600,
2005-02-25,0.583700,
2005-02-26,.,No value available
2005-02-27,.,No value available
2005-02-28,0.583800,
2005-03-01,0.583400,
2005-03-02,0.583000,
2005-03-03,0.583000,
2005-03-04,0.582700,
2005-03-05,.,No value available
2005-03-06,.,No value available
2005-03-07,0.582500,
2005-03-08,0.582300,
2005-03-09,0.582300,
2005-03-10,0.582500,
2005-03-11,0.582500,
2005-03-12,.,No value available
2005-03-13,.,No value available
2005-03-14,0.582100,
2005-03-15,0.582400,
2005-03-16,0.582800,
2005-03-17,0.583100,
2005-03-18,0.583400,
2005-03-19,.,No value available
2005-03-20,.,No value available
2005-03-21,0.583400,
2005-03-22,0.583800,
2005-03-23,0.584200,
2005-03-24,0.584200,
2005-03-25,.,No value available
2005-03-26,.,No value available
2005-03-27,.,No value available
2005-03-28,.,No value available
2005-03-29,0.584300,
2005-03-30,0.584500,
2005-03-31,0.584600,
2005-04-01,0.584000,
2005-04-02,.,No value available
2005-04-03,.,No value available
2005-04-04,0.584600,
2005-04-05,0.584600,
2005-04-06,0.584200,
2005-04-07,0.583300,
2005-04-08,0.583000,
2005-04-09,.,No value available
2005-04-10,.,No value available
2005-04-11,0.582900,
2005-04-12,0.582900,
2005-04-13,0.582900,
2005-04-14,0.582900,
2005-04-15,0.582800,
2005-04-16,.,No value available
2005-04-17,.,No value available
2005-04-18,0.582500,
2005-04-19,0.582200,
2005-04-20,0.582200,
2005-04-21,0.582200,
2005-04-22,0.582200,
2005-04-23,.,No value available
2005-04-24,.,No value available
2005-04-25,0.582100,
2005-04-26,0.582100,
2005-04-27,0.582000,
2005-04-28,0.581800,
2005-04-29,0.581800,
2005-04-30,.,No value available
2005-05-01,.,No value available
2005-05-02,0.582300,
2005-05-03,0.582300,
2005-05-04,0.580800,
2005-05-05,0.579700,
2005-05-06,0.579300,
2005-05-07,.,No value available
2005-05-08,.,No value available
2005-05-09,0.579100,
2005-05-10,0.579100,
2005-05-11,0.578400,
2005-05-12,0.578300,
2005-05-13,0.577500,
2005-05-14,.,No value available
2005-05-15,.,No value available
2005-05-16,0.577300,
2005-05-17,0.577000,
2005-05-18,0.577000,
2005-05-19,0.577200,
2005-05-20,0.576900,
2005-05-21,.,No value available
2005-05-22,.,No value available
2005-05-23,0.576700,
2005-05-24,0.576700,
2005-05-25,0.576700,
2005-05-26,0.576400,
2005-05-27,0.576400,
2005-05-28,.,No value available
2005-05-29,.,No value available
2005-05-30,0.576300,
2005-05-31,0.576000,
2005-06-01,0.575100,
2005-06-02,0.575100,
2005-06-03,0.574700,
2005-06-04,.,No value available
2005-06-05,.,No value available
2005-06-06,0.574600,
2005-06-07,0.574500,
2005-06-08,0.574400,
2005-06-09,0.574300,
2005-06-10,0.574000,
2005-06-11,.,No value available
2005-06-12,.,No value available
2005-06-13,0.574000,
2005-06-14,0.574200,
2005-06-15,0.574200,
2005-06-16,0.574200,
2005-06-17,0.573800,
2005-06-18,.,No value available
2005-06-19,.,No value available
2005-06-20,0.573500,
2005-06-21,0.573600,
2005-06-22,0.573500,
2005-06-23,0.573600,
2005-06-24,0.573500,
2005-06-25,.,No value available
2005-06-26,.,No value available
2005-06-27,0.573700,
2005-06-28,0.573700,
2005-06-29,0.573500,
2005-06-30,0.573500,
2005-07-01,0.573500,
2005-07-02,.,No value available
2005-07-03,.,No value available
2005-07-04,0.573500,
2005-07-05,0.573400,
2005-07-06,0.573300,
2005-07-07,0.573400,
2005-07-08,0.573600,
2005-07-09,.,No value available
2005-07-10,.,No value available
2005-07-11,0.573600,
2005-07-12,0.573600,
2005-07-13,0.573600,
2005-07-14,0.573800,
2005-07-15,0.573800,
2005-07-16,.,No value available
2005-07-17,.,No value available
2005-07-18,0.573800,
2005-07-19,0.573800,
2005-07-20,0.573800,
2005-07-21,0.573800,
2005-07-22,0.573800,
2005-07-23,.,No value available
2005-07-24,.,No value available
2005-07-25,0.573800,
2005-07-26,0.573700,
2005-07-27,0.573900,
2005-07-28,0.573800,
2005-07-29,0.573800,
2005-07-30,.,No value available
2005-07-31,.,No value available
2005-08-01,0.573800,
2005-08-02,0.573700,
2005-08-03,0.573600,
2005-08-04,0.573600,
2005-08-05,0.573600,
2005-08-06,.,No value available
2005-08-07,.,No value available
2005-08-08,0.573600,
2005-08-09,0.573500,
2005-08-10,0.573500,
2005-08-11,0.573500,
2005-08-12,0.573300,
2005-08-13,.,No value available
2005-08-14,.,No value available
2005-08-15,0.573100,
2005-08-16,0.573100,
2005-08-17,0.573000,
2005-08-18,0.572900,
2005-08-19,0.572900,
2005-08-20,.,No value available
2005-08-21,.,No value available
2005-08-22,0.572900,
2005-08-23,0.572900,
2005-08-24,0.572900,
2005-08-25,0.572900,
2005-08-26,0.572900,
2005-08-27,.,No value available
2005-08-28,.,No value available
2005-08-29,0.572900,
2005-08-30,0.572900,
2005-08-31,0.572900,
2005-09-01,0.572900,
2005-09-02,0.572900,
2005-09-03,.,No value available
2005-09-04,.,No value available
2005-09-05,0.572900,
2005-09-06,0.572900,
2005-09-07,0.572900,
2005-09-08,0.572900,
2005-09-09,0.572900,
2005-09-10,.,No value available
2005-09-11,.,No value available
2005-09-12,0.572900,
2005-09-13,0.572900,
2005-09-14,0.572900,
2005-09-15,0.572900,
2005-09-16,0.572900,
2005-09-17,.,No value available
2005-09-18,.,No value available
2005-09-19,0.572900,
2005-09-20,0.572900,
2005-09-21,0.573000,
2005-09-22,0.573000,
2005-09-23,0.573000,
2005-09-24,.,No value available
2005-09-25,.,No value available
2005-09-26,0.573100,
2005-09-27,0.573100,
2005-09-28,0.573100,
2005-09-29,0.573100,
2005-09-30,0.573200,
2005-10-01,.,No value available
2005-10-02,.,No value available
2005-10-03,0.573100,
2005-10-04,0.573100,
2005-10-05,0.573100,
2005-10-06,0.573100,
2005-10-07,0.573100,
2005-10-08,.,No value available
2005-10-09,.,No value available
2005-10-10,0.573100,
2005-10-11,0.573100,
2005-10-12,0.573100,
2005-10-13,0.573100,
2005-10-14,0.573100,
2005-10-15,.,No value available
2005-10-16,.,No value available
2005-10-17,0.573100,
2005-10-18,0.573100,
2005-10-19,0.573100,
2005-10-20,0.573100,
2005-10-21,0.573100,
2005-10-22,.,No value available
2005-10-23,.,No value available
2005-10-24,0.573100,
2005-10-25,0.573100,
2005-10-26,0.573500,
2005-10-27,0.573500,
2005-10-28,0.573500,
2005-10-29,.,No value available
2005-10-30,.,No value available
2005-10-31,0.573700,
2005-11-01,0.573700,
2005-11-02,0.573700,
2005-11-03,0.573700,
2005-11-04,0.573600,
2005-11-05,.,No value available
2005-11-06,.,No value available
2005-11-07,0.573600,
2005-11-08,0.573400,
2005-11-09,0.573400,
2005-11-10,0.573400,
2005-11-11,0.573400,
2005-11-12,.,No value available
2005-11-13,.,No value available
2005-11-14,0.573400,
2005-11-15,0.573400,
2005-11-16,0.573400,
2005-11-17,0.573400,
2005-11-18,0.573400,
2005-11-19,.,No value available
2005-11-20,.,No value available
2005-11-21,0.573600,
2005-11-22,0.573600,
2005-11-23,0.573600,
2005-11-24,0.573600,
2005-11-25,0.573500,
2005-11-26,.,No value available
2005-11-27,.,No value available
2005-11-28,0.573500,
2005-11-29,0.573500,
2005-11-30,0.573500,
2005-12-01,0.573500,
2005-12-02,0.573500,
2005-12-03,.,No value available
2005-12-04,.,No value available
2005-12-05,0.573500,
2005-12-06,0.573400,
2005-12-07,0.573300,
2005-12-08,0.573300,
2005-12-09,0.573300,
2005-12-10,.,No value available
2005-12-11,.,No value available
2005-12-12,0.573300,
2005-12-13,0.573500,
2005-12-14,0.573500,
2005-12-15,0.573500,
2005-12-16,0.573500,
2005-12-17,.,No value available
2005-12-18,.,No value available
2005-12-19,0.573500,
2005-12-20,0.573500,
2005-12-21,0.573500,
2005-12-22,0.573500,
2005-12-23,0.573500,
2005-12-24,.,No value available
2005-12-25,.,No value available
2005-12-26,.,No value available
2005-12-27,0.573500,
2005-12-28,0.573500,
2005-12-29,0.573500,
2005-12-30,0.573500,
2005-12-31,.,No value available
2006-01-01,.,No value available
2006-01-02,0.573500,
2006-01-03,0.573600,
2006-01-04,0.573600,
2006-01-05,0.573700,
2006-01-06,0.573700,
2006-01-07,.,No value available
2006-01-08,.,No value available
2006-01-09,0.573700,
2006-01-10,0.573700,
2006-01-11,0.573700,
2006-01-12,0.573700,
2006-01-13,0.573700,
2006-01-14,.,No value available
2006-01-15,.,No value available
2006-01-16,0.573700,
2006-01-17,0.573700,
2006-01-18,0.573800,
2006-01-19,0.573800,
2006-01-20,0.573800,
2006-01-21,.,No value available
2006-01-22,.,No value available
2006-01-23,0.573900,
2006-01-24,0.573900,
2006-01-25,0.573900,
2006-01-26,0.573900,
2006-01-27,0.573900,
2006-01-28,.,No value available
2006-01-29,.,No value available
2006-01-30,0.573900,
2006-01-31,0.573900,
2006-02-01,0.573900,
2006-02-02,0.573900,
2006-02-03,0.573900,
2006-02-04,.,No value available
2006-02-05,.,No value available
2006-02-06,0.573900,
2006-02-07,0.574000,
2006-02-08,0.574200,
2006-02-09,0.574300,
2006-02-10,0.574300,
2006-02-11,.,No value available
2006-02-12,.,No value available
2006-02-13,0.574300,
2006-02-14,0.574400,
2006-02-15,0.574500,
2006-02-16,0.574500,
2006-02-17,0.574500,
2006-02-18,.,No value available
2006-02-19,.,No value available
2006-02-20,0.574600,
2006-02-21,0.574600,
2006-02-22,0.574600,
2006-02-23,0.574700,
2006-02-24,0.574700,
2006-02-25,.,No value available
2006-02-26,.,No value available
2006-02-27,0.574700,
2006-02-28,0.574700,
2006-03-01,0.574700,
2006-03-02,0.574700,
2006-03-03,0.574700,
2006-03-04,.,No value available
2006-03-05,.,No value available
2006-03-06,0.574700,
2006-03-07,0.574700,
2006-03-08,0.574700,
2006-03-09,0.574700,
2006-03-10,0.575000,
2006-03-11,.,No value available
2006-03-12,.,No value available
2006-03-13,0.575200,
2006-03-14,0.575200,
2006-03-15,0.575300,
2006-03-16,0.575300,
2006-03-17,0.575300,
2006-03-18,.,No value available
2006-03-19,.,No value available
2006-03-20,0.575400,
2006-03-21,0.575600,
2006-03-22,0.575600,
2006-03-23,0.575700,
2006-03-24,0.575700,
2006-03-25,.,No value available
2006-03-26,.,No value available
2006-03-27,0.575900,
2006-03-28,0.575900,
2006-03-29,0.576000,
2006-03-30,0.576000,
2006-03-31,0.576000,
2006-04-01,.,No value available
2006-04-02,.,No value available
2006-04-03,0.576000,
2006-04-04,0.576000,
2006-04-05,0.576000,
2006-04-06,0.576000,
2006-04-07,0.576000,
2006-04-08,.,No value available
2006-04-09,.,No value available
2006-04-10,0.576200,
2006-04-11,0.576400,
2006-04-12,0.576400,
2006-04-13,0.576400,
2006-04-14,.,No value available
2006-04-15,.,No value available
2006-04-16,.,No value available
2006-04-17,.,No value available
2006-04-18,0.576200,
2006-04-19,0.576100,
2006-04-20,0.576100,
2006-04-21,0.576100,
2006-04-22,.,No value available
2006-04-23,.,No value available
2006-04-24,0.576100,
2006-04-25,0.576100,
2006-04-26,0.576100,
2006-04-27,0.576100,
2006-04-28,0.576000,
2006-04-29,.,No value available
2006-04-30,.,No value available
2006-05-01,.,No value available
2006-05-02,0.575800,
2006-05-03,0.575200,
2006-05-04,0.575200,
2006-05-05,0.575200,
2006-05-06,.,No value available
2006-05-07,.,No value available
2006-05-08,0.575200,
2006-05-09,0.575100,
2006-05-10,0.575100,
2006-05-11,0.575100,
2006-05-12,0.575100,
2006-05-13,.,No value available
2006-05-14,.,No value available
2006-05-15,0.575100,
2006-05-16,0.575100,
2006-05-17,0.575100,
2006-05-18,0.575000,
2006-05-19,0.575000,
2006-05-20,.,No value available
2006-05-21,.,No value available
2006-05-22,0.575000,
2006-05-23,0.575000,
2006-05-24,0.575000,
2006-05-25,0.575000,
2006-05-26,0.575000,
2006-05-27,.,No value available
2006-05-28,.,No value available
2006-05-29,0.575000,
2006-05-30,0.575000,
2006-05-31,0.575000,
2006-06-01,0.575000,
2006-06-02,0.575000,
2006-06-03,.,No value available
2006-06-04,.,No value available
2006-06-05,0.575000,
2006-06-06,0.575000,
2006-06-07,0.575000,
2006-06-08,0.575000,
2006-06-09,0.575000,
2006-06-10,.,No value available
2006-06-11,.,No value available
2006-06-12,0.575800,
2006-06-13,0.575000,
2006-06-14,0.575000,
2006-06-15,0.575000,
2006-06-16,0.575000,
2006-06-17,.,No value available
2006-06-18,.,No value available
2006-06-19,0.575000,
2006-06-20,0.575000,
2006-06-21,0.575000,
2006-06-22,0.575000,
2006-06-23,0.575000,
2006-06-24,.,No value available
2006-06-25,.,No value available
2006-06-26,0.575000,
2006-06-27,0.575000,
2006-06-28,0.575000,
2006-06-29,0.575000,
2006-06-30,0.575000,
2006-07-01,.,No value available
2006-07-02,.,No value available
2006-07-03,0.575000,
2006-07-04,0.575000,
2006-07-05,0.575000,
2006-07-06,0.575000,
2006-07-07,0.575000,
2006-07-08,.,No value available
2006-07-09,.,No value available
2006-07-10,0.575000,
2006-07-11,0.575000,
2006-07-12,0.575000,
2006-07-13,0.575000,
2006-07-14,0.575000,
2006-07-15,.,No value available
2006-07-16,.,No value available
2006-07-17,0.575000,
2006-07-18,0.575000,
2006-07-19,0.575000,
2006-07-20,0.575000,
2006-07-21,0.575000,
2006-07-22,.,No value available
2006-07-23,.,No value available
2006-07-24,0.575000,
2006-07-25,0.575000,
2006-07-26,0.575000,
2006-07-27,0.575000,
2006-07-28,0.575000,
2006-07-29,.,No value available
2006-07-30,.,No value available
2006-07-31,0.575000,
2006-08-01,0.575000,
2006-08-02,0.575000,
2006-08-03,0.575000,
2006-08-04,0.575300,
2006-08-05,.,No value available
2006-08-06,.,No value available
2006-08-07,0.575600,
2006-08-08,0.576000,
2006-08-09,0.576000,
2006-08-10,0.576000,
2006-08-11,0.575900,
2006-08-12,.,No value available
2006-08-13,.,No value available
2006-08-14,0.575900,
2006-08-15,0.575900,
2006-08-16,0.575900,
2006-08-17,0.575900,
2006-08-18,0.575900,
2006-08-19,.,No value available
2006-08-20,.,No value available
2006-08-21,0.575900,
2006-08-22,0.575900,
2006-08-23,0.576100,
2006-08-24,0.576100,
2006-08-25,0.576100,
2006-08-26,.,No value available
2006-08-27,.,No value available
2006-08-28,0.576200,
2006-08-29,0.576300,
2006-08-30,0.576300,
2006-08-31,0.576300,
2006-09-01,0.576300,
2006-09-02,.,No value available
2006-09-03,.,No value available
2006-09-04,0.576300,
2006-09-05,0.576300,
2006-09-06,0.576300,
2006-09-07,0.576300,
2006-09-08,0.576300,
2006-09-09,.,No value available
2006-09-10,.,No value available
2006-09-11,0.576400,
2006-09-12,0.576400,
2006-09-13,0.576600,
2006-09-14,0.576600,
2006-09-15,0.576400,
2006-09-16,.,No value available
2006-09-17,.,No value available
2006-09-18,0.576500,
2006-09-19,0.576500,
2006-09-20,0.576700,
2006-09-21,0.576600,
2006-09-22,0.576600,
2006-09-23,.,No value available
2006-09-24,.,No value available
2006-09-25,0.576700,
2006-09-26,0.576700,
2006-09-27,0.576700,
2006-09-28,0.576700,
2006-09-29,0.576700,
2006-09-30,.,No value available
2006-10-01,.,No value available
2006-10-02,0.576700,
2006-10-03,0.576700,
2006-10-04,0.576700,
2006-10-05,0.576700,
2006-10-06,0.576700,
2006-10-07,.,No value available
2006-10-08,.,No value available
2006-10-09,0.576700,
2006-10-10,0.576700,
2006-10-11,0.576700,
2006-10-12,0.576700,
2006-10-13,0.576700,
2006-10-14,.,No value available
2006-10-15,.,No value available
2006-10-16,0.576700,
2006-10-17,0.576700,
2006-10-18,0.576700,
2006-10-19,0.576700,
2006-10-20,0.576700,
2006-10-21,.,No value available
2006-10-22,.,No value available
2006-10-23,0.576700,
2006-10-24,0.576700,
2006-10-25,0.576600,
2006-10-26,0.576500,
2006-10-27,0.576800,
2006-10-28,.,No value available
2006-10-29,.,No value available
2006-10-30,0.577000,
2006-10-31,0.577000,
2006-11-01,0.577000,
2006-11-02,0.577000,
2006-11-03,0.577500,
2006-11-04,.,No value available
2006-11-05,.,No value available
2006-11-06,0.577700,
2006-11-07,0.577700,
2006-11-08,0.577700,
2006-11-09,0.577700,
2006-11-10,0.577700,
2006-11-11,.,No value available
2006-11-12,.,No value available
2006-11-13,0.577700,
2006-11-14,0.577700,
2006-11-15,0.577700,
2006-11-16,0.577700,
2006-11-17,0.577700,
2006-11-18,.,No value available
2006-11-19,.,No value available
2006-11-20,0.577700,
2006-11-21,0.577700,
2006-11-22,0.577800,
2006-11-23,0.577900,
2006-11-24,0.577900,
2006-11-25,.,No value available
2006-11-26,.,No value available
2006-11-27,0.578000,
2006-11-28,0.578000,
2006-11-29,0.578000,
2006-11-30,0.578000,
2006-12-01,0.578000,
2006-12-02,.,No value available
2006-12-03,.,No value available
2006-12-04,0.578000,
2006-12-05,0.578100,
2006-12-06,0.578100,
2006-12-07,0.578100,
2006-12-08,0.578100,
2006-12-09,.,No value available
2006-12-10,.,No value available
2006-12-11,0.578100,
2006-12-12,0.578100,
2006-12-13,0.578100,
2006-12-14,0.578100,
2006-12-15,0.578100,
2006-12-16,.,No value available
2006-12-17,.,No value available
2006-12-18,0.578100,
2006-12-19,0.578100,
2006-12-20,0.578100,
2006-12-21,0.578100,
2006-12-22,0.578100,
2006-12-23,.,No value available
2006-12-24,.,No value available
2006-12-25,.,No value available
2006-12-26,.,No value available
2006-12-27,0.578200,
2006-12-28,0.578200,
2006-12-29,0.578200,
2006-12-30,.,No value available
2006-12-31,.,No value available
2007-01-01,.,No value available
2007-01-02,0.578200,
2007-01-03,0.578200,
2007-01-04,0.578300,
2007-01-05,0.578300,
2007-01-06,.,No value available
2007-01-07,.,No value available
2007-01-08,0.578400,
2007-01-09,0.578400,
2007-01-10,0.578400,
2007-01-11,0.578400,
2007-01-12,0.578400,
2007-01-13,.,No value available
2007-01-14,.,No value available
2007-01-15,0.578400,
2007-01-16,0.578400,
2007-01-17,0.578400,
2007-01-18,0.578400,
2007-01-19,0.578400,
2007-01-20,.,No value available
2007-01-21,.,No value available
2007-01-22,0.578400,
2007-01-23,0.578400,
2007-01-24,0.578400,
2007-01-25,0.578400,
2007-01-26,0.578500,
2007-01-27,.,No value available
2007-01-28,.,No value available
2007-01-29,0.578700,
2007-01-30,0.578700,
2007-01-31,0.578700,
2007-02-01,0.579000,
2007-02-02,0.579100,
2007-02-03,.,No value available
2007-02-04,.,No value available
2007-02-05,0.579100,
2007-02-06,0.579100,
2007-02-07,0.579100,
2007-02-08,0.579100,
2007-02-09,0.579100,
2007-02-10,.,No value available
2007-02-11,.,No value available
2007-02-12,0.579100,
2007-02-13,0.579100,
2007-02-14,0.579100,
2007-02-15,0.579100,
2007-02-16,0.579200,
2007-02-17,.,No value available
2007-02-18,.,No value available
2007-02-19,0.579200,
2007-02-20,0.579200,
2007-02-21,0.579200,
2007-02-22,0.579200,
2007-02-23,0.579400,
2007-02-24,.,No value available
2007-02-25,.,No value available
2007-02-26,0.579400,
2007-02-27,0.579400,
2007-02-28,0.579400,
2007-03-01,0.579400,
2007-03-02,0.579400,
2007-03-03,.,No value available
2007-03-04,.,No value available
2007-03-05,0.579400,
2007-03-06,0.579400,
2007-03-07,0.579400,
2007-03-08,0.579400,
2007-03-09,0.579400,
2007-03-10,.,No value available
2007-03-11,.,No value available
2007-03-12,0.579400,
2007-03-13,0.579400,
2007-03-14,0.579400,
2007-03-15,0.579400,
2007-03-16,0.579800,
2007-03-17,.,No value available
2007-03-18,.,No value available
2007-03-19,0.579800,
2007-03-20,0.580000,
2007-03-21,0.580000,
2007-03-22,0.580200,
2007-03-23,0.580500,
2007-03-24,.,No value available
2007-03-25,.,No value available
2007-03-26,0.580500,
2007-03-27,0.580500,
2007-03-28,0.580700,
2007-03-29,0.580700,
2007-03-30,0.580700,
2007-03-31,.,No value available
2007-04-01,.,No value available
2007-04-02,0.581000,
2007-04-03,0.581200,
2007-04-04,0.581200,
2007-04-05,0.581100,
2007-04-06,.,No value available
2007-04-07,.,No value available
2007-04-08,.,No value available
2007-04-09,.,No value available
2007-04-10,0.581100,
2007-04-11,0.581100,
2007-04-12,0.581100,
2007-04-13,0.581100,
2007-04-14,.,No value available
2007-04-15,.,No value available
2007-04-16,0.581200,
2007-04-17,0.581300,
2007-04-18,0.581300,
2007-04-19,0.581300,
2007-04-20,0.581700,
2007-04-21,.,No value available
2007-04-22,.,No value available
2007-04-23,0.581700,
2007-04-24,0.582000,
2007-04-25,0.582000,
2007-04-26,0.582100,
2007-04-27,0.582100,
2007-04-28,.,No value available
2007-04-29,.,No value available
2007-04-30,0.582600,
2007-05-01,.,No value available
2007-05-02,0.582600,
2007-05-03,0.582600,
2007-05-04,0.582600,
2007-05-05,.,No value available
2007-05-06,.,No value available
2007-05-07,0.582600,
2007-05-08,0.582800,
2007-05-09,0.582800,
2007-05-10,0.582900,
2007-05-11,0.582900,
2007-05-12,.,No value available
2007-05-13,.,No value available
2007-05-14,0.583200,
2007-05-15,0.583200,
2007-05-16,0.583200,
2007-05-17,0.583200,
2007-05-18,0.583200,
2007-05-19,.,No value available
2007-05-20,.,No value available
2007-05-21,0.583200,
2007-05-22,0.583200,
2007-05-23,0.583200,
2007-05-24,0.583200,
2007-05-25,0.583200,
2007-05-26,.,No value available
2007-05-27,.,No value available
2007-05-28,0.583200,
2007-05-29,0.583200,
2007-05-30,0.583200,
2007-05-31,0.583200,
2007-06-01,0.583200,
2007-06-02,.,No value available
2007-06-03,.,No value available
2007-06-04,0.583200,
2007-06-05,0.583200,
2007-06-06,0.583200,
2007-06-07,0.583300,
2007-06-08,0.583500,
2007-06-09,.,No value available
2007-06-10,.,No value available
2007-06-11,0.583500,
2007-06-12,0.583500,
2007-06-13,0.583500,
2007-06-14,0.583500,
2007-06-15,0.583500,
2007-06-16,.,No value available
2007-06-17,.,No value available
2007-06-18,0.583600,
2007-06-19,0.583600,
2007-06-20,0.583700,
2007-06-21,0.583700,
2007-06-22,0.583700,
2007-06-23,.,No value available
2007-06-24,.,No value available
2007-06-25,0.583700,
2007-06-26,0.583700,
2007-06-27,0.583700,
2007-06-28,0.583700,
2007-06-29,0.583700,
2007-06-30,.,No value available
2007-07-01,.,No value available
2007-07-02,0.583800,
2007-07-03,0.583800,
2007-07-04,0.583900,
2007-07-05,0.584000,
2007-07-06,0.584100,
2007-07-07,.,No value available
2007-07-08,.,No value available
2007-07-09,0.584100,
2007-07-10,0.584100,
2007-07-11,0.584100,
2007-07-12,0.584200,
2007-07-13,0.584200,
2007-07-14,.,No value available
2007-07-15,.,No value available
2007-07-16,0.584200,
2007-07-17,0.584200,
2007-07-18,0.584200,
2007-07-19,0.584200,
2007-07-20,0.584200,
2007-07-21,.,No value available
2007-07-22,.,No value available
2007-07-23,0.584200,
2007-07-24,0.584200,
2007-07-25,0.584200,
2007-07-26,0.584200,
2007-07-27,0.584200,
2007-07-28,.,No value available
2007-07-29,.,No value available
2007-07-30,0.584200,
2007-07-31,0.584200,
2007-08-01,0.584200,
2007-08-02,0.584200,
2007-08-03,0.584200,
2007-08-04,.,No value available
2007-08-05,.,No value available
2007-08-06,0.584200,
2007-08-07,0.584200,
2007-08-08,0.584200,
2007-08-09,0.584200,
2007-08-10,0.584200,
2007-08-11,.,No value available
2007-08-12,.,No value available
2007-08-13,0.584200,
2007-08-14,0.584200,
2007-08-15,0.584200,
2007-08-16,0.584200,
2007-08-17,0.584200,
2007-08-18,.,No value available
2007-08-19,.,No value available
2007-08-20,0.584200,
2007-08-21,0.584200,
2007-08-22,0.584200,
2007-08-23,0.584200,
2007-08-24,0.584200,
2007-08-25,.,No value available
2007-08-26,.,No value available
2007-08-27,0.584200,
2007-08-28,0.584200,
2007-08-29,0.584200,
2007-08-30,0.584200,
2007-08-31,0.584200,
2007-09-01,.,No value available
2007-09-02,.,No value available
2007-09-03,0.584200,
2007-09-04,0.584200,
2007-09-05,0.584200,
2007-09-06,0.584200,
2007-09-07,0.584200,
2007-09-08,.,No value available
2007-09-09,.,No value available
2007-09-10,0.584200,
2007-09-11,0.584200,
2007-09-12,0.584200,
2007-09-13,0.584200,
2007-09-14,0.584200,
2007-09-15,.,No value available
2007-09-16,.,No value available
2007-09-17,0.584200,
2007-09-18,0.584200,
2007-09-19,0.584200,
2007-09-20,0.584200,
2007-09-21,0.584200,
2007-09-22,.,No value available
2007-09-23,.,No value available
2007-09-24,0.584200,
2007-09-25,0.584200,
2007-09-26,0.584200,
2007-09-27,0.584200,
2007-09-28,0.584200,
2007-09-29,.,No value available
2007-09-30,.,No value available
2007-10-01,0.584200,
2007-10-02,0.584200,
2007-10-03,0.584200,
2007-10-04,0.584200,
2007-10-05,0.584200,
2007-10-06,.,No value available
2007-10-07,.,No value available
2007-10-08,0.584200,
2007-10-09,0.584200,
2007-10-10,0.584200,
2007-10-11,0.584200,
2007-10-12,0.584200,
2007-10-13,.,No value available
2007-10-14,.,No value available
2007-10-15,0.584200,
2007-10-16,0.584200,
2007-10-17,0.584200,
2007-10-18,0.584200,
2007-10-19,0.584200,
2007-10-20,.,No value available
2007-10-21,.,No value available
2007-10-22,0.584200,
2007-10-23,0.584200,
2007-10-24,0.584200,
2007-10-25,0.584200,
2007-10-26,0.584200,
2007-10-27,.,No value available
2007-10-28,.,No value available
2007-10-29,0.584200,
2007-10-30,0.584200,
2007-10-31,0.584200,
2007-11-01,0.584200,
2007-11-02,0.584200,
2007-11-03,.,No value available
2007-11-04,.,No value available
2007-11-05,0.584200,
2007-11-06,0.584200,
2007-11-07,0.584200,
2007-11-08,0.584200,
2007-11-09,0.584200,
2007-11-10,.,No value available
2007-11-11,.,No value available
2007-11-12,0.584200,
2007-11-13,0.584200,
2007-11-14,0.584200,
2007-11-15,0.584200,
2007-11-16,0.584200,
2007-11-17,.,No value available
2007-11-18,.,No value available
2007-11-19,0.584200,
2007-11-20,0.584200,
2007-11-21,0.584200,
2007-11-22,0.584200,
2007-11-23,0.584200,
2007-11-24,.,No value available
2007-11-25,.,No value available
2007-11-26,0.584200,
2007-11-27,0.584200,
2007-11-28,0.584200,
2007-11-29,0.584200,
2007-11-30,0.584200,
2007-12-01,.,No value available
2007-12-02,.,No value available
2007-12-03,0.584200,
2007-12-04,0.584200,
2007-12-05,0.584200,
2007-12-06,0.585300,
2007-12-07,0.585274,
2007-12-08,.,No value available
2007-12-09,.,No value available
2007-12-10,0.585274,
2007-12-11,0.585274,
2007-12-12,0.585274,
2007-12-13,0.585274,
2007-12-14,0.585274,
2007-12-15,.,No value available
2007-12-16,.,No value available
2007-12-17,0.585274,
2007-12-18,0.585274,
2007-12-19,0.585274,
2007-12-20,0.585274,
2007-12-21,0.585274,
2007-12-22,.,No value available
2007-12-23,.,No value available
2007-12-24,0.585274,
2007-12-25,.,No value available
2007-12-26,.,No value available
2007-12-27,0.585274,
2007-12-28,0.585274,
2007-12-29,.,No value available
2007-12-30,.,No value available
2007-12-31,0.585274,
