"",BBEX3.D.MTL.EUR.BB.AC.000,BBEX3.D.MTL.EUR.BB.AC.000_FLAGS
"",Euro foreign exchange reference rate of the ECB / EUR 1 = MTL ... / Malta / up to the end of December 2007,
Comment (in english),"Up to September 2000, ECB indicative rates. From October 2000 daily euro foreign exchange reference rates of the ECB, which were calculated on the basis of the concertation between central banks at 14.15. Malta joined the euro area on 1 January 2008; irrevocable euro conversion rate: EUR 1 = MTL 0.429300.",
Decimals,4,
Source (in english),European Central Bank (ECB).,
Time format code,P1D,
category,WEDE,
unit,MTL,
unit multiplier,One,
last update,2023-09-20 14:28:02,
1999-01-01,.,No value available
1999-01-02,.,No value available
1999-01-03,.,No value available
1999-01-04,0.4432,
1999-01-05,0.4432,
1999-01-06,0.4420,
1999-01-07,0.4413,
1999-01-08,0.4419,
1999-01-09,.,No value available
1999-01-10,.,No value available
1999-01-11,0.4405,
1999-01-12,0.4403,
1999-01-13,0.4435,
1999-01-14,0.4414,
1999-01-15,0.4421,
1999-01-16,.,No value available
1999-01-17,.,No value available
1999-01-18,0.4413,
1999-01-19,0.4412,
1999-01-20,0.4405,
1999-01-21,0.4403,
1999-01-22,0.4400,
1999-01-23,.,No value available
1999-01-24,.,No value available
1999-01-25,0.4412,
1999-01-26,0.4399,
1999-01-27,0.4411,
1999-01-28,0.4376,
1999-01-29,0.4371,
1999-01-30,.,No value available
1999-01-31,.,No value available
1999-02-01,0.4366,
1999-02-02,0.4364,
1999-02-03,0.4369,
1999-02-04,0.4359,
1999-02-05,0.4360,
1999-02-06,.,No value available
1999-02-07,.,No value available
1999-02-08,0.4356,
1999-02-09,0.4374,
1999-02-10,0.4378,
1999-02-11,0.4375,
1999-02-12,0.4360,
1999-02-13,.,No value available
1999-02-14,.,No value available
1999-02-15,0.4357,
1999-02-16,0.4377,
1999-02-17,0.4355,
1999-02-18,0.4361,
1999-02-19,0.4340,
1999-02-20,.,No value available
1999-02-21,.,No value available
1999-02-22,0.4319,
1999-02-23,0.4334,
1999-02-24,0.4311,
1999-02-25,0.4339,
1999-02-26,0.4331,
1999-02-27,.,No value available
1999-02-28,.,No value available
1999-03-01,0.4324,
1999-03-02,0.4306,
1999-03-03,0.4299,
1999-03-04,0.4305,
1999-03-05,0.4311,
1999-03-06,.,No value available
1999-03-07,.,No value available
1999-03-08,0.4282,
1999-03-09,0.4311,
1999-03-10,0.4318,
1999-03-11,0.4322,
1999-03-12,0.4301,
1999-03-13,.,No value available
1999-03-14,.,No value available
1999-03-15,0.4302,
1999-03-16,0.4329,
1999-03-17,0.4312,
1999-03-18,0.4318,
1999-03-19,0.4302,
1999-03-20,.,No value available
1999-03-21,.,No value available
1999-03-22,0.4293,
1999-03-23,0.4295,
1999-03-24,0.4295,
1999-03-25,0.4306,
1999-03-26,0.4294,
1999-03-27,.,No value available
1999-03-28,.,No value available
1999-03-29,0.4268,
1999-03-30,0.4273,
1999-03-31,0.4288,
1999-04-01,0.4279,
1999-04-02,0.4291,
1999-04-03,.,No value available
1999-04-04,.,No value available
1999-04-05,0.4286,
1999-04-06,0.4305,
1999-04-07,0.4301,
1999-04-08,0.4296,
1999-04-09,0.4300,
1999-04-10,.,No value available
1999-04-11,.,No value available
1999-04-12,0.4309,
1999-04-13,0.4324,
1999-04-14,0.4292,
1999-04-15,0.4295,
1999-04-16,0.4278,
1999-04-17,.,No value available
1999-04-18,.,No value available
1999-04-19,0.4267,
1999-04-20,0.4267,
1999-04-21,0.4255,
1999-04-22,0.4253,
1999-04-23,0.4258,
1999-04-24,.,No value available
1999-04-25,.,No value available
1999-04-26,0.4256,
1999-04-27,0.4259,
1999-04-28,0.4270,
1999-04-29,0.4255,
1999-04-30,0.4253,
1999-05-01,.,No value available
1999-05-02,.,No value available
1999-05-03,0.4253,
1999-05-04,0.4257,
1999-05-05,0.4256,
1999-05-06,0.4277,
1999-05-07,0.4276,
1999-05-08,.,No value available
1999-05-09,.,No value available
1999-05-10,0.4270,
1999-05-11,0.4279,
1999-05-12,0.4267,
1999-05-13,0.4263,
1999-05-14,0.4244,
1999-05-15,.,No value available
1999-05-16,.,No value available
1999-05-17,0.4265,
1999-05-18,0.4264,
1999-05-19,0.4264,
1999-05-20,0.4210,
1999-05-21,0.4253,
1999-05-22,.,No value available
1999-05-23,.,No value available
1999-05-24,0.4259,
1999-05-25,0.4265,
1999-05-26,0.4249,
1999-05-27,0.4238,
1999-05-28,0.4178,
1999-05-29,.,No value available
1999-05-30,.,No value available
1999-05-31,0.4233,
1999-06-01,0.4167,
1999-06-02,0.4216,
1999-06-03,0.4217,
1999-06-04,0.4202,
1999-06-05,.,No value available
1999-06-06,.,No value available
1999-06-07,0.4204,
1999-06-08,0.4224,
1999-06-09,0.4234,
1999-06-10,0.4236,
1999-06-11,0.4233,
1999-06-12,.,No value available
1999-06-13,.,No value available
1999-06-14,0.4224,
1999-06-15,0.4229,
1999-06-16,0.4240,
1999-06-17,0.4216,
1999-06-18,0.4225,
1999-06-19,.,No value available
1999-06-20,.,No value available
1999-06-21,0.4238,
1999-06-22,0.4215,
1999-06-23,0.4218,
1999-06-24,0.4204,
1999-06-25,0.4238,
1999-06-26,.,No value available
1999-06-27,.,No value available
1999-06-28,0.4233,
1999-06-29,0.4227,
1999-06-30,0.4251,
1999-07-01,0.4212,
1999-07-02,0.4216,
1999-07-03,.,No value available
1999-07-04,.,No value available
1999-07-05,0.4206,
1999-07-06,0.4212,
1999-07-07,0.4216,
1999-07-08,0.4209,
1999-07-09,0.4214,
1999-07-10,.,No value available
1999-07-11,.,No value available
1999-07-12,0.4233,
1999-07-13,0.4173,
1999-07-14,0.4173,
1999-07-15,0.4200,
1999-07-16,0.4200,
1999-07-17,.,No value available
1999-07-18,.,No value available
1999-07-19,0.4202,
1999-07-20,0.4243,
1999-07-21,0.4186,
1999-07-22,0.4181,
1999-07-23,0.4252,
1999-07-24,.,No value available
1999-07-25,.,No value available
1999-07-26,0.4248,
1999-07-27,0.4271,
1999-07-28,0.4279,
1999-07-29,0.4244,
1999-07-30,0.4266,
1999-07-31,.,No value available
1999-08-01,.,No value available
1999-08-02,0.4263,
1999-08-03,0.4267,
1999-08-04,0.4254,
1999-08-05,0.4285,
1999-08-06,0.4277,
1999-08-07,.,No value available
1999-08-08,.,No value available
1999-08-09,0.4245,
1999-08-10,0.4264,
1999-08-11,0.4233,
1999-08-12,0.4263,
1999-08-13,0.4254,
1999-08-14,.,No value available
1999-08-15,.,No value available
1999-08-16,0.4251,
1999-08-17,0.4198,
1999-08-18,0.4246,
1999-08-19,0.4243,
1999-08-20,0.4243,
1999-08-21,.,No value available
1999-08-22,.,No value available
1999-08-23,0.4254,
1999-08-24,0.4196,
1999-08-25,0.4173,
1999-08-26,0.4173,
1999-08-27,0.4242,
1999-08-28,.,No value available
1999-08-29,.,No value available
1999-08-30,0.4241,
1999-08-31,0.4250,
1999-09-01,0.4218,
1999-09-02,0.4257,
1999-09-03,0.4237,
1999-09-04,.,No value available
1999-09-05,.,No value available
1999-09-06,0.4294,
1999-09-07,0.4250,
1999-09-08,0.4254,
1999-09-09,0.4260,
1999-09-10,0.4258,
1999-09-11,.,No value available
1999-09-12,.,No value available
1999-09-13,0.4204,
1999-09-14,0.4216,
1999-09-15,0.4211,
1999-09-16,0.4209,
1999-09-17,0.4211,
1999-09-18,.,No value available
1999-09-19,.,No value available
1999-09-20,0.4212,
1999-09-21,0.4205,
1999-09-22,0.4224,
1999-09-23,0.4213,
1999-09-24,0.4215,
1999-09-25,.,No value available
1999-09-26,.,No value available
1999-09-27,0.4151,
1999-09-28,0.4212,
1999-09-29,0.4194,
1999-09-30,0.4245,
1999-10-01,0.4254,
1999-10-02,.,No value available
1999-10-03,.,No value available
1999-10-04,0.4254,
1999-10-05,0.4221,
1999-10-06,0.4254,
1999-10-07,0.4243,
1999-10-08,0.4214,
1999-10-09,.,No value available
1999-10-10,.,No value available
1999-10-11,0.4235,
1999-10-12,0.4233,
1999-10-13,0.4261,
1999-10-14,0.4265,
1999-10-15,0.4272,
1999-10-16,.,No value available
1999-10-17,.,No value available
1999-10-18,0.4268,
1999-10-19,0.4259,
1999-10-20,0.4253,
1999-10-21,0.4255,
1999-10-22,0.4246,
1999-10-23,.,No value available
1999-10-24,.,No value available
1999-10-25,0.4240,
1999-10-26,0.4232,
1999-10-27,0.4221,
1999-10-28,0.4224,
1999-10-29,0.4212,
1999-10-30,.,No value available
1999-10-31,.,No value available
1999-11-01,0.4228,
1999-11-02,0.4214,
1999-11-03,0.4212,
1999-11-04,0.4221,
1999-11-05,0.4249,
1999-11-06,.,No value available
1999-11-07,.,No value available
1999-11-08,0.4212,
1999-11-09,0.4215,
1999-11-10,0.4212,
1999-11-11,0.4213,
1999-11-12,0.4197,
1999-11-13,.,No value available
1999-11-14,.,No value available
1999-11-15,0.4194,
1999-11-16,0.4198,
1999-11-17,0.4209,
1999-11-18,0.4209,
1999-11-19,0.4193,
1999-11-20,.,No value available
1999-11-21,.,No value available
1999-11-22,0.4196,
1999-11-23,0.4194,
1999-11-24,0.4180,
1999-11-25,0.4186,
1999-11-26,0.4163,
1999-11-27,.,No value available
1999-11-28,.,No value available
1999-11-29,0.4155,
1999-11-30,0.4165,
1999-12-01,0.4161,
1999-12-02,0.4157,
1999-12-03,0.4147,
1999-12-04,.,No value available
1999-12-05,.,No value available
1999-12-06,0.4179,
1999-12-07,0.4178,
1999-12-08,0.4175,
1999-12-09,0.4168,
1999-12-10,0.4161,
1999-12-11,.,No value available
1999-12-12,.,No value available
1999-12-13,0.4160,
1999-12-14,0.4147,
1999-12-15,0.4149,
1999-12-16,0.4167,
1999-12-17,0.4153,
1999-12-18,.,No value available
1999-12-19,.,No value available
1999-12-20,0.4164,
1999-12-21,0.4157,
1999-12-22,0.4156,
1999-12-23,0.4158,
1999-12-24,0.4167,
1999-12-25,.,No value available
1999-12-26,.,No value available
1999-12-27,0.4166,
1999-12-28,0.4148,
1999-12-29,0.4151,
1999-12-30,0.4151,
1999-12-31,.,No value available
2000-01-01,.,No value available
2000-01-02,.,No value available
2000-01-03,0.4151,
2000-01-04,0.4182,
2000-01-05,0.4195,
2000-01-06,0.4191,
2000-01-07,0.4175,
2000-01-08,.,No value available
2000-01-09,.,No value available
2000-01-10,0.4173,
2000-01-11,0.4171,
2000-01-12,0.4180,
2000-01-13,0.4173,
2000-01-14,0.4165,
2000-01-15,.,No value available
2000-01-16,.,No value available
2000-01-17,0.4142,
2000-01-18,0.4147,
2000-01-19,0.4146,
2000-01-20,0.4137,
2000-01-21,0.4140,
2000-01-22,.,No value available
2000-01-23,.,No value available
2000-01-24,0.4117,
2000-01-25,0.4121,
2000-01-26,0.4124,
2000-01-27,0.4124,
2000-01-28,0.4103,
2000-01-29,.,No value available
2000-01-30,.,No value available
2000-01-31,0.4093,
2000-02-01,0.4083,
2000-02-02,0.4087,
2000-02-03,0.4098,
2000-02-04,0.4119,
2000-02-05,.,No value available
2000-02-06,.,No value available
2000-02-07,0.4103,
2000-02-08,0.4127,
2000-02-09,0.4134,
2000-02-10,0.4116,
2000-02-11,0.4110,
2000-02-12,.,No value available
2000-02-13,.,No value available
2000-02-14,0.4129,
2000-02-15,0.4112,
2000-02-16,0.4110,
2000-02-17,0.4123,
2000-02-18,0.4115,
2000-02-19,.,No value available
2000-02-20,.,No value available
2000-02-21,0.4120,
2000-02-22,0.4149,
2000-02-23,0.4160,
2000-02-24,0.4127,
2000-02-25,0.4114,
2000-02-26,.,No value available
2000-02-27,.,No value available
2000-02-28,0.4088,
2000-02-29,0.4100,
2000-03-01,0.4095,
2000-03-02,0.4102,
2000-03-03,0.4091,
2000-03-04,.,No value available
2000-03-05,.,No value available
2000-03-06,0.4087,
2000-03-07,0.4083,
2000-03-08,0.4069,
2000-03-09,0.4082,
2000-03-10,0.4086,
2000-03-11,.,No value available
2000-03-12,.,No value available
2000-03-13,0.4105,
2000-03-14,0.4090,
2000-03-15,0.4096,
2000-03-16,0.4095,
2000-03-17,0.4099,
2000-03-18,.,No value available
2000-03-19,.,No value available
2000-03-20,0.4111,
2000-03-21,0.4106,
2000-03-22,0.4089,
2000-03-23,0.4101,
2000-03-24,0.4097,
2000-03-25,.,No value available
2000-03-26,.,No value available
2000-03-27,0.4092,
2000-03-28,0.4087,
2000-03-29,0.4104,
2000-03-30,0.4066,
2000-03-31,0.4062,
2000-04-01,.,No value available
2000-04-02,.,No value available
2000-04-03,0.4069,
2000-04-04,0.4056,
2000-04-05,0.4091,
2000-04-06,0.4085,
2000-04-07,0.4070,
2000-04-08,.,No value available
2000-04-09,.,No value available
2000-04-10,0.4079,
2000-04-11,0.4076,
2000-04-12,0.4073,
2000-04-13,0.4063,
2000-04-14,0.4065,
2000-04-15,.,No value available
2000-04-16,.,No value available
2000-04-17,0.4066,
2000-04-18,0.4058,
2000-04-19,0.4046,
2000-04-20,0.4033,
2000-04-21,.,No value available
2000-04-22,.,No value available
2000-04-23,.,No value available
2000-04-24,.,No value available
2000-04-25,0.4020,
2000-04-26,0.3997,
2000-04-27,0.3992,
2000-04-28,0.3983,
2000-04-29,.,No value available
2000-04-30,.,No value available
2000-05-01,.,No value available
2000-05-02,0.3991,
2000-05-03,0.3945,
2000-05-04,0.3967,
2000-05-05,0.3941,
2000-05-06,.,No value available
2000-05-07,.,No value available
2000-05-08,0.3979,
2000-05-09,0.3981,
2000-05-10,0.4014,
2000-05-11,0.4015,
2000-05-12,0.3996,
2000-05-13,.,No value available
2000-05-14,.,No value available
2000-05-15,0.4026,
2000-05-16,0.4016,
2000-05-17,0.3991,
2000-05-18,0.4004,
2000-05-19,0.3989,
2000-05-20,.,No value available
2000-05-21,.,No value available
2000-05-22,0.4014,
2000-05-23,0.4039,
2000-05-24,0.4037,
2000-05-25,0.4009,
2000-05-26,0.4051,
2000-05-27,.,No value available
2000-05-28,.,No value available
2000-05-29,0.4065,
2000-05-30,0.4076,
2000-05-31,0.4072,
2000-06-01,0.4075,
2000-06-02,0.4081,
2000-06-03,.,No value available
2000-06-04,.,No value available
2000-06-05,0.4086,
2000-06-06,0.4100,
2000-06-07,0.4103,
2000-06-08,0.4142,
2000-06-09,0.4097,
2000-06-10,.,No value available
2000-06-11,.,No value available
2000-06-12,0.4107,
2000-06-13,0.4118,
2000-06-14,0.4133,
2000-06-15,0.4109,
2000-06-16,0.4114,
2000-06-17,.,No value available
2000-06-18,.,No value available
2000-06-19,0.4129,
2000-06-20,0.4109,
2000-06-21,0.4101,
2000-06-22,0.4084,
2000-06-23,0.4087,
2000-06-24,.,No value available
2000-06-25,.,No value available
2000-06-26,0.4072,
2000-06-27,0.4089,
2000-06-28,0.4088,
2000-06-29,0.4097,
2000-06-30,0.4114,
2000-07-01,.,No value available
2000-07-02,.,No value available
2000-07-03,0.4100,
2000-07-04,0.4097,
2000-07-05,0.4105,
2000-07-06,0.4105,
2000-07-07,0.4096,
2000-07-08,.,No value available
2000-07-09,.,No value available
2000-07-10,0.4104,
2000-07-11,0.4107,
2000-07-12,0.4091,
2000-07-13,0.4074,
2000-07-14,0.4073,
2000-07-15,.,No value available
2000-07-16,.,No value available
2000-07-17,0.4076,
2000-07-18,0.4078,
2000-07-19,0.4051,
2000-07-20,0.4053,
2000-07-21,0.4072,
2000-07-22,.,No value available
2000-07-23,.,No value available
2000-07-24,0.4065,
2000-07-25,0.4080,
2000-07-26,0.4075,
2000-07-27,0.4076,
2000-07-28,0.4057,
2000-07-29,.,No value available
2000-07-30,.,No value available
2000-07-31,0.4056,
2000-08-01,0.4059,
2000-08-02,0.4041,
2000-08-03,0.4017,
2000-08-04,0.4009,
2000-08-05,.,No value available
2000-08-06,.,No value available
2000-08-07,0.4016,
2000-08-08,0.3953,
2000-08-09,0.3995,
2000-08-10,0.4009,
2000-08-11,0.4027,
2000-08-12,.,No value available
2000-08-13,.,No value available
2000-08-14,0.4001,
2000-08-15,0.4025,
2000-08-16,0.4018,
2000-08-17,0.4035,
2000-08-18,0.4031,
2000-08-19,.,No value available
2000-08-20,.,No value available
2000-08-21,0.4013,
2000-08-22,0.4006,
2000-08-23,0.3992,
2000-08-24,0.4020,
2000-08-25,0.4024,
2000-08-26,.,No value available
2000-08-27,.,No value available
2000-08-28,0.4022,
2000-08-29,0.4018,
2000-08-30,0.4014,
2000-08-31,0.4013,
2000-09-01,0.4013,
2000-09-02,.,No value available
2000-09-03,.,No value available
2000-09-04,0.4025,
2000-09-05,0.4008,
2000-09-06,0.3995,
2000-09-07,0.3972,
2000-09-08,0.3992,
2000-09-09,.,No value available
2000-09-10,.,No value available
2000-09-11,0.3970,
2000-09-12,0.3977,
2000-09-13,0.3984,
2000-09-14,0.3985,
2000-09-15,0.3979,
2000-09-16,.,No value available
2000-09-17,.,No value available
2000-09-18,0.3958,
2000-09-19,0.3960,
2000-09-20,0.3940,
2000-09-21,0.3948,
2000-09-22,0.4004,
2000-09-23,.,No value available
2000-09-24,.,No value available
2000-09-25,0.3983,
2000-09-26,0.3978,
2000-09-27,0.3994,
2000-09-28,0.3987,
2000-09-29,0.3973,
2000-09-30,.,No value available
2000-10-01,.,No value available
2000-10-02,0.3979,
2000-10-03,0.3976,
2000-10-04,0.3972,
2000-10-05,0.3981,
2000-10-06,0.3970,
2000-10-07,.,No value available
2000-10-08,.,No value available
2000-10-09,0.3968,
2000-10-10,0.3968,
2000-10-11,0.3965,
2000-10-12,0.3949,
2000-10-13,0.3939,
2000-10-14,.,No value available
2000-10-15,.,No value available
2000-10-16,0.3927,
2000-10-17,0.3929,
2000-10-18,0.3927,
2000-10-19,0.3906,
2000-10-20,0.3912,
2000-10-21,.,No value available
2000-10-22,.,No value available
2000-10-23,0.3891,
2000-10-24,0.3889,
2000-10-25,0.3883,
2000-10-26,0.3885,
2000-10-27,0.3892,
2000-10-28,.,No value available
2000-10-29,.,No value available
2000-10-30,0.3912,
2000-10-31,0.3904,
2000-11-01,0.3937,
2000-11-02,0.3954,
2000-11-03,0.3974,
2000-11-04,.,No value available
2000-11-05,.,No value available
2000-11-06,0.3963,
2000-11-07,0.3955,
2000-11-08,0.3951,
2000-11-09,0.3950,
2000-11-10,0.3972,
2000-11-11,.,No value available
2000-11-12,.,No value available
2000-11-13,0.3960,
2000-11-14,0.3953,
2000-11-15,0.3960,
2000-11-16,0.3955,
2000-11-17,0.3948,
2000-11-18,.,No value available
2000-11-19,.,No value available
2000-11-20,0.3936,
2000-11-21,0.3935,
2000-11-22,0.3928,
2000-11-23,0.3935,
2000-11-24,0.3934,
2000-11-25,.,No value available
2000-11-26,.,No value available
2000-11-27,0.3926,
2000-11-28,0.3954,
2000-11-29,0.3972,
2000-11-30,0.3985,
2000-12-01,0.3986,
2000-12-02,.,No value available
2000-12-03,.,No value available
2000-12-04,0.4013,
2000-12-05,0.3996,
2000-12-06,0.4008,
2000-12-07,0.4026,
2000-12-08,0.4001,
2000-12-09,.,No value available
2000-12-10,.,No value available
2000-12-11,0.3988,
2000-12-12,0.3988,
2000-12-13,0.3979,
2000-12-14,0.3989,
2000-12-15,0.4014,
2000-12-16,.,No value available
2000-12-17,.,No value available
2000-12-18,0.4010,
2000-12-19,0.4003,
2000-12-20,0.4036,
2000-12-21,0.4047,
2000-12-22,0.4067,
2000-12-23,.,No value available
2000-12-24,.,No value available
2000-12-25,.,No value available
2000-12-26,.,No value available
2000-12-27,0.4077,
2000-12-28,0.4071,
2000-12-29,0.4075,
2000-12-30,.,No value available
2000-12-31,.,No value available
2001-01-01,.,No value available
2001-01-02,0.4098,
2001-01-03,0.4110,
2001-01-04,0.4104,
2001-01-05,0.4116,
2001-01-06,.,No value available
2001-01-07,.,No value available
2001-01-08,0.4107,
2001-01-09,0.4095,
2001-01-10,0.4095,
2001-01-11,0.4113,
2001-01-12,0.4124,
2001-01-13,.,No value available
2001-01-14,.,No value available
2001-01-15,0.4109,
2001-01-16,0.4110,
2001-01-17,0.4101,
2001-01-18,0.4106,
2001-01-19,0.4105,
2001-01-20,.,No value available
2001-01-21,.,No value available
2001-01-22,0.4093,
2001-01-23,0.4106,
2001-01-24,0.4087,
2001-01-25,0.4065,
2001-01-26,0.4076,
2001-01-27,.,No value available
2001-01-28,.,No value available
2001-01-29,0.4070,
2001-01-30,0.4070,
2001-01-31,0.4090,
2001-02-01,0.4104,
2001-02-02,0.4103,
2001-02-03,.,No value available
2001-02-04,.,No value available
2001-02-05,0.4108,
2001-02-06,0.4094,
2001-02-07,0.4097,
2001-02-08,0.4081,
2001-02-09,0.4085,
2001-02-10,.,No value available
2001-02-11,.,No value available
2001-02-12,0.4094,
2001-02-13,0.4090,
2001-02-14,0.4068,
2001-02-15,0.4056,
2001-02-16,0.4059,
2001-02-17,.,No value available
2001-02-18,.,No value available
2001-02-19,0.4078,
2001-02-20,0.4057,
2001-02-21,0.4068,
2001-02-22,0.4048,
2001-02-23,0.4050,
2001-02-24,.,No value available
2001-02-25,.,No value available
2001-02-26,0.4056,
2001-02-27,0.4073,
2001-02-28,0.4089,
2001-03-01,0.4092,
2001-03-02,0.4097,
2001-03-03,.,No value available
2001-03-04,.,No value available
2001-03-05,0.4086,
2001-03-06,0.4083,
2001-03-07,0.4091,
2001-03-08,0.4089,
2001-03-09,0.4098,
2001-03-10,.,No value available
2001-03-11,.,No value available
2001-03-12,0.4085,
2001-03-13,0.4077,
2001-03-14,0.4069,
2001-03-15,0.4052,
2001-03-16,0.4034,
2001-03-17,.,No value available
2001-03-18,.,No value available
2001-03-19,0.4047,
2001-03-20,0.4051,
2001-03-21,0.4045,
2001-03-22,0.4030,
2001-03-23,0.4033,
2001-03-24,.,No value available
2001-03-25,.,No value available
2001-03-26,0.4030,
2001-03-27,0.4034,
2001-03-28,0.4017,
2001-03-29,0.4006,
2001-03-30,0.4012,
2001-03-31,.,No value available
2001-04-01,.,No value available
2001-04-02,0.4003,
2001-04-03,0.4018,
2001-04-04,0.4049,
2001-04-05,0.4047,
2001-04-06,0.4036,
2001-04-07,.,No value available
2001-04-08,.,No value available
2001-04-09,0.4041,
2001-04-10,0.4027,
2001-04-11,0.4011,
2001-04-12,0.4011,
2001-04-13,.,No value available
2001-04-14,.,No value available
2001-04-15,.,No value available
2001-04-16,.,No value available
2001-04-17,0.3998,
2001-04-18,0.4002,
2001-04-19,0.4008,
2001-04-20,0.4037,
2001-04-21,.,No value available
2001-04-22,.,No value available
2001-04-23,0.4040,
2001-04-24,0.4035,
2001-04-25,0.4035,
2001-04-26,0.4041,
2001-04-27,0.4044,
2001-04-28,.,No value available
2001-04-29,.,No value available
2001-04-30,0.4024,
2001-05-01,.,No value available
2001-05-02,0.4026,
2001-05-03,0.4024,
2001-05-04,0.4029,
2001-05-05,.,No value available
2001-05-06,.,No value available
2001-05-07,0.4023,
2001-05-08,0.4015,
2001-05-09,0.4015,
2001-05-10,0.4022,
2001-05-11,0.4004,
2001-05-12,.,No value available
2001-05-13,.,No value available
2001-05-14,0.3999,
2001-05-15,0.4003,
2001-05-16,0.4013,
2001-05-17,0.4007,
2001-05-18,0.3997,
2001-05-19,.,No value available
2001-05-20,.,No value available
2001-05-21,0.3987,
2001-05-22,0.3976,
2001-05-23,0.3959,
2001-05-24,0.3967,
2001-05-25,0.3961,
2001-05-26,.,No value available
2001-05-27,.,No value available
2001-05-28,0.3961,
2001-05-29,0.3955,
2001-05-30,0.3954,
2001-05-31,0.3937,
2001-06-01,0.3937,
2001-06-02,.,No value available
2001-06-03,.,No value available
2001-06-04,0.3945,
2001-06-05,0.3939,
2001-06-06,0.3961,
2001-06-07,0.3960,
2001-06-08,0.3958,
2001-06-09,.,No value available
2001-06-10,.,No value available
2001-06-11,0.3963,
2001-06-12,0.3962,
2001-06-13,0.3978,
2001-06-14,0.3959,
2001-06-15,0.3986,
2001-06-16,.,No value available
2001-06-17,.,No value available
2001-06-18,0.3973,
2001-06-19,0.3971,
2001-06-20,0.3961,
2001-06-21,0.3959,
2001-06-22,0.3952,
2001-06-23,.,No value available
2001-06-24,.,No value available
2001-06-25,0.3969,
2001-06-26,0.3971,
2001-06-27,0.3972,
2001-06-28,0.3950,
2001-06-29,0.3946,
2001-06-30,.,No value available
2001-07-01,.,No value available
2001-07-02,0.3934,
2001-07-03,0.3946,
2001-07-04,0.3947,
2001-07-05,0.3933,
2001-07-06,0.3922,
2001-07-07,.,No value available
2001-07-08,.,No value available
2001-07-09,0.3939,
2001-07-10,0.3957,
2001-07-11,0.3968,
2001-07-12,0.3959,
2001-07-13,0.3961,
2001-07-14,.,No value available
2001-07-15,.,No value available
2001-07-16,0.3972,
2001-07-17,0.3958,
2001-07-18,0.3978,
2001-07-19,0.3992,
2001-07-20,0.3994,
2001-07-21,.,No value available
2001-07-22,.,No value available
2001-07-23,0.3979,
2001-07-24,0.3989,
2001-07-25,0.4003,
2001-07-26,0.3997,
2001-07-27,0.3997,
2001-07-28,.,No value available
2001-07-29,.,No value available
2001-07-30,0.3995,
2001-07-31,0.3996,
2001-08-01,0.4005,
2001-08-02,0.4001,
2001-08-03,0.4005,
2001-08-04,.,No value available
2001-08-05,.,No value available
2001-08-06,0.4008,
2001-08-07,0.4004,
2001-08-08,0.4003,
2001-08-09,0.4021,
2001-08-10,0.4036,
2001-08-11,.,No value available
2001-08-12,.,No value available
2001-08-13,0.4048,
2001-08-14,0.4046,
2001-08-15,0.4067,
2001-08-16,0.4068,
2001-08-17,0.4067,
2001-08-18,.,No value available
2001-08-19,.,No value available
2001-08-20,0.4069,
2001-08-21,0.4064,
2001-08-22,0.4076,
2001-08-23,0.4061,
2001-08-24,0.4063,
2001-08-25,.,No value available
2001-08-26,.,No value available
2001-08-27,0.4059,
2001-08-28,0.4050,
2001-08-29,0.4057,
2001-08-30,0.4052,
2001-08-31,0.4063,
2001-09-01,.,No value available
2001-09-02,.,No value available
2001-09-03,0.4047,
2001-09-04,0.4029,
2001-09-05,0.4013,
2001-09-06,0.4002,
2001-09-07,0.4022,
2001-09-08,.,No value available
2001-09-09,.,No value available
2001-09-10,0.4033,
2001-09-11,0.4022,
2001-09-12,0.4035,
2001-09-13,0.4035,
2001-09-14,0.4065,
2001-09-15,.,No value available
2001-09-16,.,No value available
2001-09-17,0.4079,
2001-09-18,0.4078,
2001-09-19,0.4080,
2001-09-20,0.4080,
2001-09-21,0.4071,
2001-09-22,.,No value available
2001-09-23,.,No value available
2001-09-24,0.4061,
2001-09-25,0.4064,
2001-09-26,0.4066,
2001-09-27,0.4063,
2001-09-28,0.4052,
2001-09-29,.,No value available
2001-09-30,.,No value available
2001-10-01,0.4044,
2001-10-02,0.4056,
2001-10-03,0.4064,
2001-10-04,0.4045,
2001-10-05,0.4054,
2001-10-06,.,No value available
2001-10-07,.,No value available
2001-10-08,0.4065,
2001-10-09,0.4064,
2001-10-10,0.4061,
2001-10-11,0.4047,
2001-10-12,0.4044,
2001-10-13,.,No value available
2001-10-14,.,No value available
2001-10-15,0.4055,
2001-10-16,0.4048,
2001-10-17,0.4042,
2001-10-18,0.4043,
2001-10-19,0.4042,
2001-10-20,.,No value available
2001-10-21,.,No value available
2001-10-22,0.4040,
2001-10-23,0.4027,
2001-10-24,0.4032,
2001-10-25,0.4026,
2001-10-26,0.4028,
2001-10-27,.,No value available
2001-10-28,.,No value available
2001-10-29,0.4035,
2001-10-30,0.4045,
2001-10-31,0.4040,
2001-11-01,0.4045,
2001-11-02,0.4035,
2001-11-03,.,No value available
2001-11-04,.,No value available
2001-11-05,0.4023,
2001-11-06,0.4021,
2001-11-07,0.4028,
2001-11-08,0.4019,
2001-11-09,0.4016,
2001-11-10,.,No value available
2001-11-11,.,No value available
2001-11-12,0.4018,
2001-11-13,0.4003,
2001-11-14,0.3996,
2001-11-15,0.4005,
2001-11-16,0.4011,
2001-11-17,.,No value available
2001-11-18,.,No value available
2001-11-19,0.4007,
2001-11-20,0.4016,
2001-11-21,0.4008,
2001-11-22,0.4004,
2001-11-23,0.4012,
2001-11-24,.,No value available
2001-11-25,.,No value available
2001-11-26,0.4014,
2001-11-27,0.4013,
2001-11-28,0.4018,
2001-11-29,0.4025,
2001-11-30,0.4026,
2001-12-01,.,No value available
2001-12-02,.,No value available
2001-12-03,0.4036,
2001-12-04,0.4030,
2001-12-05,0.4034,
2001-12-06,0.4028,
2001-12-07,0.4029,
2001-12-08,.,No value available
2001-12-09,.,No value available
2001-12-10,0.4016,
2001-12-11,0.4024,
2001-12-12,0.4026,
2001-12-13,0.4031,
2001-12-14,0.4037,
2001-12-15,.,No value available
2001-12-16,.,No value available
2001-12-17,0.4041,
2001-12-18,0.4033,
2001-12-19,0.4036,
2001-12-20,0.4030,
2001-12-21,0.4023,
2001-12-22,.,No value available
2001-12-23,.,No value available
2001-12-24,0.3998,
2001-12-25,.,No value available
2001-12-26,.,No value available
2001-12-27,0.3996,
2001-12-28,0.3994,
2001-12-29,.,No value available
2001-12-30,.,No value available
2001-12-31,.,No value available
2002-01-01,.,No value available
2002-01-02,0.4047,
2002-01-03,0.4045,
2002-01-04,0.4032,
2002-01-05,.,No value available
2002-01-06,.,No value available
2002-01-07,0.4021,
2002-01-08,0.4020,
2002-01-09,0.4022,
2002-01-10,0.4018,
2002-01-11,0.4022,
2002-01-12,.,No value available
2002-01-13,.,No value available
2002-01-14,0.4018,
2002-01-15,0.4019,
2002-01-16,0.4002,
2002-01-17,0.4003,
2002-01-18,0.4002,
2002-01-19,.,No value available
2002-01-20,.,No value available
2002-01-21,0.4008,
2002-01-22,0.4011,
2002-01-23,0.4016,
2002-01-24,0.4001,
2002-01-25,0.3997,
2002-01-26,.,No value available
2002-01-27,.,No value available
2002-01-28,0.3967,
2002-01-29,0.3973,
2002-01-30,0.3977,
2002-01-31,0.3976,
2002-02-01,0.3975,
2002-02-02,.,No value available
2002-02-03,.,No value available
2002-02-04,0.3976,
2002-02-05,0.3983,
2002-02-06,0.3981,
2002-02-07,0.3985,
2002-02-08,0.3999,
2002-02-09,.,No value available
2002-02-10,.,No value available
2002-02-11,0.4005,
2002-02-12,0.3994,
2002-02-13,0.3987,
2002-02-14,0.3980,
2002-02-15,0.3983,
2002-02-16,.,No value available
2002-02-17,.,No value available
2002-02-18,0.3984,
2002-02-19,0.3982,
2002-02-20,0.3990,
2002-02-21,0.3983,
2002-02-22,0.3991,
2002-02-23,.,No value available
2002-02-24,.,No value available
2002-02-25,0.3988,
2002-02-26,0.3979,
2002-02-27,0.3977,
2002-02-28,0.3979,
2002-03-01,0.3981,
2002-03-02,.,No value available
2002-03-03,.,No value available
2002-03-04,0.3977,
2002-03-05,0.3982,
2002-03-06,0.3988,
2002-03-07,0.4000,
2002-03-08,0.4003,
2002-03-09,.,No value available
2002-03-10,.,No value available
2002-03-11,0.3996,
2002-03-12,0.3998,
2002-03-13,0.4000,
2002-03-14,0.4011,
2002-03-15,0.4018,
2002-03-16,.,No value available
2002-03-17,.,No value available
2002-03-18,0.4006,
2002-03-19,0.4010,
2002-03-20,0.4010,
2002-03-21,0.4009,
2002-03-22,0.4004,
2002-03-23,.,No value available
2002-03-24,.,No value available
2002-03-25,0.4005,
2002-03-26,0.3992,
2002-03-27,0.3994,
2002-03-28,0.3990,
2002-03-29,.,No value available
2002-03-30,.,No value available
2002-03-31,.,No value available
2002-04-01,.,No value available
2002-04-02,0.3994,
2002-04-03,0.3998,
2002-04-04,0.4002,
2002-04-05,0.3997,
2002-04-06,.,No value available
2002-04-07,.,No value available
2002-04-08,0.3994,
2002-04-09,0.3994,
2002-04-10,0.3998,
2002-04-11,0.3999,
2002-04-12,0.3999,
2002-04-13,.,No value available
2002-04-14,.,No value available
2002-04-15,0.3998,
2002-04-16,0.3999,
2002-04-17,0.4011,
2002-04-18,0.4014,
2002-04-19,0.4011,
2002-04-20,.,No value available
2002-04-21,.,No value available
2002-04-22,0.4010,
2002-04-23,0.4008,
2002-04-24,0.4013,
2002-04-25,0.4027,
2002-04-26,0.4026,
2002-04-27,.,No value available
2002-04-28,.,No value available
2002-04-29,0.4035,
2002-04-30,0.4033,
2002-05-01,.,No value available
2002-05-02,0.4034,
2002-05-03,0.4041,
2002-05-04,.,No value available
2002-05-05,.,No value available
2002-05-06,0.4054,
2002-05-07,0.4052,
2002-05-08,0.4046,
2002-05-09,0.4043,
2002-05-10,0.4052,
2002-05-11,.,No value available
2002-05-12,.,No value available
2002-05-13,0.4053,
2002-05-14,0.4046,
2002-05-15,0.4040,
2002-05-16,0.4055,
2002-05-17,0.4062,
2002-05-18,.,No value available
2002-05-19,.,No value available
2002-05-20,0.4072,
2002-05-21,0.4073,
2002-05-22,0.4083,
2002-05-23,0.4074,
2002-05-24,0.4072,
2002-05-25,.,No value available
2002-05-26,.,No value available
2002-05-27,0.4072,
2002-05-28,0.4083,
2002-05-29,0.4094,
2002-05-30,0.4104,
2002-05-31,0.4107,
2002-06-01,.,No value available
2002-06-02,.,No value available
2002-06-03,0.4097,
2002-06-04,0.4118,
2002-06-05,0.4108,
2002-06-06,0.4111,
2002-06-07,0.4121,
2002-06-08,.,No value available
2002-06-09,.,No value available
2002-06-10,0.4124,
2002-06-11,0.4120,
2002-06-12,0.4118,
2002-06-13,0.4110,
2002-06-14,0.4119,
2002-06-15,.,No value available
2002-06-16,.,No value available
2002-06-17,0.4109,
2002-06-18,0.4109,
2002-06-19,0.4126,
2002-06-20,0.4132,
2002-06-21,0.4139,
2002-06-22,.,No value available
2002-06-23,.,No value available
2002-06-24,0.4165,
2002-06-25,0.4150,
2002-06-26,0.4174,
2002-06-27,0.4162,
2002-06-28,0.4182,
2002-06-29,.,No value available
2002-06-30,.,No value available
2002-07-01,0.4171,
2002-07-02,0.4159,
2002-07-03,0.4151,
2002-07-04,0.4151,
2002-07-05,0.4144,
2002-07-06,.,No value available
2002-07-07,.,No value available
2002-07-08,0.4156,
2002-07-09,0.4167,
2002-07-10,0.4159,
2002-07-11,0.4151,
2002-07-12,0.4155,
2002-07-13,.,No value available
2002-07-14,.,No value available
2002-07-15,0.4175,
2002-07-16,0.4189,
2002-07-17,0.4181,
2002-07-18,0.4180,
2002-07-19,0.4189,
2002-07-20,.,No value available
2002-07-21,.,No value available
2002-07-22,0.4180,
2002-07-23,0.4151,
2002-07-24,0.4151,
2002-07-25,0.4166,
2002-07-26,0.4161,
2002-07-27,.,No value available
2002-07-28,.,No value available
2002-07-29,0.4135,
2002-07-30,0.4138,
2002-07-31,0.4128,
2002-08-01,0.4127,
2002-08-02,0.4142,
2002-08-03,.,No value available
2002-08-04,.,No value available
2002-08-05,0.4139,
2002-08-06,0.4121,
2002-08-07,0.4126,
2002-08-08,0.4129,
2002-08-09,0.4136,
2002-08-10,.,No value available
2002-08-11,.,No value available
2002-08-12,0.4146,
2002-08-13,0.4148,
2002-08-14,0.4155,
2002-08-15,0.4140,
2002-08-16,0.4153,
2002-08-17,.,No value available
2002-08-18,.,No value available
2002-08-19,0.4145,
2002-08-20,0.4151,
2002-08-21,0.4147,
2002-08-22,0.4146,
2002-08-23,0.4135,
2002-08-24,.,No value available
2002-08-25,.,No value available
2002-08-26,0.4135,
2002-08-27,0.4141,
2002-08-28,0.4142,
2002-08-29,0.4141,
2002-08-30,0.4137,
2002-08-31,.,No value available
2002-09-01,.,No value available
2002-09-02,0.4128,
2002-09-03,0.4141,
2002-09-04,0.4142,
2002-09-05,0.4143,
2002-09-06,0.4137,
2002-09-07,.,No value available
2002-09-08,.,No value available
2002-09-09,0.4127,
2002-09-10,0.4124,
2002-09-11,0.4122,
2002-09-12,0.4124,
2002-09-13,0.4127,
2002-09-14,.,No value available
2002-09-15,.,No value available
2002-09-16,0.4121,
2002-09-17,0.4122,
2002-09-18,0.4122,
2002-09-19,0.4129,
2002-09-20,0.4133,
2002-09-21,.,No value available
2002-09-22,.,No value available
2002-09-23,0.4132,
2002-09-24,0.4131,
2002-09-25,0.4124,
2002-09-26,0.4125,
2002-09-27,0.4125,
2002-09-28,.,No value available
2002-09-29,.,No value available
2002-09-30,0.4131,
2002-10-01,0.4128,
2002-10-02,0.4127,
2002-10-03,0.4132,
2002-10-04,0.4130,
2002-10-05,.,No value available
2002-10-06,.,No value available
2002-10-07,0.4124,
2002-10-08,0.4124,
2002-10-09,0.4131,
2002-10-10,0.4134,
2002-10-11,0.4133,
2002-10-12,.,No value available
2002-10-13,.,No value available
2002-10-14,0.4134,
2002-10-15,0.4130,
2002-10-16,0.4132,
2002-10-17,0.4123,
2002-10-18,0.4124,
2002-10-19,.,No value available
2002-10-20,.,No value available
2002-10-21,0.4127,
2002-10-22,0.4130,
2002-10-23,0.4129,
2002-10-24,0.4125,
2002-10-25,0.4125,
2002-10-26,.,No value available
2002-10-27,.,No value available
2002-10-28,0.4132,
2002-10-29,0.4130,
2002-10-30,0.4132,
2002-10-31,0.4135,
2002-11-01,0.4145,
2002-11-02,.,No value available
2002-11-03,.,No value available
2002-11-04,0.4146,
2002-11-05,0.4152,
2002-11-06,0.4147,
2002-11-07,0.4149,
2002-11-08,0.4151,
2002-11-09,.,No value available
2002-11-10,.,No value available
2002-11-11,0.4151,
2002-11-12,0.4147,
2002-11-13,0.4145,
2002-11-14,0.4148,
2002-11-15,0.4146,
2002-11-16,.,No value available
2002-11-17,.,No value available
2002-11-18,0.4149,
2002-11-19,0.4151,
2002-11-20,0.4146,
2002-11-21,0.4146,
2002-11-22,0.4142,
2002-11-23,.,No value available
2002-11-24,.,No value available
2002-11-25,0.4137,
2002-11-26,0.4160,
2002-11-27,0.4148,
2002-11-28,0.4147,
2002-11-29,0.4147,
2002-11-30,.,No value available
2002-12-01,.,No value available
2002-12-02,0.4142,
2002-12-03,0.4145,
2002-12-04,0.4146,
2002-12-05,0.4145,
2002-12-06,0.4147,
2002-12-07,.,No value available
2002-12-08,.,No value available
2002-12-09,0.4153,
2002-12-10,0.4157,
2002-12-11,0.4154,
2002-12-12,0.4161,
2002-12-13,0.4165,
2002-12-14,.,No value available
2002-12-15,.,No value available
2002-12-16,0.4162,
2002-12-17,0.4168,
2002-12-18,0.4160,
2002-12-19,0.4161,
2002-12-20,0.4160,
2002-12-21,.,No value available
2002-12-22,.,No value available
2002-12-23,0.4167,
2002-12-24,0.4170,
2002-12-25,.,No value available
2002-12-26,.,No value available
2002-12-27,0.4175,
2002-12-28,.,No value available
2002-12-29,.,No value available
2002-12-30,0.4179,
2002-12-31,0.4182,
2003-01-01,.,No value available
2003-01-02,0.4183,
2003-01-03,0.4178,
2003-01-04,.,No value available
2003-01-05,.,No value available
2003-01-06,0.4143,
2003-01-07,0.4179,
2003-01-08,0.4177,
2003-01-09,0.4186,
2003-01-10,0.4187,
2003-01-11,.,No value available
2003-01-12,.,No value available
2003-01-13,0.4193,
2003-01-14,0.4196,
2003-01-15,0.4195,
2003-01-16,0.4195,
2003-01-17,0.4198,
2003-01-18,.,No value available
2003-01-19,.,No value available
2003-01-20,0.4205,
2003-01-21,0.4204,
2003-01-22,0.4208,
2003-01-23,0.4209,
2003-01-24,0.4206,
2003-01-25,.,No value available
2003-01-26,.,No value available
2003-01-27,0.4214,
2003-01-28,0.4206,
2003-01-29,0.4208,
2003-01-30,0.4195,
2003-01-31,0.4201,
2003-02-01,.,No value available
2003-02-02,.,No value available
2003-02-03,0.4197,
2003-02-04,0.4203,
2003-02-05,0.4211,
2003-02-06,0.4205,
2003-02-07,0.4209,
2003-02-08,.,No value available
2003-02-09,.,No value available
2003-02-10,0.4208,
2003-02-11,0.4203,
2003-02-12,0.4208,
2003-02-13,0.4210,
2003-02-14,0.4215,
2003-02-15,.,No value available
2003-02-16,.,No value available
2003-02-17,0.4216,
2003-02-18,0.4217,
2003-02-19,0.4218,
2003-02-20,0.4222,
2003-02-21,0.4230,
2003-02-22,.,No value available
2003-02-23,.,No value available
2003-02-24,0.4227,
2003-02-25,0.4233,
2003-02-26,0.4231,
2003-02-27,0.4236,
2003-02-28,0.4234,
2003-03-01,.,No value available
2003-03-02,.,No value available
2003-03-03,0.4236,
2003-03-04,0.4246,
2003-03-05,0.4245,
2003-03-06,0.4240,
2003-03-07,0.4247,
2003-03-08,.,No value available
2003-03-09,.,No value available
2003-03-10,0.4251,
2003-03-11,0.4253,
2003-03-12,0.4243,
2003-03-13,0.4229,
2003-03-14,0.4227,
2003-03-15,.,No value available
2003-03-16,.,No value available
2003-03-17,0.4234,
2003-03-18,0.4220,
2003-03-19,0.4220,
2003-03-20,0.4219,
2003-03-21,0.4217,
2003-03-22,.,No value available
2003-03-23,.,No value available
2003-03-24,0.4219,
2003-03-25,0.4225,
2003-03-26,0.4227,
2003-03-27,0.4229,
2003-03-28,0.4235,
2003-03-29,.,No value available
2003-03-30,.,No value available
2003-03-31,0.4245,
2003-04-01,0.4246,
2003-04-02,0.4240,
2003-04-03,0.4233,
2003-04-04,0.4232,
2003-04-05,.,No value available
2003-04-06,.,No value available
2003-04-07,0.4225,
2003-04-08,0.4234,
2003-04-09,0.4240,
2003-04-10,0.4243,
2003-04-11,0.4233,
2003-04-12,.,No value available
2003-04-13,.,No value available
2003-04-14,0.4231,
2003-04-15,0.4237,
2003-04-16,0.4241,
2003-04-17,0.4248,
2003-04-18,.,No value available
2003-04-19,.,No value available
2003-04-20,.,No value available
2003-04-21,.,No value available
2003-04-22,0.4255,
2003-04-23,0.4251,
2003-04-24,0.4251,
2003-04-25,0.4250,
2003-04-26,.,No value available
2003-04-27,.,No value available
2003-04-28,0.4252,
2003-04-29,0.4194,
2003-04-30,0.4262,
2003-05-01,.,No value available
2003-05-02,0.4268,
2003-05-03,.,No value available
2003-05-04,.,No value available
2003-05-05,0.4267,
2003-05-06,0.4278,
2003-05-07,0.4289,
2003-05-08,0.4289,
2003-05-09,0.4294,
2003-05-10,.,No value available
2003-05-11,.,No value available
2003-05-12,0.4303,
2003-05-13,0.4296,
2003-05-14,0.4291,
2003-05-15,0.4287,
2003-05-16,0.4285,
2003-05-17,.,No value available
2003-05-18,.,No value available
2003-05-19,0.4297,
2003-05-20,0.4297,
2003-05-21,0.4297,
2003-05-22,0.4303,
2003-05-23,0.4309,
2003-05-24,.,No value available
2003-05-25,.,No value available
2003-05-26,0.4311,
2003-05-27,0.4316,
2003-05-28,0.4306,
2003-05-29,0.4304,
2003-05-30,0.4310,
2003-05-31,.,No value available
2003-06-01,.,No value available
2003-06-02,0.4302,
2003-06-03,0.4304,
2003-06-04,0.4303,
2003-06-05,0.4300,
2003-06-06,0.4298,
2003-06-07,.,No value available
2003-06-08,.,No value available
2003-06-09,0.4295,
2003-06-10,0.4292,
2003-06-11,0.4290,
2003-06-12,0.4287,
2003-06-13,0.4292,
2003-06-14,.,No value available
2003-06-15,.,No value available
2003-06-16,0.4294,
2003-06-17,0.4290,
2003-06-18,0.4280,
2003-06-19,0.4278,
2003-06-20,0.4279,
2003-06-21,.,No value available
2003-06-22,.,No value available
2003-06-23,0.4273,
2003-06-24,0.4273,
2003-06-25,0.4269,
2003-06-26,0.4260,
2003-06-27,0.4264,
2003-06-28,.,No value available
2003-06-29,.,No value available
2003-06-30,0.4267,
2003-07-01,0.4274,
2003-07-02,0.4271,
2003-07-03,0.4264,
2003-07-04,0.4261,
2003-07-05,.,No value available
2003-07-06,.,No value available
2003-07-07,0.4259,
2003-07-08,0.4261,
2003-07-09,0.4268,
2003-07-10,0.4270,
2003-07-11,0.4261,
2003-07-12,.,No value available
2003-07-13,.,No value available
2003-07-14,0.4265,
2003-07-15,0.4275,
2003-07-16,0.4266,
2003-07-17,0.4275,
2003-07-18,0.4273,
2003-07-19,.,No value available
2003-07-20,.,No value available
2003-07-21,0.4280,
2003-07-22,0.4282,
2003-07-23,0.4287,
2003-07-24,0.4290,
2003-07-25,0.4290,
2003-07-26,.,No value available
2003-07-27,.,No value available
2003-07-28,0.4285,
2003-07-29,0.4284,
2003-07-30,0.4280,
2003-07-31,0.4274,
2003-08-01,0.4263,
2003-08-02,.,No value available
2003-08-03,.,No value available
2003-08-04,0.4273,
2003-08-05,0.4277,
2003-08-06,0.4280,
2003-08-07,0.4281,
2003-08-08,0.4276,
2003-08-09,.,No value available
2003-08-10,.,No value available
2003-08-11,0.4276,
2003-08-12,0.4279,
2003-08-13,0.4274,
2003-08-14,0.4271,
2003-08-15,0.4272,
2003-08-16,.,No value available
2003-08-17,.,No value available
2003-08-18,0.4271,
2003-08-19,0.4262,
2003-08-20,0.4261,
2003-08-21,0.4255,
2003-08-22,0.4248,
2003-08-23,.,No value available
2003-08-24,.,No value available
2003-08-25,0.4247,
2003-08-26,0.4244,
2003-08-27,0.4251,
2003-08-28,0.4244,
2003-08-29,0.4249,
2003-08-30,.,No value available
2003-08-31,.,No value available
2003-09-01,0.4257,
2003-09-02,0.4246,
2003-09-03,0.4241,
2003-09-04,0.4241,
2003-09-05,0.4248,
2003-09-06,.,No value available
2003-09-07,.,No value available
2003-09-08,0.4261,
2003-09-09,0.4269,
2003-09-10,0.4275,
2003-09-11,0.4272,
2003-09-12,0.4268,
2003-09-13,.,No value available
2003-09-14,.,No value available
2003-09-15,0.4275,
2003-09-16,0.4273,
2003-09-17,0.4269,
2003-09-18,0.4269,
2003-09-19,0.4266,
2003-09-20,.,No value available
2003-09-21,.,No value available
2003-09-22,0.4273,
2003-09-23,0.4269,
2003-09-24,0.4268,
2003-09-25,0.4269,
2003-09-26,0.4267,
2003-09-27,.,No value available
2003-09-28,.,No value available
2003-09-29,0.4266,
2003-09-30,0.4281,
2003-10-01,0.4289,
2003-10-02,0.4285,
2003-10-03,0.4284,
2003-10-04,.,No value available
2003-10-05,.,No value available
2003-10-06,0.4275,
2003-10-07,0.4291,
2003-10-08,0.4296,
2003-10-09,0.4297,
2003-10-10,0.4296,
2003-10-11,.,No value available
2003-10-12,.,No value available
2003-10-13,0.4289,
2003-10-14,0.4284,
2003-10-15,0.4283,
2003-10-16,0.4275,
2003-10-17,0.4272,
2003-10-18,.,No value available
2003-10-19,.,No value available
2003-10-20,0.4276,
2003-10-21,0.4277,
2003-10-22,0.4278,
2003-10-23,0.4282,
2003-10-24,0.4280,
2003-10-25,.,No value available
2003-10-26,.,No value available
2003-10-27,0.4278,
2003-10-28,0.4271,
2003-10-29,0.4267,
2003-10-30,0.4271,
2003-10-31,0.4265,
2003-11-01,.,No value available
2003-11-02,.,No value available
2003-11-03,0.4261,
2003-11-04,0.4257,
2003-11-05,0.4258,
2003-11-06,0.4256,
2003-11-07,0.4259,
2003-11-08,.,No value available
2003-11-09,.,No value available
2003-11-10,0.4261,
2003-11-11,0.4265,
2003-11-12,0.4273,
2003-11-13,0.4276,
2003-11-14,0.4282,
2003-11-15,.,No value available
2003-11-16,.,No value available
2003-11-17,0.4285,
2003-11-18,0.4283,
2003-11-19,0.4293,
2003-11-20,0.4290,
2003-11-21,0.4288,
2003-11-22,.,No value available
2003-11-23,.,No value available
2003-11-24,0.4283,
2003-11-25,0.4279,
2003-11-26,0.4284,
2003-11-27,0.4284,
2003-11-28,0.4289,
2003-11-29,.,No value available
2003-11-30,.,No value available
2003-12-01,0.4290,
2003-12-02,0.4287,
2003-12-03,0.4296,
2003-12-04,0.4296,
2003-12-05,0.4298,
2003-12-06,.,No value available
2003-12-07,.,No value available
2003-12-08,0.4303,
2003-12-09,0.4304,
2003-12-10,0.4303,
2003-12-11,0.4296,
2003-12-12,0.4301,
2003-12-13,.,No value available
2003-12-14,.,No value available
2003-12-15,0.4301,
2003-12-16,0.4310,
2003-12-17,0.4306,
2003-12-18,0.4307,
2003-12-19,0.4309,
2003-12-20,.,No value available
2003-12-21,.,No value available
2003-12-22,0.4312,
2003-12-23,0.4308,
2003-12-24,0.4307,
2003-12-25,.,No value available
2003-12-26,.,No value available
2003-12-27,.,No value available
2003-12-28,.,No value available
2003-12-29,0.4312,
2003-12-30,0.4312,
2003-12-31,0.4317,
2004-01-01,.,No value available
2004-01-02,0.4316,
2004-01-03,.,No value available
2004-01-04,.,No value available
2004-01-05,0.4316,
2004-01-06,0.4314,
2004-01-07,0.4310,
2004-01-08,0.4305,
2004-01-09,0.4306,
2004-01-10,.,No value available
2004-01-11,.,No value available
2004-01-12,0.4307,
2004-01-13,0.4303,
2004-01-14,0.4301,
2004-01-15,0.4302,
2004-01-16,0.4294,
2004-01-17,.,No value available
2004-01-18,.,No value available
2004-01-19,0.4290,
2004-01-20,0.4298,
2004-01-21,0.4299,
2004-01-22,0.4301,
2004-01-23,0.4300,
2004-01-24,.,No value available
2004-01-25,.,No value available
2004-01-26,0.4296,
2004-01-27,0.4297,
2004-01-28,0.4293,
2004-01-29,0.4289,
2004-01-30,0.4286,
2004-01-31,.,No value available
2004-02-01,.,No value available
2004-02-02,0.4287,
2004-02-03,0.4290,
2004-02-04,0.4287,
2004-02-05,0.4293,
2004-02-06,0.4288,
2004-02-07,.,No value available
2004-02-08,.,No value available
2004-02-09,0.4294,
2004-02-10,0.4293,
2004-02-11,0.4286,
2004-02-12,0.4289,
2004-02-13,0.4290,
2004-02-14,.,No value available
2004-02-15,.,No value available
2004-02-16,0.4285,
2004-02-17,0.4287,
2004-02-18,0.4285,
2004-02-19,0.4278,
2004-02-20,0.4280,
2004-02-21,.,No value available
2004-02-22,.,No value available
2004-02-23,0.4287,
2004-02-24,0.4276,
2004-02-25,0.4272,
2004-02-26,0.4267,
2004-02-27,0.4269,
2004-02-28,.,No value available
2004-02-29,.,No value available
2004-03-01,0.4268,
2004-03-02,0.4265,
2004-03-03,0.4253,
2004-03-04,0.4257,
2004-03-05,0.4263,
2004-03-06,.,No value available
2004-03-07,.,No value available
2004-03-08,0.4264,
2004-03-09,0.4271,
2004-03-10,0.4273,
2004-03-11,0.4276,
2004-03-12,0.4278,
2004-03-13,.,No value available
2004-03-14,.,No value available
2004-03-15,0.4279,
2004-03-16,0.4278,
2004-03-17,0.4271,
2004-03-18,0.4268,
2004-03-19,0.4271,
2004-03-20,.,No value available
2004-03-21,.,No value available
2004-03-22,0.4266,
2004-03-23,0.4260,
2004-03-24,0.4257,
2004-03-25,0.4264,
2004-03-26,0.4262,
2004-03-27,.,No value available
2004-03-28,.,No value available
2004-03-29,0.4258,
2004-03-30,0.4261,
2004-03-31,0.4258,
2004-04-01,0.4262,
2004-04-02,0.4261,
2004-04-03,.,No value available
2004-04-04,.,No value available
2004-04-05,0.4251,
2004-04-06,0.4245,
2004-04-07,0.4246,
2004-04-08,0.4247,
2004-04-09,.,No value available
2004-04-10,.,No value available
2004-04-11,.,No value available
2004-04-12,.,No value available
2004-04-13,0.4238,
2004-04-14,0.4245,
2004-04-15,0.4252,
2004-04-16,0.4254,
2004-04-17,.,No value available
2004-04-18,.,No value available
2004-04-19,0.4254,
2004-04-20,0.4247,
2004-04-21,0.4250,
2004-04-22,0.4255,
2004-04-23,0.4253,
2004-04-24,.,No value available
2004-04-25,.,No value available
2004-04-26,0.4245,
2004-04-27,0.4246,
2004-04-28,0.4250,
2004-04-29,0.4253,
2004-04-30,0.4260,
2004-05-01,.,No value available
2004-05-02,.,No value available
2004-05-03,0.4262,
2004-05-04,0.4265,
2004-05-05,0.4268,
2004-05-06,0.4266,
2004-05-07,0.4262,
2004-05-08,.,No value available
2004-05-09,.,No value available
2004-05-10,0.4249,
2004-05-11,0.4254,
2004-05-12,0.4253,
2004-05-13,0.4251,
2004-05-14,0.4256,
2004-05-15,.,No value available
2004-05-16,.,No value available
2004-05-17,0.4269,
2004-05-18,0.4268,
2004-05-19,0.4261,
2004-05-20,0.4259,
2004-05-21,0.4260,
2004-05-22,.,No value available
2004-05-23,.,No value available
2004-05-24,0.4254,
2004-05-25,0.4257,
2004-05-26,0.4256,
2004-05-27,0.4257,
2004-05-28,0.4261,
2004-05-29,.,No value available
2004-05-30,.,No value available
2004-05-31,0.4254,
2004-06-01,0.4258,
2004-06-02,0.4259,
2004-06-03,0.4258,
2004-06-04,0.4256,
2004-06-05,.,No value available
2004-06-06,.,No value available
2004-06-07,0.4266,
2004-06-08,0.4263,
2004-06-09,0.4255,
2004-06-10,0.4249,
2004-06-11,0.4244,
2004-06-12,.,No value available
2004-06-13,.,No value available
2004-06-14,0.4250,
2004-06-15,0.4251,
2004-06-16,0.4246,
2004-06-17,0.4241,
2004-06-18,0.4240,
2004-06-19,.,No value available
2004-06-20,.,No value available
2004-06-21,0.4249,
2004-06-22,0.4252,
2004-06-23,0.4253,
2004-06-24,0.4259,
2004-06-25,0.4257,
2004-06-26,.,No value available
2004-06-27,.,No value available
2004-06-28,0.4257,
2004-06-29,0.4260,
2004-06-30,0.4263,
2004-07-01,0.4262,
2004-07-02,0.4260,
2004-07-03,.,No value available
2004-07-04,.,No value available
2004-07-05,0.4266,
2004-07-06,0.4265,
2004-07-07,0.4264,
2004-07-08,0.4263,
2004-07-09,0.4266,
2004-07-10,.,No value available
2004-07-11,.,No value available
2004-07-12,0.4264,
2004-07-13,0.4261,
2004-07-14,0.4263,
2004-07-15,0.4265,
2004-07-16,0.4261,
2004-07-17,.,No value available
2004-07-18,.,No value available
2004-07-19,0.4260,
2004-07-20,0.4264,
2004-07-21,0.4262,
2004-07-22,0.4259,
2004-07-23,0.4254,
2004-07-24,.,No value available
2004-07-25,.,No value available
2004-07-26,0.4251,
2004-07-27,0.4251,
2004-07-28,0.4248,
2004-07-29,0.4249,
2004-07-30,0.4249,
2004-07-31,.,No value available
2004-08-01,.,No value available
2004-08-02,0.4247,
2004-08-03,0.4246,
2004-08-04,0.4245,
2004-08-05,0.4247,
2004-08-06,0.4248,
2004-08-07,.,No value available
2004-08-08,.,No value available
2004-08-09,0.4259,
2004-08-10,0.4264,
2004-08-11,0.4263,
2004-08-12,0.4264,
2004-08-13,0.4264,
2004-08-14,.,No value available
2004-08-15,.,No value available
2004-08-16,0.4267,
2004-08-17,0.4268,
2004-08-18,0.4272,
2004-08-19,0.4276,
2004-08-20,0.4273,
2004-08-21,.,No value available
2004-08-22,.,No value available
2004-08-23,0.4270,
2004-08-24,0.4264,
2004-08-25,0.4263,
2004-08-26,0.4264,
2004-08-27,0.4262,
2004-08-28,.,No value available
2004-08-29,.,No value available
2004-08-30,0.4261,
2004-08-31,0.4262,
2004-09-01,0.4272,
2004-09-02,0.4273,
2004-09-03,0.4275,
2004-09-04,.,No value available
2004-09-05,.,No value available
2004-09-06,0.4269,
2004-09-07,0.4273,
2004-09-08,0.4268,
2004-09-09,0.4279,
2004-09-10,0.4280,
2004-09-11,.,No value available
2004-09-12,.,No value available
2004-09-13,0.4276,
2004-09-14,0.4278,
2004-09-15,0.4282,
2004-09-16,0.4274,
2004-09-17,0.4276,
2004-09-18,.,No value available
2004-09-19,.,No value available
2004-09-20,0.4274,
2004-09-21,0.4281,
2004-09-22,0.4280,
2004-09-23,0.4283,
2004-09-24,0.4282,
2004-09-25,.,No value available
2004-09-26,.,No value available
2004-09-27,0.4275,
2004-09-28,0.4278,
2004-09-29,0.4279,
2004-09-30,0.4289,
2004-10-01,0.4294,
2004-10-02,.,No value available
2004-10-03,.,No value available
2004-10-04,0.4288,
2004-10-05,0.4290,
2004-10-06,0.4289,
2004-10-07,0.4291,
2004-10-08,0.4289,
2004-10-09,.,No value available
2004-10-10,.,No value available
2004-10-11,0.4293,
2004-10-12,0.4289,
2004-10-13,0.4285,
2004-10-14,0.4289,
2004-10-15,0.4293,
2004-10-16,.,No value available
2004-10-17,.,No value available
2004-10-18,0.4297,
2004-10-19,0.4301,
2004-10-20,0.4306,
2004-10-21,0.4299,
2004-10-22,0.4300,
2004-10-23,.,No value available
2004-10-24,.,No value available
2004-10-25,0.4309,
2004-10-26,0.4310,
2004-10-27,0.4309,
2004-10-28,0.4308,
2004-10-29,0.4309,
2004-10-30,.,No value available
2004-10-31,.,No value available
2004-11-01,0.4309,
2004-11-02,0.4303,
2004-11-03,0.4302,
2004-11-04,0.4313,
2004-11-05,0.4315,
2004-11-06,.,No value available
2004-11-07,.,No value available
2004-11-08,0.4315,
2004-11-09,0.4314,
2004-11-10,0.4318,
2004-11-11,0.4319,
2004-11-12,0.4320,
2004-11-13,.,No value available
2004-11-14,.,No value available
2004-11-15,0.4318,
2004-11-16,0.4320,
2004-11-17,0.4323,
2004-11-18,0.4325,
2004-11-19,0.4323,
2004-11-20,.,No value available
2004-11-21,.,No value available
2004-11-22,0.4325,
2004-11-23,0.4322,
2004-11-24,0.4324,
2004-11-25,0.4328,
2004-11-26,0.4327,
2004-11-27,.,No value available
2004-11-28,.,No value available
2004-11-29,0.4328,
2004-11-30,0.4324,
2004-12-01,0.4318,
2004-12-02,0.4316,
2004-12-03,0.4317,
2004-12-04,.,No value available
2004-12-05,.,No value available
2004-12-06,0.4322,
2004-12-07,0.4321,
2004-12-08,0.4320,
2004-12-09,0.4319,
2004-12-10,0.4316,
2004-12-11,.,No value available
2004-12-12,.,No value available
2004-12-13,0.4319,
2004-12-14,0.4318,
2004-12-15,0.4320,
2004-12-16,0.4315,
2004-12-17,0.4311,
2004-12-18,.,No value available
2004-12-19,.,No value available
2004-12-20,0.4315,
2004-12-21,0.4322,
2004-12-22,0.4329,
2004-12-23,0.4332,
2004-12-24,0.4337,
2004-12-25,.,No value available
2004-12-26,.,No value available
2004-12-27,0.4338,
2004-12-28,0.4340,
2004-12-29,0.4346,
2004-12-30,0.4346,
2004-12-31,0.4343,
2005-01-01,.,No value available
2005-01-02,.,No value available
2005-01-03,0.4343,
2005-01-04,0.4338,
2005-01-05,0.4332,
2005-01-06,0.4330,
2005-01-07,0.4329,
2005-01-08,.,No value available
2005-01-09,.,No value available
2005-01-10,0.4321,
2005-01-11,0.4325,
2005-01-12,0.4324,
2005-01-13,0.4330,
2005-01-14,0.4324,
2005-01-15,.,No value available
2005-01-16,.,No value available
2005-01-17,0.4327,
2005-01-18,0.4320,
2005-01-19,0.4319,
2005-01-20,0.4311,
2005-01-21,0.4314,
2005-01-22,.,No value available
2005-01-23,.,No value available
2005-01-24,0.4317,
2005-01-25,0.4316,
2005-01-26,0.4313,
2005-01-27,0.4312,
2005-01-28,0.4313,
2005-01-29,.,No value available
2005-01-30,.,No value available
2005-01-31,0.4311,
2005-02-01,0.4313,
2005-02-02,0.4315,
2005-02-03,0.4308,
2005-02-04,0.4306,
2005-02-05,.,No value available
2005-02-06,.,No value available
2005-02-07,0.4301,
2005-02-08,0.4300,
2005-02-09,0.4299,
2005-02-10,0.4301,
2005-02-11,0.4305,
2005-02-12,.,No value available
2005-02-13,.,No value available
2005-02-14,0.4305,
2005-02-15,0.4308,
2005-02-16,0.4312,
2005-02-17,0.4312,
2005-02-18,0.4309,
2005-02-19,.,No value available
2005-02-20,.,No value available
2005-02-21,0.4309,
2005-02-22,0.4315,
2005-02-23,0.4316,
2005-02-24,0.4321,
2005-02-25,0.4313,
2005-02-26,.,No value available
2005-02-27,.,No value available
2005-02-28,0.4315,
2005-03-01,0.4311,
2005-03-02,0.4307,
2005-03-03,0.4310,
2005-03-04,0.4309,
2005-03-05,.,No value available
2005-03-06,.,No value available
2005-03-07,0.4314,
2005-03-08,0.4313,
2005-03-09,0.4322,
2005-03-10,0.4327,
2005-03-11,0.4330,
2005-03-12,.,No value available
2005-03-13,.,No value available
2005-03-14,0.4326,
2005-03-15,0.4326,
2005-03-16,0.4325,
2005-03-17,0.4326,
2005-03-18,0.4324,
2005-03-19,.,No value available
2005-03-20,.,No value available
2005-03-21,0.4324,
2005-03-22,0.4324,
2005-03-23,0.4316,
2005-03-24,0.4314,
2005-03-25,.,No value available
2005-03-26,.,No value available
2005-03-27,.,No value available
2005-03-28,.,No value available
2005-03-29,0.4307,
2005-03-30,0.4305,
2005-03-31,0.4306,
2005-04-01,0.4304,
2005-04-02,.,No value available
2005-04-03,.,No value available
2005-04-04,0.4302,
2005-04-05,0.4299,
2005-04-06,0.4298,
2005-04-07,0.4304,
2005-04-08,0.4300,
2005-04-09,.,No value available
2005-04-10,.,No value available
2005-04-11,0.4304,
2005-04-12,0.4303,
2005-04-13,0.4299,
2005-04-14,0.4294,
2005-04-15,0.4296,
2005-04-16,.,No value available
2005-04-17,.,No value available
2005-04-18,0.4300,
2005-04-19,0.4298,
2005-04-20,0.4300,
2005-04-21,0.4304,
2005-04-22,0.4302,
2005-04-23,.,No value available
2005-04-24,.,No value available
2005-04-25,0.4294,
2005-04-26,0.4298,
2005-04-27,0.4294,
2005-04-28,0.4291,
2005-04-29,0.4293,
2005-04-30,.,No value available
2005-05-01,.,No value available
2005-05-02,0.4288,
2005-05-03,0.4293,
2005-05-04,0.4293,
2005-05-05,0.4293,
2005-05-06,0.4293,
2005-05-07,.,No value available
2005-05-08,.,No value available
2005-05-09,0.4293,
2005-05-10,0.4293,
2005-05-11,0.4293,
2005-05-12,0.4293,
2005-05-13,0.4293,
2005-05-14,.,No value available
2005-05-15,.,No value available
2005-05-16,0.4293,
2005-05-17,0.4293,
2005-05-18,0.4293,
2005-05-19,0.4293,
2005-05-20,0.4293,
2005-05-21,.,No value available
2005-05-22,.,No value available
2005-05-23,0.4293,
2005-05-24,0.4293,
2005-05-25,0.4293,
2005-05-26,0.4293,
2005-05-27,0.4293,
2005-05-28,.,No value available
2005-05-29,.,No value available
2005-05-30,0.4293,
2005-05-31,0.4293,
2005-06-01,0.4293,
2005-06-02,0.4293,
2005-06-03,0.4293,
2005-06-04,.,No value available
2005-06-05,.,No value available
2005-06-06,0.4293,
2005-06-07,0.4293,
2005-06-08,0.4293,
2005-06-09,0.4293,
2005-06-10,0.4293,
2005-06-11,.,No value available
2005-06-12,.,No value available
2005-06-13,0.4293,
2005-06-14,0.4293,
2005-06-15,0.4293,
2005-06-16,0.4293,
2005-06-17,0.4293,
2005-06-18,.,No value available
2005-06-19,.,No value available
2005-06-20,0.4293,
2005-06-21,0.4293,
2005-06-22,0.4293,
2005-06-23,0.4293,
2005-06-24,0.4293,
2005-06-25,.,No value available
2005-06-26,.,No value available
2005-06-27,0.4293,
2005-06-28,0.4293,
2005-06-29,0.4293,
2005-06-30,0.4293,
2005-07-01,0.4293,
2005-07-02,.,No value available
2005-07-03,.,No value available
2005-07-04,0.4293,
2005-07-05,0.4293,
2005-07-06,0.4293,
2005-07-07,0.4293,
2005-07-08,0.4293,
2005-07-09,.,No value available
2005-07-10,.,No value available
2005-07-11,0.4293,
2005-07-12,0.4293,
2005-07-13,0.4293,
2005-07-14,0.4293,
2005-07-15,0.4293,
2005-07-16,.,No value available
2005-07-17,.,No value available
2005-07-18,0.4293,
2005-07-19,0.4293,
2005-07-20,0.4293,
2005-07-21,0.4293,
2005-07-22,0.4293,
2005-07-23,.,No value available
2005-07-24,.,No value available
2005-07-25,0.4293,
2005-07-26,0.4293,
2005-07-27,0.4293,
2005-07-28,0.4293,
2005-07-29,0.4293,
2005-07-30,.,No value available
2005-07-31,.,No value available
2005-08-01,0.4293,
2005-08-02,0.4293,
2005-08-03,0.4293,
2005-08-04,0.4293,
2005-08-05,0.4293,
2005-08-06,.,No value available
2005-08-07,.,No value available
2005-08-08,0.4293,
2005-08-09,0.4293,
2005-08-10,0.4293,
2005-08-11,0.4293,
2005-08-12,0.4293,
2005-08-13,.,No value available
2005-08-14,.,No value available
2005-08-15,0.4292,
2005-08-16,0.4293,
2005-08-17,0.4293,
2005-08-18,0.4293,
2005-08-19,0.4293,
2005-08-20,.,No value available
2005-08-21,.,No value available
2005-08-22,0.4293,
2005-08-23,0.4293,
2005-08-24,0.4293,
2005-08-25,0.4293,
2005-08-26,0.4293,
2005-08-27,.,No value available
2005-08-28,.,No value available
2005-08-29,0.4293,
2005-08-30,0.4293,
2005-08-31,0.4293,
2005-09-01,0.4293,
2005-09-02,0.4293,
2005-09-03,.,No value available
2005-09-04,.,No value available
2005-09-05,0.4293,
2005-09-06,0.4293,
2005-09-07,0.4293,
2005-09-08,0.4293,
2005-09-09,0.4293,
2005-09-10,.,No value available
2005-09-11,.,No value available
2005-09-12,0.4293,
2005-09-13,0.4293,
2005-09-14,0.4293,
2005-09-15,0.4293,
2005-09-16,0.4293,
2005-09-17,.,No value available
2005-09-18,.,No value available
2005-09-19,0.4293,
2005-09-20,0.4293,
2005-09-21,0.4293,
2005-09-22,0.4293,
2005-09-23,0.4293,
2005-09-24,.,No value available
2005-09-25,.,No value available
2005-09-26,0.4293,
2005-09-27,0.4293,
2005-09-28,0.4293,
2005-09-29,0.4293,
2005-09-30,0.4293,
2005-10-01,.,No value available
2005-10-02,.,No value available
2005-10-03,0.4293,
2005-10-04,0.4293,
2005-10-05,0.4293,
2005-10-06,0.4293,
2005-10-07,0.4293,
2005-10-08,.,No value available
2005-10-09,.,No value available
2005-10-10,0.4293,
2005-10-11,0.4293,
2005-10-12,0.4293,
2005-10-13,0.4293,
2005-10-14,0.4293,
2005-10-15,.,No value available
2005-10-16,.,No value available
2005-10-17,0.4293,
2005-10-18,0.4293,
2005-10-19,0.4293,
2005-10-20,0.4293,
2005-10-21,0.4293,
2005-10-22,.,No value available
2005-10-23,.,No value available
2005-10-24,0.4293,
2005-10-25,0.4293,
2005-10-26,0.4293,
2005-10-27,0.4293,
2005-10-28,0.4293,
2005-10-29,.,No value available
2005-10-30,.,No value available
2005-10-31,0.4293,
2005-11-01,0.4293,
2005-11-02,0.4293,
2005-11-03,0.4293,
2005-11-04,0.4293,
2005-11-05,.,No value available
2005-11-06,.,No value available
2005-11-07,0.4293,
2005-11-08,0.4293,
2005-11-09,0.4293,
2005-11-10,0.4293,
2005-11-11,0.4293,
2005-11-12,.,No value available
2005-11-13,.,No value available
2005-11-14,0.4293,
2005-11-15,0.4293,
2005-11-16,0.4293,
2005-11-17,0.4293,
2005-11-18,0.4293,
2005-11-19,.,No value available
2005-11-20,.,No value available
2005-11-21,0.4293,
2005-11-22,0.4293,
2005-11-23,0.4293,
2005-11-24,0.4293,
2005-11-25,0.4293,
2005-11-26,.,No value available
2005-11-27,.,No value available
2005-11-28,0.4293,
2005-11-29,0.4293,
2005-11-30,0.4293,
2005-12-01,0.4293,
2005-12-02,0.4293,
2005-12-03,.,No value available
2005-12-04,.,No value available
2005-12-05,0.4293,
2005-12-06,0.4293,
2005-12-07,0.4293,
2005-12-08,0.4293,
2005-12-09,0.4293,
2005-12-10,.,No value available
2005-12-11,.,No value available
2005-12-12,0.4293,
2005-12-13,0.4293,
2005-12-14,0.4293,
2005-12-15,0.4293,
2005-12-16,0.4293,
2005-12-17,.,No value available
2005-12-18,.,No value available
2005-12-19,0.4293,
2005-12-20,0.4293,
2005-12-21,0.4293,
2005-12-22,0.4293,
2005-12-23,0.4293,
2005-12-24,.,No value available
2005-12-25,.,No value available
2005-12-26,.,No value available
2005-12-27,0.4293,
2005-12-28,0.4293,
2005-12-29,0.4293,
2005-12-30,0.4293,
2005-12-31,.,No value available
2006-01-01,.,No value available
2006-01-02,0.4293,
2006-01-03,0.4293,
2006-01-04,0.4293,
2006-01-05,0.4293,
2006-01-06,0.4293,
2006-01-07,.,No value available
2006-01-08,.,No value available
2006-01-09,0.4293,
2006-01-10,0.4293,
2006-01-11,0.4293,
2006-01-12,0.4293,
2006-01-13,0.4293,
2006-01-14,.,No value available
2006-01-15,.,No value available
2006-01-16,0.4293,
2006-01-17,0.4293,
2006-01-18,0.4293,
2006-01-19,0.4293,
2006-01-20,0.4293,
2006-01-21,.,No value available
2006-01-22,.,No value available
2006-01-23,0.4293,
2006-01-24,0.4293,
2006-01-25,0.4293,
2006-01-26,0.4293,
2006-01-27,0.4293,
2006-01-28,.,No value available
2006-01-29,.,No value available
2006-01-30,0.4293,
2006-01-31,0.4293,
2006-02-01,0.4293,
2006-02-02,0.4293,
2006-02-03,0.4293,
2006-02-04,.,No value available
2006-02-05,.,No value available
2006-02-06,0.4293,
2006-02-07,0.4293,
2006-02-08,0.4293,
2006-02-09,0.4293,
2006-02-10,0.4293,
2006-02-11,.,No value available
2006-02-12,.,No value available
2006-02-13,0.4293,
2006-02-14,0.4293,
2006-02-15,0.4293,
2006-02-16,0.4293,
2006-02-17,0.4293,
2006-02-18,.,No value available
2006-02-19,.,No value available
2006-02-20,0.4293,
2006-02-21,0.4293,
2006-02-22,0.4293,
2006-02-23,0.4293,
2006-02-24,0.4293,
2006-02-25,.,No value available
2006-02-26,.,No value available
2006-02-27,0.4293,
2006-02-28,0.4293,
2006-03-01,0.4293,
2006-03-02,0.4293,
2006-03-03,0.4293,
2006-03-04,.,No value available
2006-03-05,.,No value available
2006-03-06,0.4293,
2006-03-07,0.4293,
2006-03-08,0.4293,
2006-03-09,0.4293,
2006-03-10,0.4293,
2006-03-11,.,No value available
2006-03-12,.,No value available
2006-03-13,0.4293,
2006-03-14,0.4293,
2006-03-15,0.4293,
2006-03-16,0.4293,
2006-03-17,0.4293,
2006-03-18,.,No value available
2006-03-19,.,No value available
2006-03-20,0.4293,
2006-03-21,0.4293,
2006-03-22,0.4293,
2006-03-23,0.4293,
2006-03-24,0.4293,
2006-03-25,.,No value available
2006-03-26,.,No value available
2006-03-27,0.4293,
2006-03-28,0.4293,
2006-03-29,0.4293,
2006-03-30,0.4293,
2006-03-31,0.4293,
2006-04-01,.,No value available
2006-04-02,.,No value available
2006-04-03,0.4293,
2006-04-04,0.4293,
2006-04-05,0.4293,
2006-04-06,0.4293,
2006-04-07,0.4293,
2006-04-08,.,No value available
2006-04-09,.,No value available
2006-04-10,0.4293,
2006-04-11,0.4293,
2006-04-12,0.4293,
2006-04-13,0.4293,
2006-04-14,.,No value available
2006-04-15,.,No value available
2006-04-16,.,No value available
2006-04-17,.,No value available
2006-04-18,0.4293,
2006-04-19,0.4293,
2006-04-20,0.4293,
2006-04-21,0.4293,
2006-04-22,.,No value available
2006-04-23,.,No value available
2006-04-24,0.4293,
2006-04-25,0.4293,
2006-04-26,0.4293,
2006-04-27,0.4293,
2006-04-28,0.4293,
2006-04-29,.,No value available
2006-04-30,.,No value available
2006-05-01,.,No value available
2006-05-02,0.4293,
2006-05-03,0.4293,
2006-05-04,0.4293,
2006-05-05,0.4293,
2006-05-06,.,No value available
2006-05-07,.,No value available
2006-05-08,0.4293,
2006-05-09,0.4293,
2006-05-10,0.4293,
2006-05-11,0.4293,
2006-05-12,0.4293,
2006-05-13,.,No value available
2006-05-14,.,No value available
2006-05-15,0.4293,
2006-05-16,0.4293,
2006-05-17,0.4293,
2006-05-18,0.4293,
2006-05-19,0.4293,
2006-05-20,.,No value available
2006-05-21,.,No value available
2006-05-22,0.4293,
2006-05-23,0.4293,
2006-05-24,0.4293,
2006-05-25,0.4293,
2006-05-26,0.4293,
2006-05-27,.,No value available
2006-05-28,.,No value available
2006-05-29,0.4293,
2006-05-30,0.4293,
2006-05-31,0.4293,
2006-06-01,0.4293,
2006-06-02,0.4293,
2006-06-03,.,No value available
2006-06-04,.,No value available
2006-06-05,0.4293,
2006-06-06,0.4293,
2006-06-07,0.4293,
2006-06-08,0.4293,
2006-06-09,0.4293,
2006-06-10,.,No value available
2006-06-11,.,No value available
2006-06-12,0.4293,
2006-06-13,0.4293,
2006-06-14,0.4293,
2006-06-15,0.4293,
2006-06-16,0.4293,
2006-06-17,.,No value available
2006-06-18,.,No value available
2006-06-19,0.4293,
2006-06-20,0.4293,
2006-06-21,0.4293,
2006-06-22,0.4293,
2006-06-23,0.4293,
2006-06-24,.,No value available
2006-06-25,.,No value available
2006-06-26,0.4293,
2006-06-27,0.4293,
2006-06-28,0.4293,
2006-06-29,0.4293,
2006-06-30,0.4293,
2006-07-01,.,No value available
2006-07-02,.,No value available
2006-07-03,0.4293,
2006-07-04,0.4293,
2006-07-05,0.4293,
2006-07-06,0.4293,
2006-07-07,0.4293,
2006-07-08,.,No value available
2006-07-09,.,No value available
2006-07-10,0.4293,
2006-07-11,0.4293,
2006-07-12,0.4293,
2006-07-13,0.4293,
2006-07-14,0.4293,
2006-07-15,.,No value available
2006-07-16,.,No value available
2006-07-17,0.4293,
2006-07-18,0.4293,
2006-07-19,0.4293,
2006-07-20,0.4293,
2006-07-21,0.4293,
2006-07-22,.,No value available
2006-07-23,.,No value available
2006-07-24,0.4293,
2006-07-25,0.4293,
2006-07-26,0.4293,
2006-07-27,0.4293,
2006-07-28,0.4293,
2006-07-29,.,No value available
2006-07-30,.,No value available
2006-07-31,0.4293,
2006-08-01,0.4293,
2006-08-02,0.4293,
2006-08-03,0.4293,
2006-08-04,0.4293,
2006-08-05,.,No value available
2006-08-06,.,No value available
2006-08-07,0.4293,
2006-08-08,0.4293,
2006-08-09,0.4293,
2006-08-10,0.4293,
2006-08-11,0.4293,
2006-08-12,.,No value available
2006-08-13,.,No value available
2006-08-14,0.4293,
2006-08-15,0.4293,
2006-08-16,0.4293,
2006-08-17,0.4293,
2006-08-18,0.4293,
2006-08-19,.,No value available
2006-08-20,.,No value available
2006-08-21,0.4293,
2006-08-22,0.4293,
2006-08-23,0.4293,
2006-08-24,0.4293,
2006-08-25,0.4293,
2006-08-26,.,No value available
2006-08-27,.,No value available
2006-08-28,0.4293,
2006-08-29,0.4293,
2006-08-30,0.4293,
2006-08-31,0.4293,
2006-09-01,0.4293,
2006-09-02,.,No value available
2006-09-03,.,No value available
2006-09-04,0.4293,
2006-09-05,0.4293,
2006-09-06,0.4293,
2006-09-07,0.4293,
2006-09-08,0.4293,
2006-09-09,.,No value available
2006-09-10,.,No value available
2006-09-11,0.4293,
2006-09-12,0.4293,
2006-09-13,0.4293,
2006-09-14,0.4293,
2006-09-15,0.4293,
2006-09-16,.,No value available
2006-09-17,.,No value available
2006-09-18,0.4293,
2006-09-19,0.4293,
2006-09-20,0.4293,
2006-09-21,0.4293,
2006-09-22,0.4293,
2006-09-23,.,No value available
2006-09-24,.,No value available
2006-09-25,0.4293,
2006-09-26,0.4293,
2006-09-27,0.4293,
2006-09-28,0.4293,
2006-09-29,0.4293,
2006-09-30,.,No value available
2006-10-01,.,No value available
2006-10-02,0.4293,
2006-10-03,0.4293,
2006-10-04,0.4293,
2006-10-05,0.4293,
2006-10-06,0.4293,
2006-10-07,.,No value available
2006-10-08,.,No value available
2006-10-09,0.4293,
2006-10-10,0.4293,
2006-10-11,0.4293,
2006-10-12,0.4293,
2006-10-13,0.4293,
2006-10-14,.,No value available
2006-10-15,.,No value available
2006-10-16,0.4293,
2006-10-17,0.4293,
2006-10-18,0.4293,
2006-10-19,0.4293,
2006-10-20,0.4293,
2006-10-21,.,No value available
2006-10-22,.,No value available
2006-10-23,0.4293,
2006-10-24,0.4293,
2006-10-25,0.4293,
2006-10-26,0.4293,
2006-10-27,0.4293,
2006-10-28,.,No value available
2006-10-29,.,No value available
2006-10-30,0.4293,
2006-10-31,0.4293,
2006-11-01,0.4293,
2006-11-02,0.4293,
2006-11-03,0.4293,
2006-11-04,.,No value available
2006-11-05,.,No value available
2006-11-06,0.4293,
2006-11-07,0.4293,
2006-11-08,0.4293,
2006-11-09,0.4293,
2006-11-10,0.4293,
2006-11-11,.,No value available
2006-11-12,.,No value available
2006-11-13,0.4293,
2006-11-14,0.4293,
2006-11-15,0.4293,
2006-11-16,0.4293,
2006-11-17,0.4293,
2006-11-18,.,No value available
2006-11-19,.,No value available
2006-11-20,0.4293,
2006-11-21,0.4293,
2006-11-22,0.4293,
2006-11-23,0.4293,
2006-11-24,0.4293,
2006-11-25,.,No value available
2006-11-26,.,No value available
2006-11-27,0.4293,
2006-11-28,0.4293,
2006-11-29,0.4293,
2006-11-30,0.4293,
2006-12-01,0.4293,
2006-12-02,.,No value available
2006-12-03,.,No value available
2006-12-04,0.4293,
2006-12-05,0.4293,
2006-12-06,0.4293,
2006-12-07,0.4293,
2006-12-08,0.4293,
2006-12-09,.,No value available
2006-12-10,.,No value available
2006-12-11,0.4293,
2006-12-12,0.4293,
2006-12-13,0.4293,
2006-12-14,0.4293,
2006-12-15,0.4293,
2006-12-16,.,No value available
2006-12-17,.,No value available
2006-12-18,0.4293,
2006-12-19,0.4293,
2006-12-20,0.4293,
2006-12-21,0.4293,
2006-12-22,0.4293,
2006-12-23,.,No value available
2006-12-24,.,No value available
2006-12-25,.,No value available
2006-12-26,.,No value available
2006-12-27,0.4293,
2006-12-28,0.4293,
2006-12-29,0.4293,
2006-12-30,.,No value available
2006-12-31,.,No value available
2007-01-01,.,No value available
2007-01-02,0.4293,
2007-01-03,0.4293,
2007-01-04,0.4293,
2007-01-05,0.4293,
2007-01-06,.,No value available
2007-01-07,.,No value available
2007-01-08,0.4293,
2007-01-09,0.4293,
2007-01-10,0.4293,
2007-01-11,0.4293,
2007-01-12,0.4293,
2007-01-13,.,No value available
2007-01-14,.,No value available
2007-01-15,0.4293,
2007-01-16,0.4293,
2007-01-17,0.4293,
2007-01-18,0.4293,
2007-01-19,0.4293,
2007-01-20,.,No value available
2007-01-21,.,No value available
2007-01-22,0.4293,
2007-01-23,0.4293,
2007-01-24,0.4293,
2007-01-25,0.4293,
2007-01-26,0.4293,
2007-01-27,.,No value available
2007-01-28,.,No value available
2007-01-29,0.4293,
2007-01-30,0.4293,
2007-01-31,0.4293,
2007-02-01,0.4293,
2007-02-02,0.4293,
2007-02-03,.,No value available
2007-02-04,.,No value available
2007-02-05,0.4293,
2007-02-06,0.4293,
2007-02-07,0.4293,
2007-02-08,0.4293,
2007-02-09,0.4293,
2007-02-10,.,No value available
2007-02-11,.,No value available
2007-02-12,0.4293,
2007-02-13,0.4293,
2007-02-14,0.4293,
2007-02-15,0.4293,
2007-02-16,0.4293,
2007-02-17,.,No value available
2007-02-18,.,No value available
2007-02-19,0.4293,
2007-02-20,0.4293,
2007-02-21,0.4293,
2007-02-22,0.4293,
2007-02-23,0.4293,
2007-02-24,.,No value available
2007-02-25,.,No value available
2007-02-26,0.4293,
2007-02-27,0.4293,
2007-02-28,0.4293,
2007-03-01,0.4293,
2007-03-02,0.4293,
2007-03-03,.,No value available
2007-03-04,.,No value available
2007-03-05,0.4293,
2007-03-06,0.4293,
2007-03-07,0.4293,
2007-03-08,0.4293,
2007-03-09,0.4293,
2007-03-10,.,No value available
2007-03-11,.,No value available
2007-03-12,0.4293,
2007-03-13,0.4293,
2007-03-14,0.4293,
2007-03-15,0.4293,
2007-03-16,0.4293,
2007-03-17,.,No value available
2007-03-18,.,No value available
2007-03-19,0.4293,
2007-03-20,0.4293,
2007-03-21,0.4293,
2007-03-22,0.4293,
2007-03-23,0.4293,
2007-03-24,.,No value available
2007-03-25,.,No value available
2007-03-26,0.4293,
2007-03-27,0.4293,
2007-03-28,0.4293,
2007-03-29,0.4293,
2007-03-30,0.4293,
2007-03-31,.,No value available
2007-04-01,.,No value available
2007-04-02,0.4293,
2007-04-03,0.4293,
2007-04-04,0.4293,
2007-04-05,0.4293,
2007-04-06,.,No value available
2007-04-07,.,No value available
2007-04-08,.,No value available
2007-04-09,.,No value available
2007-04-10,0.4293,
2007-04-11,0.4293,
2007-04-12,0.4293,
2007-04-13,0.4293,
2007-04-14,.,No value available
2007-04-15,.,No value available
2007-04-16,0.4293,
2007-04-17,0.4293,
2007-04-18,0.4293,
2007-04-19,0.4293,
2007-04-20,0.4293,
2007-04-21,.,No value available
2007-04-22,.,No value available
2007-04-23,0.4293,
2007-04-24,0.4293,
2007-04-25,0.4293,
2007-04-26,0.4293,
2007-04-27,0.4293,
2007-04-28,.,No value available
2007-04-29,.,No value available
2007-04-30,0.4293,
2007-05-01,.,No value available
2007-05-02,0.4293,
2007-05-03,0.4293,
2007-05-04,0.4293,
2007-05-05,.,No value available
2007-05-06,.,No value available
2007-05-07,0.4293,
2007-05-08,0.4293,
2007-05-09,0.4293,
2007-05-10,0.4293,
2007-05-11,0.4293,
2007-05-12,.,No value available
2007-05-13,.,No value available
2007-05-14,0.4293,
2007-05-15,0.4293,
2007-05-16,0.4293,
2007-05-17,0.4293,
2007-05-18,0.4293,
2007-05-19,.,No value available
2007-05-20,.,No value available
2007-05-21,0.4293,
2007-05-22,0.4293,
2007-05-23,0.4293,
2007-05-24,0.4293,
2007-05-25,0.4293,
2007-05-26,.,No value available
2007-05-27,.,No value available
2007-05-28,0.4293,
2007-05-29,0.4293,
2007-05-30,0.4293,
2007-05-31,0.4293,
2007-06-01,0.4293,
2007-06-02,.,No value available
2007-06-03,.,No value available
2007-06-04,0.4293,
2007-06-05,0.4293,
2007-06-06,0.4293,
2007-06-07,0.4293,
2007-06-08,0.4293,
2007-06-09,.,No value available
2007-06-10,.,No value available
2007-06-11,0.4293,
2007-06-12,0.4293,
2007-06-13,0.4293,
2007-06-14,0.4293,
2007-06-15,0.4293,
2007-06-16,.,No value available
2007-06-17,.,No value available
2007-06-18,0.4293,
2007-06-19,0.4293,
2007-06-20,0.4293,
2007-06-21,0.4293,
2007-06-22,0.4293,
2007-06-23,.,No value available
2007-06-24,.,No value available
2007-06-25,0.4293,
2007-06-26,0.4293,
2007-06-27,0.4293,
2007-06-28,0.4293,
2007-06-29,0.4293,
2007-06-30,.,No value available
2007-07-01,.,No value available
2007-07-02,0.4293,
2007-07-03,0.4293,
2007-07-04,0.4293,
2007-07-05,0.4293,
2007-07-06,0.4293,
2007-07-07,.,No value available
2007-07-08,.,No value available
2007-07-09,0.4293,
2007-07-10,0.4293,
2007-07-11,0.4293,
2007-07-12,0.4293,
2007-07-13,0.4293,
2007-07-14,.,No value available
2007-07-15,.,No value available
2007-07-16,0.4293,
2007-07-17,0.4293,
2007-07-18,0.4293,
2007-07-19,0.4293,
2007-07-20,0.4293,
2007-07-21,.,No value available
2007-07-22,.,No value available
2007-07-23,0.4293,
2007-07-24,0.4293,
2007-07-25,0.4293,
2007-07-26,0.4293,
2007-07-27,0.4293,
2007-07-28,.,No value available
2007-07-29,.,No value available
2007-07-30,0.4293,
2007-07-31,0.4293,
2007-08-01,0.4293,
2007-08-02,0.4293,
2007-08-03,0.4293,
2007-08-04,.,No value available
2007-08-05,.,No value available
2007-08-06,0.4293,
2007-08-07,0.4293,
2007-08-08,0.4293,
2007-08-09,0.4293,
2007-08-10,0.4293,
2007-08-11,.,No value available
2007-08-12,.,No value available
2007-08-13,0.4293,
2007-08-14,0.4293,
2007-08-15,0.4293,
2007-08-16,0.4293,
2007-08-17,0.4293,
2007-08-18,.,No value available
2007-08-19,.,No value available
2007-08-20,0.4293,
2007-08-21,0.4293,
2007-08-22,0.4293,
2007-08-23,0.4293,
2007-08-24,0.4293,
2007-08-25,.,No value available
2007-08-26,.,No value available
2007-08-27,0.4293,
2007-08-28,0.4293,
2007-08-29,0.4293,
2007-08-30,0.4293,
2007-08-31,0.4293,
2007-09-01,.,No value available
2007-09-02,.,No value available
2007-09-03,0.4293,
2007-09-04,0.4293,
2007-09-05,0.4293,
2007-09-06,0.4293,
2007-09-07,0.4293,
2007-09-08,.,No value available
2007-09-09,.,No value available
2007-09-10,0.4293,
2007-09-11,0.4293,
2007-09-12,0.4293,
2007-09-13,0.4293,
2007-09-14,0.4293,
2007-09-15,.,No value available
2007-09-16,.,No value available
2007-09-17,0.4293,
2007-09-18,0.4293,
2007-09-19,0.4293,
2007-09-20,0.4293,
2007-09-21,0.4293,
2007-09-22,.,No value available
2007-09-23,.,No value available
2007-09-24,0.4293,
2007-09-25,0.4293,
2007-09-26,0.4293,
2007-09-27,0.4293,
2007-09-28,0.4293,
2007-09-29,.,No value available
2007-09-30,.,No value available
2007-10-01,0.4293,
2007-10-02,0.4293,
2007-10-03,0.4293,
2007-10-04,0.4293,
2007-10-05,0.4293,
2007-10-06,.,No value available
2007-10-07,.,No value available
2007-10-08,0.4293,
2007-10-09,0.4293,
2007-10-10,0.4293,
2007-10-11,0.4293,
2007-10-12,0.4293,
2007-10-13,.,No value available
2007-10-14,.,No value available
2007-10-15,0.4293,
2007-10-16,0.4293,
2007-10-17,0.4293,
2007-10-18,0.4293,
2007-10-19,0.4293,
2007-10-20,.,No value available
2007-10-21,.,No value available
2007-10-22,0.4293,
2007-10-23,0.4293,
2007-10-24,0.4293,
2007-10-25,0.4293,
2007-10-26,0.4293,
2007-10-27,.,No value available
2007-10-28,.,No value available
2007-10-29,0.4293,
2007-10-30,0.4293,
2007-10-31,0.4293,
2007-11-01,0.4293,
2007-11-02,0.4293,
2007-11-03,.,No value available
2007-11-04,.,No value available
2007-11-05,0.4293,
2007-11-06,0.4293,
2007-11-07,0.4293,
2007-11-08,0.4293,
2007-11-09,0.4293,
2007-11-10,.,No value available
2007-11-11,.,No value available
2007-11-12,0.4293,
2007-11-13,0.4293,
2007-11-14,0.4293,
2007-11-15,0.4293,
2007-11-16,0.4293,
2007-11-17,.,No value available
2007-11-18,.,No value available
2007-11-19,0.4293,
2007-11-20,0.4293,
2007-11-21,0.4293,
2007-11-22,0.4293,
2007-11-23,0.4293,
2007-11-24,.,No value available
2007-11-25,.,No value available
2007-11-26,0.4293,
2007-11-27,0.4293,
2007-11-28,0.4293,
2007-11-29,0.4293,
2007-11-30,0.4293,
2007-12-01,.,No value available
2007-12-02,.,No value available
2007-12-03,0.4293,
2007-12-04,0.4293,
2007-12-05,0.4293,
2007-12-06,0.4293,
2007-12-07,0.4293,
2007-12-08,.,No value available
2007-12-09,.,No value available
2007-12-10,0.4293,
2007-12-11,0.4293,
2007-12-12,0.4293,
2007-12-13,0.4293,
2007-12-14,0.4293,
2007-12-15,.,No value available
2007-12-16,.,No value available
2007-12-17,0.4293,
2007-12-18,0.4293,
2007-12-19,0.4293,
2007-12-20,0.4293,
2007-12-21,0.4293,
2007-12-22,.,No value available
2007-12-23,.,No value available
2007-12-24,0.4293,
2007-12-25,.,No value available
2007-12-26,.,No value available
2007-12-27,0.4293,
2007-12-28,0.4293,
2007-12-29,.,No value available
2007-12-30,.,No value available
2007-12-31,0.4293,
