"",BBEX3.D.SIT.EUR.BB.AC.000,BBEX3.D.SIT.EUR.BB.AC.000_FLAGS
"",Euro foreign exchange reference rate of the ECB / EUR 1 = SIT ... / Slovenia / up to the end of December 2006,
Comment (in english),"The ECB published daily euro foreign exchange reference rates for Slovenian tolars (SIT), which were calculated on the basis of the concertation between central banks at 14.15. Slovenia joined the euro area on 1 January 2007; irrevocable euro conversion rate: EUR 1 = SIT 239.640.",
Decimals,4,
Source (in english),European Central Bank (ECB).,
Time format code,P1D,
category,WEDE,
unit,SIT,
unit multiplier,One,
last update,2023-09-20 14:33:31,
1999-01-01,.,No value available
1999-01-02,.,No value available
1999-01-03,.,No value available
1999-01-04,189.0450,
1999-01-05,188.7750,
1999-01-06,188.7000,
1999-01-07,188.8000,
1999-01-08,188.8400,
1999-01-09,.,No value available
1999-01-10,.,No value available
1999-01-11,188.9655,
1999-01-12,189.5352,
1999-01-13,191.2016,
1999-01-14,188.9441,
1999-01-15,187.1333,
1999-01-16,.,No value available
1999-01-17,.,No value available
1999-01-18,189.3639,
1999-01-19,189.4432,
1999-01-20,189.0666,
1999-01-21,188.9975,
1999-01-22,188.4587,
1999-01-23,.,No value available
1999-01-24,.,No value available
1999-01-25,188.7438,
1999-01-26,189.5821,
1999-01-27,189.7167,
1999-01-28,189.6400,
1999-01-29,188.5000,
1999-01-30,.,No value available
1999-01-31,.,No value available
1999-02-01,189.4727,
1999-02-02,190.8753,
1999-02-03,190.4761,
1999-02-04,190.4237,
1999-02-05,190.2791,
1999-02-06,.,No value available
1999-02-07,.,No value available
1999-02-08,190.3325,
1999-02-09,190.6592,
1999-02-10,191.4540,
1999-02-11,190.1997,
1999-02-12,190.4383,
1999-02-13,.,No value available
1999-02-14,.,No value available
1999-02-15,189.5612,
1999-02-16,190.3482,
1999-02-17,190.1530,
1999-02-18,189.7714,
1999-02-19,189.7336,
1999-02-20,.,No value available
1999-02-21,.,No value available
1999-02-22,189.4169,
1999-02-23,190.0579,
1999-02-24,190.3167,
1999-02-25,190.2926,
1999-02-26,190.4698,
1999-02-27,.,No value available
1999-02-28,.,No value available
1999-03-01,190.3652,
1999-03-02,190.2429,
1999-03-03,190.2200,
1999-03-04,190.3300,
1999-03-05,190.5755,
1999-03-06,.,No value available
1999-03-07,.,No value available
1999-03-08,190.2453,
1999-03-09,189.8259,
1999-03-10,191.3634,
1999-03-11,190.1390,
1999-03-12,190.3535,
1999-03-13,.,No value available
1999-03-14,.,No value available
1999-03-15,190.8855,
1999-03-16,190.3930,
1999-03-17,189.9264,
1999-03-18,190.5117,
1999-03-19,190.3779,
1999-03-20,.,No value available
1999-03-21,.,No value available
1999-03-22,190.4427,
1999-03-23,190.5601,
1999-03-24,190.8219,
1999-03-25,190.8219,
1999-03-26,190.5581,
1999-03-27,.,No value available
1999-03-28,.,No value available
1999-03-29,189.6164,
1999-03-30,190.5175,
1999-03-31,191.1308,
1999-04-01,190.5994,
1999-04-02,190.4556,
1999-04-03,.,No value available
1999-04-04,.,No value available
1999-04-05,190.1900,
1999-04-06,190.8181,
1999-04-07,190.7747,
1999-04-08,190.9732,
1999-04-09,190.9803,
1999-04-10,.,No value available
1999-04-11,.,No value available
1999-04-12,191.4368,
1999-04-13,192.5428,
1999-04-14,193.4368,
1999-04-15,192.7021,
1999-04-16,192.3460,
1999-04-17,.,No value available
1999-04-18,.,No value available
1999-04-19,192.6903,
1999-04-20,192.5910,
1999-04-21,192.7372,
1999-04-22,191.7849,
1999-04-23,192.3050,
1999-04-24,.,No value available
1999-04-25,.,No value available
1999-04-26,192.9845,
1999-04-27,193.3027,
1999-04-28,193.0616,
1999-04-29,193.1168,
1999-04-30,193.2883,
1999-05-01,.,No value available
1999-05-02,.,No value available
1999-05-03,193.5050,
1999-05-04,193.5000,
1999-05-05,193.6989,
1999-05-06,193.7113,
1999-05-07,193.7554,
1999-05-08,.,No value available
1999-05-09,.,No value available
1999-05-10,193.6241,
1999-05-11,193.7923,
1999-05-12,194.0852,
1999-05-13,193.8105,
1999-05-14,193.7893,
1999-05-15,.,No value available
1999-05-16,.,No value available
1999-05-17,193.7610,
1999-05-18,193.8041,
1999-05-19,193.2535,
1999-05-20,193.8818,
1999-05-21,193.8528,
1999-05-22,.,No value available
1999-05-23,.,No value available
1999-05-24,193.9225,
1999-05-25,193.7776,
1999-05-26,192.9391,
1999-05-27,194.8187,
1999-05-28,194.0626,
1999-05-29,.,No value available
1999-05-30,.,No value available
1999-05-31,193.8187,
1999-06-01,194.3397,
1999-06-02,194.4039,
1999-06-03,194.4426,
1999-06-04,194.5196,
1999-06-05,.,No value available
1999-06-06,.,No value available
1999-06-07,194.4338,
1999-06-08,195.0723,
1999-06-09,195.1195,
1999-06-10,194.9183,
1999-06-11,195.0845,
1999-06-12,.,No value available
1999-06-13,.,No value available
1999-06-14,195.1662,
1999-06-15,196.0553,
1999-06-16,196.0248,
1999-06-17,195.9441,
1999-06-18,195.9870,
1999-06-19,.,No value available
1999-06-20,.,No value available
1999-06-21,195.1589,
1999-06-22,196.4035,
1999-06-23,195.8314,
1999-06-24,195.8343,
1999-06-25,198.5302,
1999-06-26,.,No value available
1999-06-27,.,No value available
1999-06-28,195.1704,
1999-06-29,196.0028,
1999-06-30,196.1987,
1999-07-01,196.4807,
1999-07-02,196.5249,
1999-07-03,.,No value available
1999-07-04,.,No value available
1999-07-05,196.4825,
1999-07-06,196.5130,
1999-07-07,196.6596,
1999-07-08,196.4521,
1999-07-09,196.4213,
1999-07-10,.,No value available
1999-07-11,.,No value available
1999-07-12,196.2982,
1999-07-13,196.9473,
1999-07-14,197.0631,
1999-07-15,197.0859,
1999-07-16,197.0507,
1999-07-17,.,No value available
1999-07-18,.,No value available
1999-07-19,197.0364,
1999-07-20,197.0928,
1999-07-21,197.1417,
1999-07-22,197.0015,
1999-07-23,197.0821,
1999-07-24,.,No value available
1999-07-25,.,No value available
1999-07-26,196.9844,
1999-07-27,197.0811,
1999-07-28,197.2114,
1999-07-29,197.4293,
1999-07-30,197.4824,
1999-07-31,.,No value available
1999-08-01,.,No value available
1999-08-02,197.3975,
1999-08-03,197.3589,
1999-08-04,197.2253,
1999-08-05,197.3229,
1999-08-06,196.5359,
1999-08-07,.,No value available
1999-08-08,.,No value available
1999-08-09,197.1719,
1999-08-10,197.3235,
1999-08-11,197.3691,
1999-08-12,197.3525,
1999-08-13,197.2632,
1999-08-14,.,No value available
1999-08-15,.,No value available
1999-08-16,197.1183,
1999-08-17,197.0359,
1999-08-18,197.3454,
1999-08-19,196.8725,
1999-08-20,196.8055,
1999-08-21,.,No value available
1999-08-22,.,No value available
1999-08-23,196.7975,
1999-08-24,196.6341,
1999-08-25,196.5943,
1999-08-26,196.4276,
1999-08-27,196.6619,
1999-08-28,.,No value available
1999-08-29,.,No value available
1999-08-30,196.5226,
1999-08-31,196.5852,
1999-09-01,196.5838,
1999-09-02,196.5629,
1999-09-03,196.5236,
1999-09-04,.,No value available
1999-09-05,.,No value available
1999-09-06,196.4759,
1999-09-07,196.4973,
1999-09-08,196.5195,
1999-09-09,196.4297,
1999-09-10,196.4021,
1999-09-11,.,No value available
1999-09-12,.,No value available
1999-09-13,196.4462,
1999-09-14,196.4284,
1999-09-15,196.6147,
1999-09-16,196.3075,
1999-09-17,196.4625,
1999-09-18,.,No value available
1999-09-19,.,No value available
1999-09-20,196.3091,
1999-09-21,196.4325,
1999-09-22,196.4950,
1999-09-23,196.0575,
1999-09-24,196.2150,
1999-09-25,.,No value available
1999-09-26,.,No value available
1999-09-27,196.0175,
1999-09-28,195.9950,
1999-09-29,195.8939,
1999-09-30,196.0125,
1999-10-01,195.9775,
1999-10-02,.,No value available
1999-10-03,.,No value available
1999-10-04,197.3451,
1999-10-05,196.7652,
1999-10-06,197.5752,
1999-10-07,196.6975,
1999-10-08,196.1946,
1999-10-09,.,No value available
1999-10-10,.,No value available
1999-10-11,196.6504,
1999-10-12,196.9411,
1999-10-13,196.8319,
1999-10-14,196.8546,
1999-10-15,196.9203,
1999-10-16,.,No value available
1999-10-17,.,No value available
1999-10-18,196.8894,
1999-10-19,196.1099,
1999-10-20,196.8896,
1999-10-21,196.7479,
1999-10-22,196.7682,
1999-10-23,.,No value available
1999-10-24,.,No value available
1999-10-25,196.9425,
1999-10-26,196.7479,
1999-10-27,196.8386,
1999-10-28,196.7703,
1999-10-29,196.6230,
1999-10-30,.,No value available
1999-10-31,.,No value available
1999-11-01,196.6230,
1999-11-02,196.6933,
1999-11-03,196.7314,
1999-11-04,196.6778,
1999-11-05,196.8049,
1999-11-06,.,No value available
1999-11-07,.,No value available
1999-11-08,196.9520,
1999-11-09,196.9067,
1999-11-10,196.9424,
1999-11-11,197.0320,
1999-11-12,197.0275,
1999-11-13,.,No value available
1999-11-14,.,No value available
1999-11-15,197.0550,
1999-11-16,196.9825,
1999-11-17,196.9757,
1999-11-18,196.7325,
1999-11-19,196.6750,
1999-11-20,.,No value available
1999-11-21,.,No value available
1999-11-22,196.7140,
1999-11-23,196.6351,
1999-11-24,196.5832,
1999-11-25,196.7697,
1999-11-26,196.7613,
1999-11-27,.,No value available
1999-11-28,.,No value available
1999-11-29,196.8850,
1999-11-30,196.7585,
1999-12-01,196.8949,
1999-12-02,196.9571,
1999-12-03,197.2375,
1999-12-04,.,No value available
1999-12-05,.,No value available
1999-12-06,197.2765,
1999-12-07,197.5274,
1999-12-08,197.6805,
1999-12-09,197.7525,
1999-12-10,197.9491,
1999-12-11,.,No value available
1999-12-12,.,No value available
1999-12-13,197.8891,
1999-12-14,198.2244,
1999-12-15,198.7117,
1999-12-16,199.2296,
1999-12-17,199.0941,
1999-12-18,.,No value available
1999-12-19,.,No value available
1999-12-20,198.8725,
1999-12-21,198.5075,
1999-12-22,198.4425,
1999-12-23,198.5551,
1999-12-24,198.5097,
1999-12-25,.,No value available
1999-12-26,.,No value available
1999-12-27,198.6787,
1999-12-28,198.6471,
1999-12-29,198.7623,
1999-12-30,198.9055,
1999-12-31,.,No value available
2000-01-01,.,No value available
2000-01-02,.,No value available
2000-01-03,198.8925,
2000-01-04,198.7975,
2000-01-05,199.4725,
2000-01-06,199.5114,
2000-01-07,199.6150,
2000-01-08,.,No value available
2000-01-09,.,No value available
2000-01-10,199.6255,
2000-01-11,199.7215,
2000-01-12,199.8436,
2000-01-13,199.9443,
2000-01-14,199.9972,
2000-01-15,.,No value available
2000-01-16,.,No value available
2000-01-17,199.9930,
2000-01-18,199.9935,
2000-01-19,199.9226,
2000-01-20,199.9398,
2000-01-21,199.9466,
2000-01-22,.,No value available
2000-01-23,.,No value available
2000-01-24,199.8875,
2000-01-25,199.9799,
2000-01-26,200.1145,
2000-01-27,200.2876,
2000-01-28,200.2794,
2000-01-29,.,No value available
2000-01-30,.,No value available
2000-01-31,200.3422,
2000-02-01,200.3566,
2000-02-02,200.6475,
2000-02-03,200.7612,
2000-02-04,200.8492,
2000-02-05,.,No value available
2000-02-06,.,No value available
2000-02-07,200.7972,
2000-02-08,200.7925,
2000-02-09,200.9110,
2000-02-10,201.0417,
2000-02-11,201.1378,
2000-02-12,.,No value available
2000-02-13,.,No value available
2000-02-14,200.6759,
2000-02-15,201.1648,
2000-02-16,201.2479,
2000-02-17,201.2195,
2000-02-18,201.3525,
2000-02-19,.,No value available
2000-02-20,.,No value available
2000-02-21,201.5609,
2000-02-22,201.6115,
2000-02-23,201.6625,
2000-02-24,201.9915,
2000-02-25,201.9604,
2000-02-26,.,No value available
2000-02-27,.,No value available
2000-02-28,202.2180,
2000-02-29,202.1961,
2000-03-01,202.1974,
2000-03-02,202.3371,
2000-03-03,202.4165,
2000-03-04,.,No value available
2000-03-05,.,No value available
2000-03-06,202.4238,
2000-03-07,202.4669,
2000-03-08,202.4414,
2000-03-09,202.4917,
2000-03-10,202.4983,
2000-03-11,.,No value available
2000-03-12,.,No value available
2000-03-13,202.5578,
2000-03-14,202.6835,
2000-03-15,202.7176,
2000-03-16,202.6292,
2000-03-17,202.7977,
2000-03-18,.,No value available
2000-03-19,.,No value available
2000-03-20,202.8925,
2000-03-21,202.8120,
2000-03-22,202.9277,
2000-03-23,202.9631,
2000-03-24,202.8925,
2000-03-25,.,No value available
2000-03-26,.,No value available
2000-03-27,203.0816,
2000-03-28,203.1294,
2000-03-29,203.3242,
2000-03-30,203.3224,
2000-03-31,203.3382,
2000-04-01,.,No value available
2000-04-02,.,No value available
2000-04-03,203.3599,
2000-04-04,203.4848,
2000-04-05,203.3895,
2000-04-06,203.5447,
2000-04-07,203.5895,
2000-04-08,.,No value available
2000-04-09,.,No value available
2000-04-10,203.6286,
2000-04-11,203.8525,
2000-04-12,204.1174,
2000-04-13,204.2289,
2000-04-14,204.2836,
2000-04-15,.,No value available
2000-04-16,.,No value available
2000-04-17,204.1564,
2000-04-18,204.1209,
2000-04-19,204.0314,
2000-04-20,204.1264,
2000-04-21,.,No value available
2000-04-22,.,No value available
2000-04-23,.,No value available
2000-04-24,.,No value available
2000-04-25,204.1045,
2000-04-26,204.1176,
2000-04-27,204.0227,
2000-04-28,204.1857,
2000-04-29,.,No value available
2000-04-30,.,No value available
2000-05-01,.,No value available
2000-05-02,204.5862,
2000-05-03,204.2583,
2000-05-04,204.3251,
2000-05-05,204.5125,
2000-05-06,.,No value available
2000-05-07,.,No value available
2000-05-08,204.4575,
2000-05-09,204.7247,
2000-05-10,204.7229,
2000-05-11,204.8221,
2000-05-12,204.7648,
2000-05-13,.,No value available
2000-05-14,.,No value available
2000-05-15,204.9664,
2000-05-16,204.9302,
2000-05-17,204.9525,
2000-05-18,204.9174,
2000-05-19,205.1368,
2000-05-20,.,No value available
2000-05-21,.,No value available
2000-05-22,205.1361,
2000-05-23,205.1433,
2000-05-24,205.2551,
2000-05-25,205.2835,
2000-05-26,205.2678,
2000-05-27,.,No value available
2000-05-28,.,No value available
2000-05-29,205.3533,
2000-05-30,205.3724,
2000-05-31,205.5742,
2000-06-01,205.9322,
2000-06-02,206.0392,
2000-06-03,.,No value available
2000-06-04,.,No value available
2000-06-05,206.0914,
2000-06-06,206.5496,
2000-06-07,206.1311,
2000-06-08,206.4317,
2000-06-09,206.6757,
2000-06-10,.,No value available
2000-06-11,.,No value available
2000-06-12,206.7203,
2000-06-13,206.8895,
2000-06-14,206.9268,
2000-06-15,206.9664,
2000-06-16,206.9448,
2000-06-17,.,No value available
2000-06-18,.,No value available
2000-06-19,207.0742,
2000-06-20,207.0438,
2000-06-21,207.0692,
2000-06-22,207.0463,
2000-06-23,207.0829,
2000-06-24,.,No value available
2000-06-25,.,No value available
2000-06-26,207.1108,
2000-06-27,207.2225,
2000-06-28,207.1275,
2000-06-29,207.3525,
2000-06-30,207.3492,
2000-07-01,.,No value available
2000-07-02,.,No value available
2000-07-03,207.3997,
2000-07-04,207.6835,
2000-07-05,208.7338,
2000-07-06,207.4616,
2000-07-07,207.6182,
2000-07-08,.,No value available
2000-07-09,.,No value available
2000-07-10,207.6524,
2000-07-11,207.9661,
2000-07-12,207.8821,
2000-07-13,207.9937,
2000-07-14,207.5672,
2000-07-15,.,No value available
2000-07-16,.,No value available
2000-07-17,208.0275,
2000-07-18,207.6454,
2000-07-19,207.5889,
2000-07-20,207.8352,
2000-07-21,207.8603,
2000-07-22,.,No value available
2000-07-23,.,No value available
2000-07-24,207.8613,
2000-07-25,207.9904,
2000-07-26,207.2782,
2000-07-27,208.2732,
2000-07-28,208.3529,
2000-07-29,.,No value available
2000-07-30,.,No value available
2000-07-31,208.4178,
2000-08-01,208.3626,
2000-08-02,208.4765,
2000-08-03,206.9572,
2000-08-04,208.4972,
2000-08-05,.,No value available
2000-08-06,.,No value available
2000-08-07,208.5425,
2000-08-08,208.5326,
2000-08-09,208.5574,
2000-08-10,208.5388,
2000-08-11,208.5388,
2000-08-12,.,No value available
2000-08-13,.,No value available
2000-08-14,208.5326,
2000-08-15,208.5309,
2000-08-16,208.7425,
2000-08-17,208.6753,
2000-08-18,208.7322,
2000-08-19,.,No value available
2000-08-20,.,No value available
2000-08-21,208.7875,
2000-08-22,208.7347,
2000-08-23,208.7899,
2000-08-24,208.8825,
2000-08-25,208.8636,
2000-08-26,.,No value available
2000-08-27,.,No value available
2000-08-28,208.8517,
2000-08-29,207.5587,
2000-08-30,208.9326,
2000-08-31,208.9892,
2000-09-01,208.9769,
2000-09-02,.,No value available
2000-09-03,.,No value available
2000-09-04,208.9852,
2000-09-05,209.0238,
2000-09-06,208.9626,
2000-09-07,208.9626,
2000-09-08,209.0584,
2000-09-09,.,No value available
2000-09-10,.,No value available
2000-09-11,209.1372,
2000-09-12,209.2725,
2000-09-13,209.2546,
2000-09-14,209.3214,
2000-09-15,209.1878,
2000-09-16,.,No value available
2000-09-17,.,No value available
2000-09-18,209.1695,
2000-09-19,209.1235,
2000-09-20,209.1652,
2000-09-21,209.2098,
2000-09-22,209.0332,
2000-09-23,.,No value available
2000-09-24,.,No value available
2000-09-25,209.2504,
2000-09-26,209.2726,
2000-09-27,209.2879,
2000-09-28,209.4332,
2000-09-29,209.4576,
2000-09-30,.,No value available
2000-10-01,.,No value available
2000-10-02,209.4564,
2000-10-03,209.4739,
2000-10-04,209.5734,
2000-10-05,209.6313,
2000-10-06,209.5957,
2000-10-07,.,No value available
2000-10-08,.,No value available
2000-10-09,209.6973,
2000-10-10,209.6934,
2000-10-11,209.7742,
2000-10-12,210.1316,
2000-10-13,209.8451,
2000-10-14,.,No value available
2000-10-15,.,No value available
2000-10-16,210.1872,
2000-10-17,210.2329,
2000-10-18,210.2692,
2000-10-19,210.3127,
2000-10-20,210.1189,
2000-10-21,.,No value available
2000-10-22,.,No value available
2000-10-23,210.1242,
2000-10-24,210.2834,
2000-10-25,210.2134,
2000-10-26,210.1468,
2000-10-27,210.3512,
2000-10-28,.,No value available
2000-10-29,.,No value available
2000-10-30,210.3458,
2000-10-31,210.3455,
2000-11-01,210.4025,
2000-11-02,210.2968,
2000-11-03,210.5481,
2000-11-04,.,No value available
2000-11-05,.,No value available
2000-11-06,210.5481,
2000-11-07,210.6076,
2000-11-08,211.1478,
2000-11-09,211.3478,
2000-11-10,211.3658,
2000-11-11,.,No value available
2000-11-12,.,No value available
2000-11-13,211.5735,
2000-11-14,211.3847,
2000-11-15,211.4634,
2000-11-16,211.5167,
2000-11-17,211.5828,
2000-11-18,.,No value available
2000-11-19,.,No value available
2000-11-20,211.6429,
2000-11-21,211.6433,
2000-11-22,211.7365,
2000-11-23,211.7276,
2000-11-24,211.8494,
2000-11-25,.,No value available
2000-11-26,.,No value available
2000-11-27,211.9318,
2000-11-28,211.9876,
2000-11-29,212.2147,
2000-11-30,212.3413,
2000-12-01,212.3641,
2000-12-02,.,No value available
2000-12-03,.,No value available
2000-12-04,212.3755,
2000-12-05,212.6328,
2000-12-06,212.4184,
2000-12-07,212.7655,
2000-12-08,212.5750,
2000-12-09,.,No value available
2000-12-10,.,No value available
2000-12-11,212.9963,
2000-12-12,213.1835,
2000-12-13,212.8472,
2000-12-14,213.1167,
2000-12-15,213.2534,
2000-12-16,.,No value available
2000-12-17,.,No value available
2000-12-18,213.3139,
2000-12-19,212.8468,
2000-12-20,213.2296,
2000-12-21,213.3675,
2000-12-22,213.5664,
2000-12-23,.,No value available
2000-12-24,.,No value available
2000-12-25,.,No value available
2000-12-26,.,No value available
2000-12-27,213.1542,
2000-12-28,213.5990,
2000-12-29,213.5401,
2000-12-30,.,No value available
2000-12-31,.,No value available
2001-01-01,.,No value available
2001-01-02,213.4667,
2001-01-03,213.5525,
2001-01-04,213.4939,
2001-01-05,213.6771,
2001-01-06,.,No value available
2001-01-07,.,No value available
2001-01-08,213.8375,
2001-01-09,213.8350,
2001-01-10,214.1316,
2001-01-11,214.3259,
2001-01-12,214.6557,
2001-01-13,.,No value available
2001-01-14,.,No value available
2001-01-15,214.6146,
2001-01-16,214.6781,
2001-01-17,214.4286,
2001-01-18,214.5294,
2001-01-19,214.5422,
2001-01-20,.,No value available
2001-01-21,.,No value available
2001-01-22,214.7986,
2001-01-23,214.6993,
2001-01-24,214.8260,
2001-01-25,214.8543,
2001-01-26,214.8674,
2001-01-27,.,No value available
2001-01-28,.,No value available
2001-01-29,214.9164,
2001-01-30,214.9908,
2001-01-31,215.1859,
2001-02-01,215.4743,
2001-02-02,215.5641,
2001-02-03,.,No value available
2001-02-04,.,No value available
2001-02-05,215.5753,
2001-02-06,215.5621,
2001-02-07,215.5731,
2001-02-08,215.5427,
2001-02-09,215.5646,
2001-02-10,.,No value available
2001-02-11,.,No value available
2001-02-12,215.6325,
2001-02-13,215.5766,
2001-02-14,215.6163,
2001-02-15,215.6559,
2001-02-16,215.5735,
2001-02-17,.,No value available
2001-02-18,.,No value available
2001-02-19,215.3865,
2001-02-20,215.6414,
2001-02-21,215.5385,
2001-02-22,215.5925,
2001-02-23,215.4756,
2001-02-24,.,No value available
2001-02-25,.,No value available
2001-02-26,215.5435,
2001-02-27,215.5218,
2001-02-28,215.3369,
2001-03-01,215.4850,
2001-03-02,215.6325,
2001-03-03,.,No value available
2001-03-04,.,No value available
2001-03-05,215.7575,
2001-03-06,215.7347,
2001-03-07,215.9824,
2001-03-08,215.8215,
2001-03-09,215.9898,
2001-03-10,.,No value available
2001-03-11,.,No value available
2001-03-12,216.0792,
2001-03-13,216.2351,
2001-03-14,216.1227,
2001-03-15,216.2750,
2001-03-16,216.1492,
2001-03-17,.,No value available
2001-03-18,.,No value available
2001-03-19,216.4137,
2001-03-20,216.2636,
2001-03-21,216.2497,
2001-03-22,216.3283,
2001-03-23,216.0762,
2001-03-24,.,No value available
2001-03-25,.,No value available
2001-03-26,216.1516,
2001-03-27,216.1050,
2001-03-28,215.8396,
2001-03-29,216.2483,
2001-03-30,216.2158,
2001-03-31,.,No value available
2001-04-01,.,No value available
2001-04-02,216.2249,
2001-04-03,216.2251,
2001-04-04,216.1913,
2001-04-05,216.2156,
2001-04-06,216.1859,
2001-04-07,.,No value available
2001-04-08,.,No value available
2001-04-09,216.1567,
2001-04-10,216.1953,
2001-04-11,216.3326,
2001-04-12,216.3981,
2001-04-13,.,No value available
2001-04-14,.,No value available
2001-04-15,.,No value available
2001-04-16,.,No value available
2001-04-17,216.4722,
2001-04-18,216.4819,
2001-04-19,216.4954,
2001-04-20,216.4479,
2001-04-21,.,No value available
2001-04-22,.,No value available
2001-04-23,216.3992,
2001-04-24,216.4589,
2001-04-25,216.4737,
2001-04-26,216.7356,
2001-04-27,216.6871,
2001-04-28,.,No value available
2001-04-29,.,No value available
2001-04-30,216.5875,
2001-05-01,.,No value available
2001-05-02,216.5883,
2001-05-03,216.5632,
2001-05-04,216.4874,
2001-05-05,.,No value available
2001-05-06,.,No value available
2001-05-07,216.5919,
2001-05-08,217.2649,
2001-05-09,217.4417,
2001-05-10,217.3868,
2001-05-11,217.4582,
2001-05-12,.,No value available
2001-05-13,.,No value available
2001-05-14,217.4656,
2001-05-15,217.4657,
2001-05-16,217.5858,
2001-05-17,217.4837,
2001-05-18,217.6239,
2001-05-19,.,No value available
2001-05-20,.,No value available
2001-05-21,217.3968,
2001-05-22,217.4475,
2001-05-23,217.5566,
2001-05-24,217.6081,
2001-05-25,217.5566,
2001-05-26,.,No value available
2001-05-27,.,No value available
2001-05-28,217.5324,
2001-05-29,217.5675,
2001-05-30,217.9477,
2001-05-31,217.6353,
2001-06-01,217.7282,
2001-06-02,.,No value available
2001-06-03,.,No value available
2001-06-04,217.6603,
2001-06-05,217.7237,
2001-06-06,217.6677,
2001-06-07,217.6993,
2001-06-08,217.5246,
2001-06-09,.,No value available
2001-06-10,.,No value available
2001-06-11,217.7358,
2001-06-12,217.7257,
2001-06-13,217.8758,
2001-06-14,217.8503,
2001-06-15,217.7753,
2001-06-16,.,No value available
2001-06-17,.,No value available
2001-06-18,217.9914,
2001-06-19,218.0567,
2001-06-20,218.0433,
2001-06-21,218.0321,
2001-06-22,218.1335,
2001-06-23,.,No value available
2001-06-24,.,No value available
2001-06-25,217.9930,
2001-06-26,218.4257,
2001-06-27,218.1883,
2001-06-28,218.1372,
2001-06-29,218.4195,
2001-06-30,.,No value available
2001-07-01,.,No value available
2001-07-02,218.3238,
2001-07-03,218.1227,
2001-07-04,218.3365,
2001-07-05,218.6776,
2001-07-06,218.5116,
2001-07-07,.,No value available
2001-07-08,.,No value available
2001-07-09,218.8261,
2001-07-10,218.6537,
2001-07-11,218.7670,
2001-07-12,218.9185,
2001-07-13,218.8118,
2001-07-14,.,No value available
2001-07-15,.,No value available
2001-07-16,218.8761,
2001-07-17,218.8442,
2001-07-18,218.8193,
2001-07-19,218.9614,
2001-07-20,218.9110,
2001-07-21,.,No value available
2001-07-22,.,No value available
2001-07-23,218.9239,
2001-07-24,218.7672,
2001-07-25,218.9625,
2001-07-26,218.9854,
2001-07-27,219.1594,
2001-07-28,.,No value available
2001-07-29,.,No value available
2001-07-30,219.2708,
2001-07-31,219.2314,
2001-08-01,219.1926,
2001-08-02,219.2893,
2001-08-03,219.2738,
2001-08-04,.,No value available
2001-08-05,.,No value available
2001-08-06,219.2446,
2001-08-07,219.2182,
2001-08-08,219.3279,
2001-08-09,219.4250,
2001-08-10,219.6050,
2001-08-11,.,No value available
2001-08-12,.,No value available
2001-08-13,219.5352,
2001-08-14,219.5500,
2001-08-15,219.5000,
2001-08-16,219.6274,
2001-08-17,219.5267,
2001-08-18,.,No value available
2001-08-19,.,No value available
2001-08-20,219.4599,
2001-08-21,219.5238,
2001-08-22,219.5332,
2001-08-23,219.5729,
2001-08-24,219.8396,
2001-08-25,.,No value available
2001-08-26,.,No value available
2001-08-27,219.6478,
2001-08-28,219.6514,
2001-08-29,219.7966,
2001-08-30,219.7500,
2001-08-31,219.5633,
2001-09-01,.,No value available
2001-09-02,.,No value available
2001-09-03,219.6240,
2001-09-04,219.7255,
2001-09-05,219.8458,
2001-09-06,219.7422,
2001-09-07,219.6128,
2001-09-08,.,No value available
2001-09-09,.,No value available
2001-09-10,219.6264,
2001-09-11,219.7513,
2001-09-12,219.6846,
2001-09-13,219.7971,
2001-09-14,219.6565,
2001-09-15,.,No value available
2001-09-16,.,No value available
2001-09-17,219.7479,
2001-09-18,219.8221,
2001-09-19,219.8358,
2001-09-20,219.8592,
2001-09-21,219.9148,
2001-09-22,.,No value available
2001-09-23,.,No value available
2001-09-24,220.1875,
2001-09-25,220.1850,
2001-09-26,219.9884,
2001-09-27,219.9856,
2001-09-28,220.0282,
2001-09-29,.,No value available
2001-09-30,.,No value available
2001-10-01,220.1527,
2001-10-02,220.1556,
2001-10-03,220.1347,
2001-10-04,220.1251,
2001-10-05,220.1586,
2001-10-06,.,No value available
2001-10-07,.,No value available
2001-10-08,220.1438,
2001-10-09,220.1935,
2001-10-10,220.1867,
2001-10-11,220.1957,
2001-10-12,220.3415,
2001-10-13,.,No value available
2001-10-14,.,No value available
2001-10-15,220.2458,
2001-10-16,220.1825,
2001-10-17,220.1246,
2001-10-18,220.2886,
2001-10-19,220.2675,
2001-10-20,.,No value available
2001-10-21,.,No value available
2001-10-22,220.3275,
2001-10-23,220.3050,
2001-10-24,220.2935,
2001-10-25,220.3384,
2001-10-26,220.3450,
2001-10-27,.,No value available
2001-10-28,.,No value available
2001-10-29,220.0893,
2001-10-30,220.1887,
2001-10-31,220.1475,
2001-11-01,220.1550,
2001-11-02,220.4768,
2001-11-03,.,No value available
2001-11-04,.,No value available
2001-11-05,220.3197,
2001-11-06,220.4921,
2001-11-07,220.3620,
2001-11-08,220.4751,
2001-11-09,220.4728,
2001-11-10,.,No value available
2001-11-11,.,No value available
2001-11-12,220.1500,
2001-11-13,219.9793,
2001-11-14,220.0253,
2001-11-15,219.8917,
2001-11-16,219.6021,
2001-11-17,.,No value available
2001-11-18,.,No value available
2001-11-19,220.2870,
2001-11-20,220.2992,
2001-11-21,220.1185,
2001-11-22,220.3128,
2001-11-23,220.2752,
2001-11-24,.,No value available
2001-11-25,.,No value available
2001-11-26,219.9996,
2001-11-27,219.5411,
2001-11-28,219.5688,
2001-11-29,219.9513,
2001-11-30,219.5527,
2001-12-01,.,No value available
2001-12-02,.,No value available
2001-12-03,219.6273,
2001-12-04,219.8381,
2001-12-05,219.8143,
2001-12-06,219.6729,
2001-12-07,219.7124,
2001-12-08,.,No value available
2001-12-09,.,No value available
2001-12-10,218.9790,
2001-12-11,219.8265,
2001-12-12,219.9897,
2001-12-13,219.9876,
2001-12-14,219.9644,
2001-12-15,.,No value available
2001-12-16,.,No value available
2001-12-17,219.9981,
2001-12-18,219.9014,
2001-12-19,219.1653,
2001-12-20,218.6214,
2001-12-21,218.6593,
2001-12-22,.,No value available
2001-12-23,.,No value available
2001-12-24,218.8489,
2001-12-25,.,No value available
2001-12-26,.,No value available
2001-12-27,218.8137,
2001-12-28,218.8364,
2001-12-29,.,No value available
2001-12-30,.,No value available
2001-12-31,.,No value available
2002-01-01,.,No value available
2002-01-02,216.7703,
2002-01-03,220.3297,
2002-01-04,217.6852,
2002-01-05,.,No value available
2002-01-06,.,No value available
2002-01-07,217.9977,
2002-01-08,216.4417,
2002-01-09,218.6013,
2002-01-10,218.7639,
2002-01-11,218.4235,
2002-01-12,.,No value available
2002-01-13,.,No value available
2002-01-14,219.9625,
2002-01-15,218.6726,
2002-01-16,219.8864,
2002-01-17,220.2523,
2002-01-18,219.9651,
2002-01-19,.,No value available
2002-01-20,.,No value available
2002-01-21,219.9364,
2002-01-22,220.3887,
2002-01-23,220.6118,
2002-01-24,220.5543,
2002-01-25,220.8115,
2002-01-26,.,No value available
2002-01-27,.,No value available
2002-01-28,220.9393,
2002-01-29,222.0085,
2002-01-30,221.9528,
2002-01-31,222.2644,
2002-02-01,222.5979,
2002-02-02,.,No value available
2002-02-03,.,No value available
2002-02-04,222.7735,
2002-02-05,222.7545,
2002-02-06,222.7125,
2002-02-07,222.3532,
2002-02-08,222.3532,
2002-02-09,.,No value available
2002-02-10,.,No value available
2002-02-11,222.5116,
2002-02-12,222.2654,
2002-02-13,221.9627,
2002-02-14,221.8263,
2002-02-15,222.4737,
2002-02-16,.,No value available
2002-02-17,.,No value available
2002-02-18,222.1152,
2002-02-19,223.1876,
2002-02-20,222.6186,
2002-02-21,223.0854,
2002-02-22,223.3361,
2002-02-23,.,No value available
2002-02-24,.,No value available
2002-02-25,223.3524,
2002-02-26,223.4252,
2002-02-27,223.2652,
2002-02-28,223.4338,
2002-03-01,223.6432,
2002-03-02,.,No value available
2002-03-03,.,No value available
2002-03-04,223.0839,
2002-03-05,223.2141,
2002-03-06,223.1622,
2002-03-07,223.5127,
2002-03-08,223.2836,
2002-03-09,.,No value available
2002-03-10,.,No value available
2002-03-11,223.3151,
2002-03-12,223.2245,
2002-03-13,223.4026,
2002-03-14,223.4784,
2002-03-15,223.7849,
2002-03-16,.,No value available
2002-03-17,.,No value available
2002-03-18,223.7291,
2002-03-19,223.6921,
2002-03-20,223.7476,
2002-03-21,223.8747,
2002-03-22,223.8733,
2002-03-23,.,No value available
2002-03-24,.,No value available
2002-03-25,223.8901,
2002-03-26,223.6004,
2002-03-27,223.6012,
2002-03-28,223.7477,
2002-03-29,.,No value available
2002-03-30,.,No value available
2002-03-31,.,No value available
2002-04-01,.,No value available
2002-04-02,223.9371,
2002-04-03,223.8476,
2002-04-04,223.9723,
2002-04-05,223.8734,
2002-04-06,.,No value available
2002-04-07,.,No value available
2002-04-08,223.9627,
2002-04-09,224.1386,
2002-04-10,224.1383,
2002-04-11,224.1146,
2002-04-12,224.0623,
2002-04-13,.,No value available
2002-04-14,.,No value available
2002-04-15,224.1487,
2002-04-16,224.1253,
2002-04-17,224.3860,
2002-04-18,224.4771,
2002-04-19,224.6264,
2002-04-20,.,No value available
2002-04-21,.,No value available
2002-04-22,224.6127,
2002-04-23,224.8710,
2002-04-24,224.8232,
2002-04-25,224.9638,
2002-04-26,224.7882,
2002-04-27,.,No value available
2002-04-28,.,No value available
2002-04-29,224.9921,
2002-04-30,224.9846,
2002-05-01,.,No value available
2002-05-02,224.9723,
2002-05-03,225.1646,
2002-05-04,.,No value available
2002-05-05,.,No value available
2002-05-06,225.1882,
2002-05-07,225.3362,
2002-05-08,225.2634,
2002-05-09,225.3225,
2002-05-10,224.9177,
2002-05-11,.,No value available
2002-05-12,.,No value available
2002-05-13,224.8740,
2002-05-14,225.4275,
2002-05-15,225.2690,
2002-05-16,225.0549,
2002-05-17,224.9307,
2002-05-18,.,No value available
2002-05-19,.,No value available
2002-05-20,225.2957,
2002-05-21,225.3108,
2002-05-22,225.1129,
2002-05-23,225.2625,
2002-05-24,225.2851,
2002-05-25,.,No value available
2002-05-26,.,No value available
2002-05-27,225.3786,
2002-05-28,225.3461,
2002-05-29,225.2843,
2002-05-30,225.5733,
2002-05-31,225.4898,
2002-06-01,.,No value available
2002-06-02,.,No value available
2002-06-03,225.5050,
2002-06-04,225.6141,
2002-06-05,225.7521,
2002-06-06,225.8761,
2002-06-07,225.6973,
2002-06-08,.,No value available
2002-06-09,.,No value available
2002-06-10,225.8757,
2002-06-11,225.8650,
2002-06-12,225.9489,
2002-06-13,225.9614,
2002-06-14,226.0296,
2002-06-15,.,No value available
2002-06-16,.,No value available
2002-06-17,226.0561,
2002-06-18,226.0961,
2002-06-19,226.1154,
2002-06-20,226.1849,
2002-06-21,226.2744,
2002-06-22,.,No value available
2002-06-23,.,No value available
2002-06-24,226.2657,
2002-06-25,226.2741,
2002-06-26,226.1586,
2002-06-27,225.9877,
2002-06-28,226.5672,
2002-06-29,.,No value available
2002-06-30,.,No value available
2002-07-01,226.1959,
2002-07-02,226.1952,
2002-07-03,226.1949,
2002-07-04,226.1842,
2002-07-05,226.1348,
2002-07-06,.,No value available
2002-07-07,.,No value available
2002-07-08,226.2177,
2002-07-09,226.6885,
2002-07-10,226.1465,
2002-07-11,226.1610,
2002-07-12,226.1963,
2002-07-13,.,No value available
2002-07-14,.,No value available
2002-07-15,226.7767,
2002-07-16,226.7795,
2002-07-17,226.5522,
2002-07-18,226.9361,
2002-07-19,226.4019,
2002-07-20,.,No value available
2002-07-21,.,No value available
2002-07-22,227.0215,
2002-07-23,226.6840,
2002-07-24,227.0066,
2002-07-25,226.8560,
2002-07-26,227.0791,
2002-07-27,.,No value available
2002-07-28,.,No value available
2002-07-29,226.8919,
2002-07-30,226.9728,
2002-07-31,227.0066,
2002-08-01,226.8914,
2002-08-02,226.9765,
2002-08-03,.,No value available
2002-08-04,.,No value available
2002-08-05,227.0077,
2002-08-06,227.1978,
2002-08-07,227.2338,
2002-08-08,227.2814,
2002-08-09,227.2312,
2002-08-10,.,No value available
2002-08-11,.,No value available
2002-08-12,227.2786,
2002-08-13,227.3154,
2002-08-14,227.1859,
2002-08-15,227.3593,
2002-08-16,227.2656,
2002-08-17,.,No value available
2002-08-18,.,No value available
2002-08-19,227.4495,
2002-08-20,227.3318,
2002-08-21,226.9818,
2002-08-22,227.2972,
2002-08-23,227.4896,
2002-08-24,.,No value available
2002-08-25,.,No value available
2002-08-26,226.5232,
2002-08-27,226.6621,
2002-08-28,227.3372,
2002-08-29,227.5537,
2002-08-30,227.6933,
2002-08-31,.,No value available
2002-09-01,.,No value available
2002-09-02,227.6115,
2002-09-03,227.7253,
2002-09-04,227.8882,
2002-09-05,227.8874,
2002-09-06,227.8284,
2002-09-07,.,No value available
2002-09-08,.,No value available
2002-09-09,227.8788,
2002-09-10,227.9550,
2002-09-11,228.0400,
2002-09-12,228.0255,
2002-09-13,228.0396,
2002-09-14,.,No value available
2002-09-15,.,No value available
2002-09-16,228.1500,
2002-09-17,228.2132,
2002-09-18,228.2114,
2002-09-19,228.1936,
2002-09-20,228.2800,
2002-09-21,.,No value available
2002-09-22,.,No value available
2002-09-23,228.1515,
2002-09-24,228.1250,
2002-09-25,228.2565,
2002-09-26,227.9500,
2002-09-27,228.2150,
2002-09-28,.,No value available
2002-09-29,.,No value available
2002-09-30,228.3050,
2002-10-01,227.9173,
2002-10-02,228.4350,
2002-10-03,228.4354,
2002-10-04,228.5250,
2002-10-05,.,No value available
2002-10-06,.,No value available
2002-10-07,228.5200,
2002-10-08,228.4512,
2002-10-09,228.5900,
2002-10-10,228.5750,
2002-10-11,228.6600,
2002-10-12,.,No value available
2002-10-13,.,No value available
2002-10-14,228.6550,
2002-10-15,228.6550,
2002-10-16,228.7450,
2002-10-17,228.7750,
2002-10-18,228.8200,
2002-10-19,.,No value available
2002-10-20,.,No value available
2002-10-21,228.9050,
2002-10-22,228.8993,
2002-10-23,228.8950,
2002-10-24,228.9000,
2002-10-25,228.9750,
2002-10-26,.,No value available
2002-10-27,.,No value available
2002-10-28,228.9750,
2002-10-29,229.2013,
2002-10-30,229.2191,
2002-10-31,229.1250,
2002-11-01,229.1250,
2002-11-02,.,No value available
2002-11-03,.,No value available
2002-11-04,229.1800,
2002-11-05,229.1650,
2002-11-06,229.3125,
2002-11-07,229.2750,
2002-11-08,229.2650,
2002-11-09,.,No value available
2002-11-10,.,No value available
2002-11-11,229.3250,
2002-11-12,229.2700,
2002-11-13,229.3750,
2002-11-14,229.3650,
2002-11-15,229.3900,
2002-11-16,.,No value available
2002-11-17,.,No value available
2002-11-18,229.0900,
2002-11-19,229.8515,
2002-11-20,229.5750,
2002-11-21,230.1500,
2002-11-22,229.7227,
2002-11-23,.,No value available
2002-11-24,.,No value available
2002-11-25,229.6250,
2002-11-26,229.2525,
2002-11-27,229.7227,
2002-11-28,229.7635,
2002-11-29,229.9512,
2002-11-30,.,No value available
2002-12-01,.,No value available
2002-12-02,229.8125,
2002-12-03,229.8926,
2002-12-04,229.8615,
2002-12-05,229.8812,
2002-12-06,229.8850,
2002-12-07,.,No value available
2002-12-08,.,No value available
2002-12-09,229.8700,
2002-12-10,229.8850,
2002-12-11,230.0815,
2002-12-12,230.1213,
2002-12-13,230.1873,
2002-12-14,.,No value available
2002-12-15,.,No value available
2002-12-16,230.1735,
2002-12-17,230.0612,
2002-12-18,230.0950,
2002-12-19,229.9854,
2002-12-20,230.0615,
2002-12-21,.,No value available
2002-12-22,.,No value available
2002-12-23,230.0315,
2002-12-24,230.0350,
2002-12-25,.,No value available
2002-12-26,.,No value available
2002-12-27,230.1300,
2002-12-28,.,No value available
2002-12-29,.,No value available
2002-12-30,230.1208,
2002-12-31,230.1577,
2003-01-01,.,No value available
2003-01-02,230.3250,
2003-01-03,230.3050,
2003-01-04,.,No value available
2003-01-05,.,No value available
2003-01-06,230.3050,
2003-01-07,230.5252,
2003-01-08,230.5165,
2003-01-09,230.5425,
2003-01-10,230.5950,
2003-01-11,.,No value available
2003-01-12,.,No value available
2003-01-13,230.6135,
2003-01-14,230.6825,
2003-01-15,230.5262,
2003-01-16,230.7225,
2003-01-17,230.7750,
2003-01-18,.,No value available
2003-01-19,.,No value available
2003-01-20,230.7715,
2003-01-21,230.8125,
2003-01-22,230.8100,
2003-01-23,230.8525,
2003-01-24,230.8465,
2003-01-25,.,No value available
2003-01-26,.,No value available
2003-01-27,230.9512,
2003-01-28,230.9552,
2003-01-29,230.9350,
2003-01-30,231.0800,
2003-01-31,231.0725,
2003-02-01,.,No value available
2003-02-02,.,No value available
2003-02-03,231.0655,
2003-02-04,231.1415,
2003-02-05,231.1975,
2003-02-06,231.1213,
2003-02-07,231.1913,
2003-02-08,.,No value available
2003-02-09,.,No value available
2003-02-10,231.2050,
2003-02-11,231.3300,
2003-02-12,231.3152,
2003-02-13,231.3252,
2003-02-14,231.2224,
2003-02-15,.,No value available
2003-02-16,.,No value available
2003-02-17,231.3582,
2003-02-18,231.4250,
2003-02-19,231.4455,
2003-02-20,231.4314,
2003-02-21,231.5251,
2003-02-22,.,No value available
2003-02-23,.,No value available
2003-02-24,231.5250,
2003-02-25,231.5525,
2003-02-26,231.6325,
2003-02-27,231.6350,
2003-02-28,231.6825,
2003-03-01,.,No value available
2003-03-02,.,No value available
2003-03-03,231.7320,
2003-03-04,231.7250,
2003-03-05,231.7425,
2003-03-06,231.5655,
2003-03-07,231.8525,
2003-03-08,.,No value available
2003-03-09,.,No value available
2003-03-10,231.8825,
2003-03-11,231.8850,
2003-03-12,231.8850,
2003-03-13,231.9425,
2003-03-14,231.9120,
2003-03-15,.,No value available
2003-03-16,.,No value available
2003-03-17,231.9250,
2003-03-18,231.9850,
2003-03-19,231.9725,
2003-03-20,231.9048,
2003-03-21,231.7525,
2003-03-22,.,No value available
2003-03-23,.,No value available
2003-03-24,231.3225,
2003-03-25,231.6325,
2003-03-26,231.6125,
2003-03-27,231.7715,
2003-03-28,231.9525,
2003-03-29,.,No value available
2003-03-30,.,No value available
2003-03-31,231.9914,
2003-04-01,232.2000,
2003-04-02,232.2152,
2003-04-03,232.0224,
2003-04-04,232.0255,
2003-04-05,.,No value available
2003-04-06,.,No value available
2003-04-07,232.0655,
2003-04-08,232.1755,
2003-04-09,232.1465,
2003-04-10,232.2255,
2003-04-11,232.2565,
2003-04-12,.,No value available
2003-04-13,.,No value available
2003-04-14,232.3652,
2003-04-15,232.3754,
2003-04-16,232.4355,
2003-04-17,232.4165,
2003-04-18,.,No value available
2003-04-19,.,No value available
2003-04-20,.,No value available
2003-04-21,.,No value available
2003-04-22,232.4776,
2003-04-23,232.4750,
2003-04-24,232.2565,
2003-04-25,232.3872,
2003-04-26,.,No value available
2003-04-27,.,No value available
2003-04-28,232.5525,
2003-04-29,232.5825,
2003-04-30,232.6155,
2003-05-01,.,No value available
2003-05-02,232.7250,
2003-05-03,.,No value available
2003-05-04,.,No value available
2003-05-05,232.7516,
2003-05-06,232.6633,
2003-05-07,232.7516,
2003-05-08,232.9050,
2003-05-09,232.9650,
2003-05-10,.,No value available
2003-05-11,.,No value available
2003-05-12,232.9850,
2003-05-13,233.0450,
2003-05-14,233.0900,
2003-05-15,233.1000,
2003-05-16,233.0852,
2003-05-17,.,No value available
2003-05-18,.,No value available
2003-05-19,233.1123,
2003-05-20,233.1225,
2003-05-21,233.1328,
2003-05-22,233.1115,
2003-05-23,233.2300,
2003-05-24,.,No value available
2003-05-25,.,No value available
2003-05-26,233.2450,
2003-05-27,233.3050,
2003-05-28,233.1210,
2003-05-29,232.1594,
2003-05-30,233.2000,
2003-05-31,.,No value available
2003-06-01,.,No value available
2003-06-02,233.2200,
2003-06-03,233.3500,
2003-06-04,233.3450,
2003-06-05,233.4050,
2003-06-06,233.4550,
2003-06-07,.,No value available
2003-06-08,.,No value available
2003-06-09,233.4500,
2003-06-10,233.5500,
2003-06-11,233.6350,
2003-06-12,233.7050,
2003-06-13,233.7150,
2003-06-14,.,No value available
2003-06-15,.,No value available
2003-06-16,233.7150,
2003-06-17,233.6750,
2003-06-18,233.7850,
2003-06-19,233.7750,
2003-06-20,233.7650,
2003-06-21,.,No value available
2003-06-22,.,No value available
2003-06-23,233.8650,
2003-06-24,233.8750,
2003-06-25,233.8850,
2003-06-26,233.8740,
2003-06-27,233.8650,
2003-06-28,.,No value available
2003-06-29,.,No value available
2003-06-30,233.9520,
2003-07-01,233.8700,
2003-07-02,234.0480,
2003-07-03,234.1450,
2003-07-04,234.2050,
2003-07-05,.,No value available
2003-07-06,.,No value available
2003-07-07,234.3500,
2003-07-08,234.4250,
2003-07-09,234.4150,
2003-07-10,234.4350,
2003-07-11,234.3250,
2003-07-12,.,No value available
2003-07-13,.,No value available
2003-07-14,234.4350,
2003-07-15,234.5000,
2003-07-16,234.5500,
2003-07-17,234.5250,
2003-07-18,234.5350,
2003-07-19,.,No value available
2003-07-20,.,No value available
2003-07-21,234.5500,
2003-07-22,234.5100,
2003-07-23,234.5500,
2003-07-24,234.5250,
2003-07-25,234.4950,
2003-07-26,.,No value available
2003-07-27,.,No value available
2003-07-28,234.6000,
2003-07-29,234.6000,
2003-07-30,234.6600,
2003-07-31,234.7950,
2003-08-01,234.7600,
2003-08-02,.,No value available
2003-08-03,.,No value available
2003-08-04,234.7750,
2003-08-05,234.7950,
2003-08-06,234.8400,
2003-08-07,234.9150,
2003-08-08,234.9450,
2003-08-09,.,No value available
2003-08-10,.,No value available
2003-08-11,234.9650,
2003-08-12,234.9950,
2003-08-13,235.0050,
2003-08-14,235.0550,
2003-08-15,235.0200,
2003-08-16,.,No value available
2003-08-17,.,No value available
2003-08-18,235.0850,
2003-08-19,235.1150,
2003-08-20,235.1450,
2003-08-21,235.1600,
2003-08-22,235.2000,
2003-08-23,.,No value available
2003-08-24,.,No value available
2003-08-25,234.9500,
2003-08-26,234.9600,
2003-08-27,235.0100,
2003-08-28,235.1200,
2003-08-29,235.1050,
2003-08-30,.,No value available
2003-08-31,.,No value available
2003-09-01,235.0500,
2003-09-02,235.0400,
2003-09-03,235.0350,
2003-09-04,235.1250,
2003-09-05,235.1800,
2003-09-06,.,No value available
2003-09-07,.,No value available
2003-09-08,235.1050,
2003-09-09,235.0100,
2003-09-10,235.1200,
2003-09-11,235.1650,
2003-09-12,235.1900,
2003-09-13,.,No value available
2003-09-14,.,No value available
2003-09-15,235.1900,
2003-09-16,235.2400,
2003-09-17,235.2300,
2003-09-18,235.2350,
2003-09-19,235.2650,
2003-09-20,.,No value available
2003-09-21,.,No value available
2003-09-22,235.2550,
2003-09-23,235.3750,
2003-09-24,235.3600,
2003-09-25,235.3700,
2003-09-26,235.3700,
2003-09-27,.,No value available
2003-09-28,.,No value available
2003-09-29,235.4600,
2003-09-30,235.4950,
2003-10-01,235.4500,
2003-10-02,235.7000,
2003-10-03,235.6700,
2003-10-04,.,No value available
2003-10-05,.,No value available
2003-10-06,235.6700,
2003-10-07,235.7400,
2003-10-08,235.7700,
2003-10-09,235.7750,
2003-10-10,235.8000,
2003-10-11,.,No value available
2003-10-12,.,No value available
2003-10-13,235.6500,
2003-10-14,235.6500,
2003-10-15,235.6800,
2003-10-16,235.6900,
2003-10-17,235.6000,
2003-10-18,.,No value available
2003-10-19,.,No value available
2003-10-20,235.6000,
2003-10-21,235.5800,
2003-10-22,235.5900,
2003-10-23,235.5500,
2003-10-24,235.5800,
2003-10-25,.,No value available
2003-10-26,.,No value available
2003-10-27,235.6000,
2003-10-28,235.6800,
2003-10-29,235.7000,
2003-10-30,235.8000,
2003-10-31,235.8000,
2003-11-01,.,No value available
2003-11-02,.,No value available
2003-11-03,235.7800,
2003-11-04,236.0000,
2003-11-05,236.0100,
2003-11-06,236.0000,
2003-11-07,235.9500,
2003-11-08,.,No value available
2003-11-09,.,No value available
2003-11-10,235.9900,
2003-11-11,236.0200,
2003-11-12,236.0300,
2003-11-13,236.0600,
2003-11-14,236.1500,
2003-11-15,.,No value available
2003-11-16,.,No value available
2003-11-17,236.1150,
2003-11-18,236.1100,
2003-11-19,236.0500,
2003-11-20,236.1800,
2003-11-21,236.3000,
2003-11-22,.,No value available
2003-11-23,.,No value available
2003-11-24,236.3050,
2003-11-25,236.3150,
2003-11-26,236.4700,
2003-11-27,236.4500,
2003-11-28,236.4050,
2003-11-29,.,No value available
2003-11-30,.,No value available
2003-12-01,236.4250,
2003-12-02,236.4150,
2003-12-03,236.4850,
2003-12-04,236.5000,
2003-12-05,236.5150,
2003-12-06,.,No value available
2003-12-07,.,No value available
2003-12-08,236.6050,
2003-12-09,236.6300,
2003-12-10,236.6150,
2003-12-11,236.6500,
2003-12-12,236.6400,
2003-12-13,.,No value available
2003-12-14,.,No value available
2003-12-15,236.6600,
2003-12-16,236.6700,
2003-12-17,236.7400,
2003-12-18,236.7700,
2003-12-19,236.8000,
2003-12-20,.,No value available
2003-12-21,.,No value available
2003-12-22,236.8500,
2003-12-23,236.8300,
2003-12-24,236.8100,
2003-12-25,.,No value available
2003-12-26,.,No value available
2003-12-27,.,No value available
2003-12-28,.,No value available
2003-12-29,236.8300,
2003-12-30,236.8500,
2003-12-31,236.7000,
2004-01-01,.,No value available
2004-01-02,236.8500,
2004-01-03,.,No value available
2004-01-04,.,No value available
2004-01-05,236.9700,
2004-01-06,237.0000,
2004-01-07,237.0500,
2004-01-08,237.1300,
2004-01-09,237.3500,
2004-01-10,.,No value available
2004-01-11,.,No value available
2004-01-12,237.3200,
2004-01-13,237.4000,
2004-01-14,237.4300,
2004-01-15,237.5400,
2004-01-16,237.5500,
2004-01-17,.,No value available
2004-01-18,.,No value available
2004-01-19,237.6000,
2004-01-20,237.5300,
2004-01-21,237.4000,
2004-01-22,237.4000,
2004-01-23,237.3600,
2004-01-24,.,No value available
2004-01-25,.,No value available
2004-01-26,237.3500,
2004-01-27,237.3400,
2004-01-28,237.3800,
2004-01-29,237.4000,
2004-01-30,237.3000,
2004-01-31,.,No value available
2004-02-01,.,No value available
2004-02-02,237.3000,
2004-02-03,237.2500,
2004-02-04,237.3200,
2004-02-05,237.3100,
2004-02-06,237.3200,
2004-02-07,.,No value available
2004-02-08,.,No value available
2004-02-09,237.3500,
2004-02-10,237.3700,
2004-02-11,237.4100,
2004-02-12,237.4200,
2004-02-13,237.4100,
2004-02-14,.,No value available
2004-02-15,.,No value available
2004-02-16,237.5000,
2004-02-17,237.5400,
2004-02-18,237.6000,
2004-02-19,237.5800,
2004-02-20,237.6100,
2004-02-21,.,No value available
2004-02-22,.,No value available
2004-02-23,237.6450,
2004-02-24,237.7000,
2004-02-25,237.7200,
2004-02-26,237.9100,
2004-02-27,237.9800,
2004-02-28,.,No value available
2004-02-29,.,No value available
2004-03-01,237.9600,
2004-03-02,237.9900,
2004-03-03,237.9800,
2004-03-04,237.9300,
2004-03-05,237.9600,
2004-03-06,.,No value available
2004-03-07,.,No value available
2004-03-08,238.0700,
2004-03-09,238.0000,
2004-03-10,238.0400,
2004-03-11,238.0500,
2004-03-12,238.0000,
2004-03-13,.,No value available
2004-03-14,.,No value available
2004-03-15,238.0200,
2004-03-16,238.0600,
2004-03-17,237.9800,
2004-03-18,238.0200,
2004-03-19,238.0400,
2004-03-20,.,No value available
2004-03-21,.,No value available
2004-03-22,238.0300,
2004-03-23,238.0800,
2004-03-24,238.1000,
2004-03-25,238.1600,
2004-03-26,238.1700,
2004-03-27,.,No value available
2004-03-28,.,No value available
2004-03-29,238.1500,
2004-03-30,238.4000,
2004-03-31,238.3800,
2004-04-01,238.4300,
2004-04-02,238.4800,
2004-04-03,.,No value available
2004-04-04,.,No value available
2004-04-05,238.5000,
2004-04-06,238.5200,
2004-04-07,238.3800,
2004-04-08,238.4100,
2004-04-09,.,No value available
2004-04-10,.,No value available
2004-04-11,.,No value available
2004-04-12,.,No value available
2004-04-13,238.4700,
2004-04-14,238.4700,
2004-04-15,238.5000,
2004-04-16,238.4100,
2004-04-17,.,No value available
2004-04-18,.,No value available
2004-04-19,238.4100,
2004-04-20,238.3800,
2004-04-21,238.3600,
2004-04-22,238.3800,
2004-04-23,238.4600,
2004-04-24,.,No value available
2004-04-25,.,No value available
2004-04-26,238.4000,
2004-04-27,238.4200,
2004-04-28,238.4800,
2004-04-29,238.5500,
2004-04-30,238.6300,
2004-05-01,.,No value available
2004-05-02,.,No value available
2004-05-03,238.5500,
2004-05-04,238.6000,
2004-05-05,238.6800,
2004-05-06,238.6500,
2004-05-07,238.6900,
2004-05-08,.,No value available
2004-05-09,.,No value available
2004-05-10,238.6700,
2004-05-11,238.6800,
2004-05-12,238.7300,
2004-05-13,238.7900,
2004-05-14,238.8000,
2004-05-15,.,No value available
2004-05-16,.,No value available
2004-05-17,238.7400,
2004-05-18,238.7493,
2004-05-19,238.7800,
2004-05-20,238.7500,
2004-05-21,238.6800,
2004-05-22,.,No value available
2004-05-23,.,No value available
2004-05-24,238.7100,
2004-05-25,238.7200,
2004-05-26,238.7700,
2004-05-27,238.8500,
2004-05-28,238.9200,
2004-05-29,.,No value available
2004-05-30,.,No value available
2004-05-31,239.0300,
2004-06-01,239.1200,
2004-06-02,239.1600,
2004-06-03,239.1600,
2004-06-04,239.1600,
2004-06-05,.,No value available
2004-06-06,.,No value available
2004-06-07,239.1400,
2004-06-08,239.1500,
2004-06-09,239.1400,
2004-06-10,239.1400,
2004-06-11,239.1500,
2004-06-12,.,No value available
2004-06-13,.,No value available
2004-06-14,239.1800,
2004-06-15,239.1500,
2004-06-16,239.2300,
2004-06-17,239.2300,
2004-06-18,239.3500,
2004-06-19,.,No value available
2004-06-20,.,No value available
2004-06-21,239.3900,
2004-06-22,239.5000,
2004-06-23,239.5800,
2004-06-24,239.6400,
2004-06-25,239.6400,
2004-06-26,.,No value available
2004-06-27,.,No value available
2004-06-28,239.8500,
2004-06-29,239.8500,
2004-06-30,239.9900,
2004-07-01,239.8500,
2004-07-02,239.8600,
2004-07-03,.,No value available
2004-07-04,.,No value available
2004-07-05,239.8500,
2004-07-06,239.9100,
2004-07-07,239.9000,
2004-07-08,239.8800,
2004-07-09,239.8200,
2004-07-10,.,No value available
2004-07-11,.,No value available
2004-07-12,239.7900,
2004-07-13,239.8600,
2004-07-14,239.8500,
2004-07-15,239.8300,
2004-07-16,239.8700,
2004-07-17,.,No value available
2004-07-18,.,No value available
2004-07-19,239.8800,
2004-07-20,239.8700,
2004-07-21,239.9200,
2004-07-22,240.0200,
2004-07-23,239.9900,
2004-07-24,.,No value available
2004-07-25,.,No value available
2004-07-26,240.0300,
2004-07-27,239.9500,
2004-07-28,239.9600,
2004-07-29,239.9800,
2004-07-30,239.9800,
2004-07-31,.,No value available
2004-08-01,.,No value available
2004-08-02,239.9600,
2004-08-03,240.0000,
2004-08-04,240.0100,
2004-08-05,239.9700,
2004-08-06,239.9700,
2004-08-07,.,No value available
2004-08-08,.,No value available
2004-08-09,240.0100,
2004-08-10,240.0000,
2004-08-11,240.0200,
2004-08-12,240.0100,
2004-08-13,239.9800,
2004-08-14,.,No value available
2004-08-15,.,No value available
2004-08-16,239.9900,
2004-08-17,239.9900,
2004-08-18,240.0200,
2004-08-19,240.0300,
2004-08-20,239.9900,
2004-08-21,.,No value available
2004-08-22,.,No value available
2004-08-23,239.9800,
2004-08-24,239.9800,
2004-08-25,239.9600,
2004-08-26,239.9800,
2004-08-27,240.0000,
2004-08-28,.,No value available
2004-08-29,.,No value available
2004-08-30,239.9500,
2004-08-31,239.9800,
2004-09-01,239.9900,
2004-09-02,239.9800,
2004-09-03,239.9900,
2004-09-04,.,No value available
2004-09-05,.,No value available
2004-09-06,240.0000,
2004-09-07,240.0100,
2004-09-08,239.9900,
2004-09-09,240.0100,
2004-09-10,240.0200,
2004-09-11,.,No value available
2004-09-12,.,No value available
2004-09-13,239.9100,
2004-09-14,239.9600,
2004-09-15,239.9500,
2004-09-16,239.9200,
2004-09-17,239.9500,
2004-09-18,.,No value available
2004-09-19,.,No value available
2004-09-20,239.9400,
2004-09-21,239.9600,
2004-09-22,240.0000,
2004-09-23,239.9900,
2004-09-24,239.9100,
2004-09-25,.,No value available
2004-09-26,.,No value available
2004-09-27,239.9000,
2004-09-28,239.9600,
2004-09-29,239.9700,
2004-09-30,239.9800,
2004-10-01,239.9900,
2004-10-02,.,No value available
2004-10-03,.,No value available
2004-10-04,239.9600,
2004-10-05,240.0100,
2004-10-06,240.0200,
2004-10-07,239.9700,
2004-10-08,239.9200,
2004-10-09,.,No value available
2004-10-10,.,No value available
2004-10-11,239.9100,
2004-10-12,239.9500,
2004-10-13,239.9600,
2004-10-14,239.9200,
2004-10-15,239.8900,
2004-10-16,.,No value available
2004-10-17,.,No value available
2004-10-18,239.9000,
2004-10-19,239.9000,
2004-10-20,239.8800,
2004-10-21,239.9000,
2004-10-22,239.8300,
2004-10-23,.,No value available
2004-10-24,.,No value available
2004-10-25,239.8100,
2004-10-26,239.8000,
2004-10-27,239.8100,
2004-10-28,239.8900,
2004-10-29,239.8200,
2004-10-30,.,No value available
2004-10-31,.,No value available
2004-11-01,239.8200,
2004-11-02,239.7700,
2004-11-03,239.7800,
2004-11-04,239.8100,
2004-11-05,239.8000,
2004-11-06,.,No value available
2004-11-07,.,No value available
2004-11-08,239.7800,
2004-11-09,239.7700,
2004-11-10,239.7800,
2004-11-11,239.8000,
2004-11-12,239.7800,
2004-11-13,.,No value available
2004-11-14,.,No value available
2004-11-15,239.7700,
2004-11-16,239.7800,
2004-11-17,239.7900,
2004-11-18,239.7900,
2004-11-19,239.8000,
2004-11-20,.,No value available
2004-11-21,.,No value available
2004-11-22,239.7900,
2004-11-23,239.7800,
2004-11-24,239.7900,
2004-11-25,239.7900,
2004-11-26,239.7800,
2004-11-27,.,No value available
2004-11-28,.,No value available
2004-11-29,239.7900,
2004-11-30,239.8200,
2004-12-01,239.8300,
2004-12-02,239.7900,
2004-12-03,239.8100,
2004-12-04,.,No value available
2004-12-05,.,No value available
2004-12-06,239.8400,
2004-12-07,239.8600,
2004-12-08,239.8700,
2004-12-09,239.8600,
2004-12-10,239.8700,
2004-12-11,.,No value available
2004-12-12,.,No value available
2004-12-13,239.8400,
2004-12-14,239.7600,
2004-12-15,239.8300,
2004-12-16,239.7800,
2004-12-17,239.7900,
2004-12-18,.,No value available
2004-12-19,.,No value available
2004-12-20,239.7800,
2004-12-21,239.7900,
2004-12-22,239.7300,
2004-12-23,239.7900,
2004-12-24,239.7800,
2004-12-25,.,No value available
2004-12-26,.,No value available
2004-12-27,239.7700,
2004-12-28,239.7600,
2004-12-29,239.7400,
2004-12-30,239.7400,
2004-12-31,239.7600,
2005-01-01,.,No value available
2005-01-02,.,No value available
2005-01-03,239.7800,
2005-01-04,239.7800,
2005-01-05,239.7700,
2005-01-06,239.7800,
2005-01-07,239.7700,
2005-01-08,.,No value available
2005-01-09,.,No value available
2005-01-10,239.7800,
2005-01-11,239.7900,
2005-01-12,239.7700,
2005-01-13,239.7700,
2005-01-14,239.7700,
2005-01-15,.,No value available
2005-01-16,.,No value available
2005-01-17,239.7700,
2005-01-18,239.7500,
2005-01-19,239.7800,
2005-01-20,239.7600,
2005-01-21,239.7700,
2005-01-22,.,No value available
2005-01-23,.,No value available
2005-01-24,239.7700,
2005-01-25,239.7500,
2005-01-26,239.7700,
2005-01-27,239.7800,
2005-01-28,239.7800,
2005-01-29,.,No value available
2005-01-30,.,No value available
2005-01-31,239.7700,
2005-02-01,239.7500,
2005-02-02,239.7200,
2005-02-03,239.7200,
2005-02-04,239.7200,
2005-02-05,.,No value available
2005-02-06,.,No value available
2005-02-07,239.7300,
2005-02-08,239.7500,
2005-02-09,239.7400,
2005-02-10,239.7400,
2005-02-11,239.7500,
2005-02-12,.,No value available
2005-02-13,.,No value available
2005-02-14,239.7500,
2005-02-15,239.7300,
2005-02-16,239.7500,
2005-02-17,239.7600,
2005-02-18,239.7500,
2005-02-19,.,No value available
2005-02-20,.,No value available
2005-02-21,239.7500,
2005-02-22,239.7400,
2005-02-23,239.7300,
2005-02-24,239.7200,
2005-02-25,239.7100,
2005-02-26,.,No value available
2005-02-27,.,No value available
2005-02-28,239.7000,
2005-03-01,239.7100,
2005-03-02,239.7300,
2005-03-03,239.7300,
2005-03-04,239.6900,
2005-03-05,.,No value available
2005-03-06,.,No value available
2005-03-07,239.6900,
2005-03-08,239.6900,
2005-03-09,239.7300,
2005-03-10,239.7000,
2005-03-11,239.7200,
2005-03-12,.,No value available
2005-03-13,.,No value available
2005-03-14,239.7000,
2005-03-15,239.6900,
2005-03-16,239.7000,
2005-03-17,239.6800,
2005-03-18,239.7000,
2005-03-19,.,No value available
2005-03-20,.,No value available
2005-03-21,239.6900,
2005-03-22,239.6800,
2005-03-23,239.6700,
2005-03-24,239.6800,
2005-03-25,.,No value available
2005-03-26,.,No value available
2005-03-27,.,No value available
2005-03-28,.,No value available
2005-03-29,239.7100,
2005-03-30,239.7000,
2005-03-31,239.7300,
2005-04-01,239.7000,
2005-04-02,.,No value available
2005-04-03,.,No value available
2005-04-04,239.6800,
2005-04-05,239.7000,
2005-04-06,239.6800,
2005-04-07,239.7000,
2005-04-08,239.7200,
2005-04-09,.,No value available
2005-04-10,.,No value available
2005-04-11,239.7200,
2005-04-12,239.7100,
2005-04-13,239.6900,
2005-04-14,239.7000,
2005-04-15,239.6700,
2005-04-16,.,No value available
2005-04-17,.,No value available
2005-04-18,239.6100,
2005-04-19,239.6300,
2005-04-20,239.6100,
2005-04-21,239.6100,
2005-04-22,239.6100,
2005-04-23,.,No value available
2005-04-24,.,No value available
2005-04-25,239.6100,
2005-04-26,239.6100,
2005-04-27,239.6100,
2005-04-28,239.5800,
2005-04-29,239.5800,
2005-04-30,.,No value available
2005-05-01,.,No value available
2005-05-02,239.5800,
2005-05-03,239.5500,
2005-05-04,239.4800,
2005-05-05,239.5300,
2005-05-06,239.5300,
2005-05-07,.,No value available
2005-05-08,.,No value available
2005-05-09,239.5000,
2005-05-10,239.5100,
2005-05-11,239.5100,
2005-05-12,239.5200,
2005-05-13,239.5000,
2005-05-14,.,No value available
2005-05-15,.,No value available
2005-05-16,239.4900,
2005-05-17,239.5000,
2005-05-18,239.5000,
2005-05-19,239.5200,
2005-05-20,239.5000,
2005-05-21,.,No value available
2005-05-22,.,No value available
2005-05-23,239.5000,
2005-05-24,239.4800,
2005-05-25,239.5200,
2005-05-26,239.5200,
2005-05-27,239.5300,
2005-05-28,.,No value available
2005-05-29,.,No value available
2005-05-30,239.5200,
2005-05-31,239.4800,
2005-06-01,239.5000,
2005-06-02,239.5000,
2005-06-03,239.5000,
2005-06-04,.,No value available
2005-06-05,.,No value available
2005-06-06,239.4700,
2005-06-07,239.5200,
2005-06-08,239.5200,
2005-06-09,239.4900,
2005-06-10,239.5100,
2005-06-11,.,No value available
2005-06-12,.,No value available
2005-06-13,239.4300,
2005-06-14,239.4300,
2005-06-15,239.4100,
2005-06-16,239.4300,
2005-06-17,239.4300,
2005-06-18,.,No value available
2005-06-19,.,No value available
2005-06-20,239.5300,
2005-06-21,239.4400,
2005-06-22,239.4500,
2005-06-23,239.4300,
2005-06-24,239.4300,
2005-06-25,.,No value available
2005-06-26,.,No value available
2005-06-27,239.4600,
2005-06-28,239.4400,
2005-06-29,239.4600,
2005-06-30,239.4700,
2005-07-01,239.4500,
2005-07-02,.,No value available
2005-07-03,.,No value available
2005-07-04,239.4500,
2005-07-05,239.4400,
2005-07-06,239.4500,
2005-07-07,239.4600,
2005-07-08,239.4800,
2005-07-09,.,No value available
2005-07-10,.,No value available
2005-07-11,239.4800,
2005-07-12,239.4600,
2005-07-13,239.4700,
2005-07-14,239.4600,
2005-07-15,239.4600,
2005-07-16,.,No value available
2005-07-17,.,No value available
2005-07-18,239.4800,
2005-07-19,239.4800,
2005-07-20,239.5000,
2005-07-21,239.5000,
2005-07-22,239.4900,
2005-07-23,.,No value available
2005-07-24,.,No value available
2005-07-25,239.5200,
2005-07-26,239.5300,
2005-07-27,239.5200,
2005-07-28,239.5100,
2005-07-29,239.5100,
2005-07-30,.,No value available
2005-07-31,.,No value available
2005-08-01,239.4900,
2005-08-02,239.5100,
2005-08-03,239.5100,
2005-08-04,239.5200,
2005-08-05,239.5300,
2005-08-06,.,No value available
2005-08-07,.,No value available
2005-08-08,239.5200,
2005-08-09,239.5600,
2005-08-10,239.5300,
2005-08-11,239.4900,
2005-08-12,239.5100,
2005-08-13,.,No value available
2005-08-14,.,No value available
2005-08-15,239.5100,
2005-08-16,239.5100,
2005-08-17,239.5000,
2005-08-18,239.5000,
2005-08-19,239.5000,
2005-08-20,.,No value available
2005-08-21,.,No value available
2005-08-22,239.4900,
2005-08-23,239.5100,
2005-08-24,239.5100,
2005-08-25,239.5000,
2005-08-26,239.5200,
2005-08-27,.,No value available
2005-08-28,.,No value available
2005-08-29,239.5000,
2005-08-30,239.5000,
2005-08-31,239.5000,
2005-09-01,239.5100,
2005-09-02,239.4600,
2005-09-03,.,No value available
2005-09-04,.,No value available
2005-09-05,239.4900,
2005-09-06,239.4700,
2005-09-07,239.4200,
2005-09-08,239.4100,
2005-09-09,239.4200,
2005-09-10,.,No value available
2005-09-11,.,No value available
2005-09-12,239.4400,
2005-09-13,239.4300,
2005-09-14,239.4700,
2005-09-15,239.4700,
2005-09-16,239.4600,
2005-09-17,.,No value available
2005-09-18,.,No value available
2005-09-19,239.4800,
2005-09-20,239.4900,
2005-09-21,239.4800,
2005-09-22,239.4800,
2005-09-23,239.4800,
2005-09-24,.,No value available
2005-09-25,.,No value available
2005-09-26,239.5100,
2005-09-27,239.5100,
2005-09-28,239.5100,
2005-09-29,239.5300,
2005-09-30,239.5200,
2005-10-01,.,No value available
2005-10-02,.,No value available
2005-10-03,239.5200,
2005-10-04,239.5400,
2005-10-05,239.5300,
2005-10-06,239.5500,
2005-10-07,239.5300,
2005-10-08,.,No value available
2005-10-09,.,No value available
2005-10-10,239.5600,
2005-10-11,239.5200,
2005-10-12,239.5200,
2005-10-13,239.5200,
2005-10-14,239.5100,
2005-10-15,.,No value available
2005-10-16,.,No value available
2005-10-17,239.5300,
2005-10-18,239.5200,
2005-10-19,239.5200,
2005-10-20,239.5200,
2005-10-21,239.5000,
2005-10-22,.,No value available
2005-10-23,.,No value available
2005-10-24,239.5400,
2005-10-25,239.5300,
2005-10-26,239.5200,
2005-10-27,239.5100,
2005-10-28,239.5300,
2005-10-29,.,No value available
2005-10-30,.,No value available
2005-10-31,239.5100,
2005-11-01,239.5100,
2005-11-02,239.5000,
2005-11-03,239.5000,
2005-11-04,239.4900,
2005-11-05,.,No value available
2005-11-06,.,No value available
2005-11-07,239.5100,
2005-11-08,239.5200,
2005-11-09,239.4800,
2005-11-10,239.5200,
2005-11-11,239.5000,
2005-11-12,.,No value available
2005-11-13,.,No value available
2005-11-14,239.5000,
2005-11-15,239.5000,
2005-11-16,239.5000,
2005-11-17,239.5100,
2005-11-18,239.5200,
2005-11-19,.,No value available
2005-11-20,.,No value available
2005-11-21,239.5100,
2005-11-22,239.5200,
2005-11-23,239.5400,
2005-11-24,239.5100,
2005-11-25,239.5300,
2005-11-26,.,No value available
2005-11-27,.,No value available
2005-11-28,239.5100,
2005-11-29,239.5000,
2005-11-30,239.5000,
2005-12-01,239.4800,
2005-12-02,239.5100,
2005-12-03,.,No value available
2005-12-04,.,No value available
2005-12-05,239.5200,
2005-12-06,239.5400,
2005-12-07,239.5100,
2005-12-08,239.5000,
2005-12-09,239.5100,
2005-12-10,.,No value available
2005-12-11,.,No value available
2005-12-12,239.5100,
2005-12-13,239.5000,
2005-12-14,239.5200,
2005-12-15,239.4900,
2005-12-16,239.5000,
2005-12-17,.,No value available
2005-12-18,.,No value available
2005-12-19,239.4900,
2005-12-20,239.5200,
2005-12-21,239.5100,
2005-12-22,239.5000,
2005-12-23,239.5000,
2005-12-24,.,No value available
2005-12-25,.,No value available
2005-12-26,.,No value available
2005-12-27,239.5100,
2005-12-28,239.5000,
2005-12-29,239.5100,
2005-12-30,239.5000,
2005-12-31,.,No value available
2006-01-01,.,No value available
2006-01-02,239.5000,
2006-01-03,239.5000,
2006-01-04,239.5100,
2006-01-05,239.5100,
2006-01-06,239.4900,
2006-01-07,.,No value available
2006-01-08,.,No value available
2006-01-09,239.4900,
2006-01-10,239.4900,
2006-01-11,239.4800,
2006-01-12,239.5000,
2006-01-13,239.4900,
2006-01-14,.,No value available
2006-01-15,.,No value available
2006-01-16,239.5100,
2006-01-17,239.4800,
2006-01-18,239.4800,
2006-01-19,239.4700,
2006-01-20,239.4700,
2006-01-21,.,No value available
2006-01-22,.,No value available
2006-01-23,239.4700,
2006-01-24,239.4900,
2006-01-25,239.4600,
2006-01-26,239.4700,
2006-01-27,239.5100,
2006-01-28,.,No value available
2006-01-29,.,No value available
2006-01-30,239.4700,
2006-01-31,239.4700,
2006-02-01,239.4700,
2006-02-02,239.4700,
2006-02-03,239.4600,
2006-02-04,.,No value available
2006-02-05,.,No value available
2006-02-06,239.4900,
2006-02-07,239.4900,
2006-02-08,239.4900,
2006-02-09,239.4700,
2006-02-10,239.5000,
2006-02-11,.,No value available
2006-02-12,.,No value available
2006-02-13,239.5000,
2006-02-14,239.5100,
2006-02-15,239.4900,
2006-02-16,239.4700,
2006-02-17,239.4600,
2006-02-18,.,No value available
2006-02-19,.,No value available
2006-02-20,239.4800,
2006-02-21,239.4700,
2006-02-22,239.4900,
2006-02-23,239.5000,
2006-02-24,239.4900,
2006-02-25,.,No value available
2006-02-26,.,No value available
2006-02-27,239.5100,
2006-02-28,239.4900,
2006-03-01,239.5000,
2006-03-02,239.5000,
2006-03-03,239.5000,
2006-03-04,.,No value available
2006-03-05,.,No value available
2006-03-06,239.5100,
2006-03-07,239.5200,
2006-03-08,239.5400,
2006-03-09,239.5400,
2006-03-10,239.5600,
2006-03-11,.,No value available
2006-03-12,.,No value available
2006-03-13,239.5600,
2006-03-14,239.5600,
2006-03-15,239.5500,
2006-03-16,239.5300,
2006-03-17,239.5300,
2006-03-18,.,No value available
2006-03-19,.,No value available
2006-03-20,239.5400,
2006-03-21,239.5700,
2006-03-22,239.5400,
2006-03-23,239.6000,
2006-03-24,239.5600,
2006-03-25,.,No value available
2006-03-26,.,No value available
2006-03-27,239.5900,
2006-03-28,239.5900,
2006-03-29,239.6000,
2006-03-30,239.6100,
2006-03-31,239.5600,
2006-04-01,.,No value available
2006-04-02,.,No value available
2006-04-03,239.5900,
2006-04-04,239.6200,
2006-04-05,239.6200,
2006-04-06,239.6300,
2006-04-07,239.6300,
2006-04-08,.,No value available
2006-04-09,.,No value available
2006-04-10,239.6300,
2006-04-11,239.5800,
2006-04-12,239.6100,
2006-04-13,239.6100,
2006-04-14,.,No value available
2006-04-15,.,No value available
2006-04-16,.,No value available
2006-04-17,.,No value available
2006-04-18,239.6000,
2006-04-19,239.5900,
2006-04-20,239.6100,
2006-04-21,239.6000,
2006-04-22,.,No value available
2006-04-23,.,No value available
2006-04-24,239.6100,
2006-04-25,239.5800,
2006-04-26,239.5800,
2006-04-27,239.5800,
2006-04-28,239.6100,
2006-04-29,.,No value available
2006-04-30,.,No value available
2006-05-01,.,No value available
2006-05-02,239.6100,
2006-05-03,239.5800,
2006-05-04,239.5900,
2006-05-05,239.6200,
2006-05-06,.,No value available
2006-05-07,.,No value available
2006-05-08,239.6300,
2006-05-09,239.6300,
2006-05-10,239.6600,
2006-05-11,239.6800,
2006-05-12,239.6500,
2006-05-13,.,No value available
2006-05-14,.,No value available
2006-05-15,239.6200,
2006-05-16,239.6500,
2006-05-17,239.6500,
2006-05-18,239.6200,
2006-05-19,239.6100,
2006-05-20,.,No value available
2006-05-21,.,No value available
2006-05-22,239.6200,
2006-05-23,239.6100,
2006-05-24,239.6400,
2006-05-25,239.6300,
2006-05-26,239.6300,
2006-05-27,.,No value available
2006-05-28,.,No value available
2006-05-29,239.6400,
2006-05-30,239.6400,
2006-05-31,239.6500,
2006-06-01,239.6400,
2006-06-02,239.6600,
2006-06-03,.,No value available
2006-06-04,.,No value available
2006-06-05,239.6600,
2006-06-06,239.6600,
2006-06-07,239.6700,
2006-06-08,239.6500,
2006-06-09,239.6500,
2006-06-10,.,No value available
2006-06-11,.,No value available
2006-06-12,239.6600,
2006-06-13,239.6400,
2006-06-14,239.6400,
2006-06-15,239.6500,
2006-06-16,239.6300,
2006-06-17,.,No value available
2006-06-18,.,No value available
2006-06-19,239.6400,
2006-06-20,239.6400,
2006-06-21,239.6400,
2006-06-22,239.6600,
2006-06-23,239.6500,
2006-06-24,.,No value available
2006-06-25,.,No value available
2006-06-26,239.6500,
2006-06-27,239.6500,
2006-06-28,239.6400,
2006-06-29,239.6200,
2006-06-30,239.6300,
2006-07-01,.,No value available
2006-07-02,.,No value available
2006-07-03,239.6400,
2006-07-04,239.6400,
2006-07-05,239.6400,
2006-07-06,239.6800,
2006-07-07,239.6600,
2006-07-08,.,No value available
2006-07-09,.,No value available
2006-07-10,239.6500,
2006-07-11,239.6400,
2006-07-12,239.6400,
2006-07-13,239.6400,
2006-07-14,239.6400,
2006-07-15,.,No value available
2006-07-16,.,No value available
2006-07-17,239.6300,
2006-07-18,239.6300,
2006-07-19,239.6400,
2006-07-20,239.6400,
2006-07-21,239.6400,
2006-07-22,.,No value available
2006-07-23,.,No value available
2006-07-24,239.6500,
2006-07-25,239.6500,
2006-07-26,239.6500,
2006-07-27,239.6700,
2006-07-28,239.6500,
2006-07-29,.,No value available
2006-07-30,.,No value available
2006-07-31,239.6600,
2006-08-01,239.6700,
2006-08-02,239.6500,
2006-08-03,239.6500,
2006-08-04,239.6600,
2006-08-05,.,No value available
2006-08-06,.,No value available
2006-08-07,239.6700,
2006-08-08,239.6700,
2006-08-09,239.6700,
2006-08-10,239.6500,
2006-08-11,239.6400,
2006-08-12,.,No value available
2006-08-13,.,No value available
2006-08-14,239.6200,
2006-08-15,239.6200,
2006-08-16,239.6200,
2006-08-17,239.6300,
2006-08-18,239.6000,
2006-08-19,.,No value available
2006-08-20,.,No value available
2006-08-21,239.5800,
2006-08-22,239.5900,
2006-08-23,239.5900,
2006-08-24,239.5900,
2006-08-25,239.5800,
2006-08-26,.,No value available
2006-08-27,.,No value available
2006-08-28,239.6000,
2006-08-29,239.5900,
2006-08-30,239.5800,
2006-08-31,239.5700,
2006-09-01,239.5700,
2006-09-02,.,No value available
2006-09-03,.,No value available
2006-09-04,239.6100,
2006-09-05,239.5700,
2006-09-06,239.5900,
2006-09-07,239.5900,
2006-09-08,239.5900,
2006-09-09,.,No value available
2006-09-10,.,No value available
2006-09-11,239.5900,
2006-09-12,239.5900,
2006-09-13,239.5900,
2006-09-14,239.6000,
2006-09-15,239.5900,
2006-09-16,.,No value available
2006-09-17,.,No value available
2006-09-18,239.5800,
2006-09-19,239.5800,
2006-09-20,239.5900,
2006-09-21,239.6100,
2006-09-22,239.6000,
2006-09-23,.,No value available
2006-09-24,.,No value available
2006-09-25,239.6000,
2006-09-26,239.5900,
2006-09-27,239.5900,
2006-09-28,239.5900,
2006-09-29,239.5900,
2006-09-30,.,No value available
2006-10-01,.,No value available
2006-10-02,239.5800,
2006-10-03,239.5100,
2006-10-04,239.6000,
2006-10-05,239.6000,
2006-10-06,239.6300,
2006-10-07,.,No value available
2006-10-08,.,No value available
2006-10-09,239.6000,
2006-10-10,239.6000,
2006-10-11,239.6000,
2006-10-12,239.5900,
2006-10-13,239.5600,
2006-10-14,.,No value available
2006-10-15,.,No value available
2006-10-16,239.5700,
2006-10-17,239.5700,
2006-10-18,239.5800,
2006-10-19,239.6800,
2006-10-20,239.5700,
2006-10-21,.,No value available
2006-10-22,.,No value available
2006-10-23,239.6100,
2006-10-24,239.6000,
2006-10-25,239.6000,
2006-10-26,239.6000,
2006-10-27,239.6200,
2006-10-28,.,No value available
2006-10-29,.,No value available
2006-10-30,239.6200,
2006-10-31,239.6100,
2006-11-01,239.5100,
2006-11-02,239.6000,
2006-11-03,239.6200,
2006-11-04,.,No value available
2006-11-05,.,No value available
2006-11-06,239.6300,
2006-11-07,239.6100,
2006-11-08,239.6500,
2006-11-09,239.6500,
2006-11-10,239.6800,
2006-11-11,.,No value available
2006-11-12,.,No value available
2006-11-13,239.6200,
2006-11-14,239.6600,
2006-11-15,239.5800,
2006-11-16,239.6400,
2006-11-17,239.6800,
2006-11-18,.,No value available
2006-11-19,.,No value available
2006-11-20,239.6600,
2006-11-21,239.6600,
2006-11-22,239.6600,
2006-11-23,239.6600,
2006-11-24,239.6600,
2006-11-25,.,No value available
2006-11-26,.,No value available
2006-11-27,239.6600,
2006-11-28,239.6700,
2006-11-29,239.6500,
2006-11-30,239.6600,
2006-12-01,239.6300,
2006-12-02,.,No value available
2006-12-03,.,No value available
2006-12-04,239.6700,
2006-12-05,239.6600,
2006-12-06,239.6600,
2006-12-07,239.6700,
2006-12-08,239.6600,
2006-12-09,.,No value available
2006-12-10,.,No value available
2006-12-11,239.6800,
2006-12-12,239.6700,
2006-12-13,239.6800,
2006-12-14,239.6500,
2006-12-15,239.6600,
2006-12-16,.,No value available
2006-12-17,.,No value available
2006-12-18,239.6600,
2006-12-19,239.6400,
2006-12-20,239.6600,
2006-12-21,239.6900,
2006-12-22,239.6600,
2006-12-23,.,No value available
2006-12-24,.,No value available
2006-12-25,.,No value available
2006-12-26,.,No value available
2006-12-27,239.6500,
2006-12-28,239.6400,
2006-12-29,239.6400,
2006-12-30,.,No value available
2006-12-31,.,No value available
